<?xml version="1.0" encoding="UTF-8" ?>
<!DOCTYPE mapper PUBLIC "-//mybatis.org//DTD Mapper 3.0//EN" "http://mybatis.org/dtd/mybatis-3-mapper.dtd" >
<mapper namespace="com.spring.scenic.system.infrastructure.AuthUserMapper" >
  
  <!-- 用户信息 -->
  <resultMap id="BaseResultMapAuthUser" type="com.spring.scenic.system.domain.AuthUser" >
    <id column="ID" property="id" jdbcType="DECIMAL" />
    <result column="USERNAME" property="username" jdbcType="VARCHAR" />
    <result column="PASSWORD" property="password" jdbcType="VARCHAR" />
    <result column="TRUENAME" property="truename" jdbcType="VARCHAR" />
    <result column="TEL" property="tel" jdbcType="VARCHAR" />
    <result column="PHONE" property="phone" jdbcType="DECIMAL" />
    <result column="EMAIL" property="email" jdbcType="VARCHAR" />
    <result column="FAX" property="fax" jdbcType="VARCHAR" />
    <result column="VALID" property="valid" jdbcType="DECIMAL" />
    <result column="SEX" property="sex" jdbcType="DECIMAL" />
    <result column="LOGIN_IP" property="loginIp" jdbcType="VARCHAR" />
    <result column="LOGIN_DATE" property="loginDate" jdbcType="TIMESTAMP" />
    <result column="REMARKS" property="remarks" jdbcType="VARCHAR" />
    <result column="GUID" property="guid" jdbcType="VARCHAR" />
    <result column="QQ" property="qq" jdbcType="DECIMAL" />
    <result column="WEIXIN" property="weixin" jdbcType="VARCHAR" />
    <result column="TYPE" property="type" jdbcType="DECIMAL" />
    <result column="CREATE_USER" property="createUser" jdbcType="DECIMAL" />
    <result column="CREATE_TIME" property="createTime" jdbcType="TIMESTAMP" />
    <result column="MODIFY_USER" property="modifyUser" jdbcType="DECIMAL" />
    <result column="MODIFY_TIME" property="modifyTime" jdbcType="TIMESTAMP" />
    <result column="DEPARTMENT_ID" property="departmentId" jdbcType="DECIMAL" />
  </resultMap>
  
  <!-- 用户业务字段 -->
  <resultMap id="BaseResultMapAuthUserNameInfo" type="com.spring.scenic.system.domain.AuthUser" extends="BaseResultMapAuthUser">
  	  <result column="departmanetName" property="departmanetName" jdbcType="VARCHAR" />
	  <result column="createUserName" property="createUserName" jdbcType="VARCHAR" />
	  <result column="updateUserName" property="updateUserName" jdbcType="VARCHAR" />
  </resultMap>
  
  <sql id="BaseColumnListAuthUser" >
    t.ID, t.USERNAME, t.PASSWORD, t.TRUENAME, t.TEL, t.PHONE, t.EMAIL, t.FAX, t.VALID, t.SEX, t.LOGIN_IP, t.LOGIN_DATE, 
    t.REMARKS, t.GUID, t.QQ, t.WEIXIN, t.TYPE, t.CREATE_USER, t.CREATE_TIME, t.MODIFY_USER, t.MODIFY_TIME,t.DEPARTMENT_ID
  </sql>
  
  <!-- 角色信息 -->
  <resultMap id="BaseResultMapAuthRole" type="com.spring.scenic.system.domain.AuthRole" >
    <id column="ID" property="id" jdbcType="DECIMAL" />
    <result column="ROLE_NAME" property="roleName" jdbcType="VARCHAR" />
    <result column="VALID" property="valid" jdbcType="DECIMAL" />
    <result column="REMARKS" property="remarks" jdbcType="VARCHAR" />
    <result column="GUID" property="guid" jdbcType="VARCHAR" />
    <result column="ROLE_CODE" property="roleCode" jdbcType="VARCHAR" />
    <result column="CREATE_TIME" property="createTime" jdbcType="TIMESTAMP" />
    <result column="CREATE_USER" property="createUser" jdbcType="DECIMAL" />
    <result column="UPDATE_TIME" property="updateTime" jdbcType="TIMESTAMP" />
    <result column="UPDATE_USER" property="updateUser" jdbcType="DECIMAL" />
  </resultMap>
  
  <sql id="BaseColumnListAuthRole" >
    ID, ROLE_NAME, VALID, REMARKS, GUID, ROLE_CODE, CREATE_TIME, CREATE_USER, 
    UPDATE_TIME, UPDATE_USER
  </sql>

  <!-- 资源信息 -->
  <resultMap id="BaseResultMapAuthResource" type="com.spring.scenic.system.domain.AuthResource" >
    <id column="ID" property="id" jdbcType="DECIMAL" />
    <result column="NAME" property="name" jdbcType="VARCHAR" />
    <result column="URL" property="url" jdbcType="VARCHAR" />
    <result column="PARENT_ID" property="parentId" jdbcType="DECIMAL" />
    <result column="SORT" property="sort" jdbcType="DECIMAL" />
    <result column="VALID" property="valid" jdbcType="DECIMAL" />
    <result column="TYPE" property="type" jdbcType="DECIMAL" />
    <result column="SYSTEMID" property="systemid" jdbcType="DECIMAL" />
    <result column="GUID" property="guid" jdbcType="VARCHAR" />
    <result column="REMARKS" property="remarks" jdbcType="VARCHAR" />
    <result column="CREATE_TIME" property="createTime" jdbcType="TIMESTAMP" />
    <result column="CREATE_USER" property="createUser" jdbcType="DECIMAL" />
    <result column="UPDATE_TIME" property="updateTime" jdbcType="TIMESTAMP" />
    <result column="UPDATE_USER" property="updateUser" jdbcType="DECIMAL" />
  </resultMap>
  
  <sql id="BaseColumnListAuthResource" >
    ID, NAME, URL, PARENT_ID, SORT, VALID, TYPE, SYSTEMID, GUID, REMARKS, CREATE_TIME, 
    CREATE_USER, UPDATE_TIME, UPDATE_USER
  </sql>

  <!-- 根据用户账号查询用户信息 -->
  <select id="getUserByAccount" resultMap="BaseResultMapAuthUser" parameterType="java.lang.String" >
    select 
    <include refid="BaseColumnListAuthUser" />
    from TB_AUTH_USER t
    where  t.VALID = 1 and t.USERNAME = #{username}
  </select>
  
  <!-- 根据用户获取用户角色列表 -->
  <select id="getUserRoleList" resultMap="BaseResultMapAuthRole" parameterType="com.spring.scenic.system.domain.AuthUser" >
    select 
    <include refid="BaseColumnListAuthRole" />
    from TB_AUTH_ROLE r where r.valid=1 and r.id in(
           select ROLE_ID from TB_AUTH_USERROLE ru where ru.USER_ID = #{id}
    )
  </select>
  
  <!-- 根据用户获取用户角色下的资源列表 -->
  <select id="getUserResourceList" resultMap="BaseResultMapAuthResource" parameterType="com.spring.scenic.system.domain.AuthUser">
	select 
	  <include refid="BaseColumnListAuthResource" />
	  from TB_AUTH_RESOURCE r
	 where r.VALID = 1 and r.id in(
	        select p.resource_id from TB_AUTH_PERMISSION p where p.role_id in(
	        	select id from tb_auth_role where id in(
					select ur.role_id from tb_auth_userrole ur where ur.user_id = #{id}
				) and valid = 1
	        )
	 )
  </select>
  
  <!-- 用户指定权限查询:角色是有效的且资源有效 -->
  <select id="getUserResourceListByCode" resultMap="BaseResultMapAuthResource" parameterType="java.util.Map">
	select 
	<include refid="BaseColumnListAuthResource" />
	from tb_auth_resource  t where t.valid = 1 and t.id in 
	(
	  select p.resource_id from tb_auth_permission p where p.role_id in (
	       select id from tb_auth_role where id in(
	       	select ur.role_id from tb_auth_userrole ur where ur.user_id = #{userId}
	       ) and valid = 1
	  )
	) and t.code = #{code}
  </select>
  
  <!-- 查询角色列表 -->
  <select id="getRoleList" resultMap="BaseResultMapAuthRole" parameterType="com.spring.scenic.system.domain.AuthRole" >
	select 
	<include refid="BaseColumnListAuthRole" />
	from TB_AUTH_ROLE t
	where t.VALID = 1
  </select>
	
  <!-- 查询某个资源所需要的角色列表 -->  
  <select id="getRoleListByResource" resultMap="BaseResultMapAuthRole" parameterType="com.spring.scenic.system.domain.AuthResource" >
   	select 
    <include refid="BaseColumnListAuthRole" />
    from TB_AUTH_ROLE t
    where t.VALID = 1 AND t.ID in (select p.role_id from tb_auth_permission p where p.resource_id = #{id,jdbcType=DECIMAL})
  </select>
	
  <!-- 获取系统所有可用资源 -->
  <select id="getResourceList" resultMap="BaseResultMapAuthResource" parameterType="com.spring.scenic.system.domain.AuthResource" >
    select 
    <include refid="BaseColumnListAuthResource" />
    from TB_AUTH_RESOURCE t
    where t.VALID = 1
  </select>
  
  		
</mapper>