<?xml version="1.0" encoding="UTF-8" ?>
<!DOCTYPE mapper PUBLIC "-//mybatis.org//DTD Mapper 3.0//EN" "http://mybatis.org/dtd/mybatis-3-mapper.dtd" >
<mapper namespace="com.spring.scenic.system.infrastructure.AuthUserRoleMapper" >
  <resultMap id="BaseResultMap" type="com.spring.scenic.system.domain.AuthUserRole" >
    <id column="ID" property="id" jdbcType="DECIMAL" />
    <result column="USER_ID" property="userId" jdbcType="DECIMAL" />
    <result column="ROLE_ID" property="roleId" jdbcType="DECIMAL" />
    <result column="CREATE_TIME" property="createTime" jdbcType="TIMESTAMP" />
    <result column="CREATE_USER" property="createUser" jdbcType="DECIMAL" />
    <result column="UPDATE_TIME" property="updateTime" jdbcType="TIMESTAMP" />
    <result column="UPDATE_USER" property="updateUser" jdbcType="DECIMAL" />
    <result column="TRUENAME" property="trueName" jdbcType="VARCHAR" />
    <result column="USERNAME" property="userName" jdbcType="VARCHAR" />
    <result column="VALID" property="valid" jdbcType="DECIMAL" />
    <result column="ROLE_NAME" property="roleName" jdbcType="VARCHAR" />
    <result column="REMARKS" property="remarks" jdbcType="VARCHAR" />
    <result column="ROLE_CODE" property="roleCode" jdbcType="VARCHAR" />
  </resultMap>
  
  <sql id="Base_Column_List" >
    M.ID, M.USER_ID, M.ROLE_ID, M.CREATE_TIME, M.CREATE_USER, M.UPDATE_TIME, M.UPDATE_USER
  </sql>
   <!-- 用户信息 -->
  <sql id="BaseColumnListUserInfo" >
    B.TRUENAME,B.USERNAME,B.VALID 
  </sql>
  <!-- 角色信息 -->
  <sql id="BaseColumnListRoleInfo" >
    C.ROLE_NAME,C.REMARKS,C.ROLE_CODE
  </sql>
  <select id="getRoleUserList" resultMap="BaseResultMap" parameterType="com.spring.scenic.system.domain.AuthUserRole" >
    select 
    <include refid="Base_Column_List" />
    ,
    <include refid="BaseColumnListUserInfo" />
    ,
    <include refid="BaseColumnListRoleInfo" />
    from TB_AUTH_USERROLE M
    left join TB_AUTH_USER B
    on M.USER_ID=B.ID 
    left join TB_AUTH_ROLE C
    on M.ROLE_ID = C.ID
    where 1=1
    <if test="roleId != null" >
     and M.ROLE_ID = #{roleId}   
    </if>
    <if test="userId != null" >
     and M.USER_ID = #{userId}   
    </if>
  </select>
  <!-- 移除角色里用户 -->
  <delete id="deleteRoleUser" parameterType="com.spring.scenic.system.domain.AuthUserRole" >
    delete from TB_AUTH_USERROLE
    where ID = #{id,jdbcType=DECIMAL}
  </delete>
  <!-- 移除用户里的所有角色 -->
  <delete id="deleteUserRoleByUserId" parameterType="com.spring.scenic.system.domain.AuthUserRole" >
    delete from TB_AUTH_USERROLE
    where USER_ID = #{userId,jdbcType=DECIMAL}
  </delete>
  <insert id="insert" parameterType="com.spring.scenic.system.domain.AuthUserRole" >
    <!--
      WARNING - @mbggenerated
      This element is automatically generated by MyBatis Generator, do not modify.
      This element was generated on Tue Dec 20 22:11:23 CST 2016.
    -->
    insert into TB_AUTH_USERROLE (ID, USER_ID, ROLE_ID, 
      CREATE_TIME, CREATE_USER, UPDATE_TIME, 
      UPDATE_USER)
    values (#{id,jdbcType=DECIMAL}, #{userId,jdbcType=DECIMAL}, #{roleId,jdbcType=DECIMAL}, 
      #{createTime,jdbcType=TIMESTAMP}, #{createUser,jdbcType=DECIMAL}, #{updateTime,jdbcType=TIMESTAMP}, 
      #{updateUser,jdbcType=DECIMAL})
  </insert>
  <!-- 批量保存用户角色信息 -->
  <insert id="insertUserRoleByBatch" parameterType="java.util.List" >
  	insert into TB_AUTH_USERROLE (ID,USER_ID,ROLE_ID,CREATE_TIME,CREATE_USER,UPDATE_TIME,UPDATE_USER)
    	SELECT SEQ_TB_AUTH_USERROLE.NEXTVAL, A.* FROM(
	    	<foreach collection="list" item="item" index="index" separator="union all" >
			SELECT #{item.userId}
			<if test="item.roleId!=null">
				,#{item.roleId}
			</if>
			<if test="item.roleId==null">
				,null roleId
			</if>
			
			<if test="item.createTime!=null">
				,#{item.createTime}
			</if>
			<if test="item.createTime==null">
				,null createTime
			</if>
			
			<if test="item.createUser!=null">
				,#{item.createUser}
			</if>
			<if test="item.createUser==null">
				,null createUser
			</if>
			
			<if test="item.updateTime!=null">
				,#{item.updateTime}
			</if>
			<if test="item.updateTime==null">
				,null updateTime
			</if>

			<if test="item.updateUser!=null">
				,#{item.updateUser}
			</if>
			<if test="item.updateUser==null">
				,null updateUser
			</if>
			 FROM dual
			</foreach>
		)A
  </insert>
  <update id="updateByPrimaryKeySelective" parameterType="com.spring.scenic.system.domain.AuthUserRole" >
    <!--
      WARNING - @mbggenerated
      This element is automatically generated by MyBatis Generator, do not modify.
      This element was generated on Tue Dec 20 22:11:23 CST 2016.
    -->
    update TB_AUTH_USERROLE
    <set >
      <if test="userId != null" >
        USER_ID = #{userId,jdbcType=DECIMAL},
      </if>
      <if test="roleId != null" >
        ROLE_ID = #{roleId,jdbcType=DECIMAL},
      </if>
      <if test="createTime != null" >
        CREATE_TIME = #{createTime,jdbcType=TIMESTAMP},
      </if>
      <if test="createUser != null" >
        CREATE_USER = #{createUser,jdbcType=DECIMAL},
      </if>
      <if test="updateTime != null" >
        UPDATE_TIME = #{updateTime,jdbcType=TIMESTAMP},
      </if>
      <if test="updateUser != null" >
        UPDATE_USER = #{updateUser,jdbcType=DECIMAL},
      </if>
    </set>
    where ID = #{id,jdbcType=DECIMAL}
  </update>
  <update id="updateByPrimaryKey" parameterType="com.spring.scenic.system.domain.AuthUserRole" >
    <!--
      WARNING - @mbggenerated
      This element is automatically generated by MyBatis Generator, do not modify.
      This element was generated on Tue Dec 20 22:11:23 CST 2016.
    -->
    update TB_AUTH_USERROLE
    set USER_ID = #{userId,jdbcType=DECIMAL},
      ROLE_ID = #{roleId,jdbcType=DECIMAL},
      CREATE_TIME = #{createTime,jdbcType=TIMESTAMP},
      CREATE_USER = #{createUser,jdbcType=DECIMAL},
      UPDATE_TIME = #{updateTime,jdbcType=TIMESTAMP},
      UPDATE_USER = #{updateUser,jdbcType=DECIMAL}
    where ID = #{id,jdbcType=DECIMAL}
  </update>
  
</mapper>