<?xml version="1.0" encoding="UTF-8"?>
<!DOCTYPE mapper PUBLIC "-//mybatis.org//DTD Mapper 3.0//EN" "http://mybatis.org/dtd/mybatis-3-mapper.dtd">
<mapper namespace="com.spring.scenic.basic.infrastructure.ProvinceMapper">
	
	<sql id="Base_Column_List">
		ID,NAME,COUNTRY_ID countryid
		, EN_NAME enName, VALID valid,
		CREATE_USER creatuser,
		CREATE_DATE createdate,
		UPDATE_USER updateuser, UPDATE_DATE updatedate
	</sql>
	
	<select id="getProvinceInfoList" parameterType="com.spring.scenic.basic.domain.Province"
		resultType="com.spring.scenic.basic.domain.Province">
		 select t.id,
           t.name,
           a.name countryName,
           t.country_id  countryid,
           t.en_name     enName,
           t.valid status,
           a.valid countryValid,
           nvl(c.truename,d.truename) updateName,
           nvl(c.id,d.id) userId,
           nvl(t.update_date,t.create_date) updateDate,
           t.create_date createDate
	      from tb_province t
	      left join tb_auth_user c
	        on t.update_user = c.id
	      left join tb_auth_user d
	        on t.create_user = d.id
	      left join tb_country a
	      on t.country_id = a.id
	     where 1 = 1
		<if test="name != null and name !='' ">
			and t.name like '%' ||TRIM(#{name})|| '%'
		</if>
		<if test="enName != null  and enName !='' ">
			and t.en_name like '%' ||TRIM(#{enName})|| '%'
		</if>
		<if test="status != null">
			and t.valid = #{status}
		</if>
		<if test="countryId != null and countryId != '' ">
			and t.country_id = #{countryId}
		</if>
		order by t.create_date desc
	</select>
	
	<select id="selectProvinceById"	resultType="com.spring.scenic.basic.domain.Province">
		 select t.id,
           t.name,
           t.country_id  countryId,
           t.valid
	      from tb_province t
	    where ID = #{id,jdbcType=DECIMAL}
	</select>
	
	<select id="getProvinceInfoById" parameterType="com.spring.scenic.basic.domain.Province"
		resultType="com.spring.scenic.basic.domain.Province">
		 select t.id,
           t.name,
           t.country_id  countryId,
           t.en_name     enName,
           t.valid
	      from tb_province t
	    where ID = #{id,jdbcType=DECIMAL}
	</select>
	
	<!--查询国家信息，以id,name的形式封装在实体里返回-->
	<select id="getCountryList" 
		resultType="com.spring.scenic.basic.domain.Province">
		 select id ,name,valid status from tb_country 
	</select>
	<!--查询选中国家的省份信息，以id,name的形式封装在实体里返回-->
	<select id="getProvinceList" parameterType="com.spring.scenic.basic.domain.Province"
		resultType="com.spring.scenic.basic.domain.Province">
		select id, name,valid status from tb_province p where 1=1
		<if test="countryId != null ">
			and p.country_id = #{countryId,jdbcType=DECIMAL} 
		</if>
	</select>
	<!--查询所有省份信息，以id,name的形式封装在实体里返回-->
	<select id="selectProvinceList" parameterType="com.spring.scenic.basic.domain.Province"
		resultType="com.spring.scenic.basic.domain.Province">
		select id, name,valid,country_id countryId from tb_province 
	</select>
	<!-- 查询城市信息，以id,name的形式封装在实体里返回 -->
	<select id="getCityList" 
		resultType="com.spring.scenic.basic.domain.Province">
		select id, name,valid status from tb_city 
	</select>
	<!-- 查询选中国家省份下的城市 以id,name的形式封装在实体里返回 -->
	<select id="getCityListByIdParam" parameterType="com.spring.scenic.basic.domain.Province"
		resultType="com.spring.scenic.basic.domain.Province">
		select t.id, t.name,t.valid status from tb_city t
		where 1=1
		<if test="id != null and id != '' ">
			and t.province_id = #{id}
		</if>
		<if test="countryId != null and countryId != '' ">
			and t.country_id = #{countryId}
		</if>
	</select>
	
	<select id="selectByPrimaryKey" parameterType="java.lang.Integer"
		resultType="com.spring.scenic.basic.domain.Province">
		select
		<include refid="Base_Column_List" />
		from TB_Province
		where ID = #{id,jdbcType=DECIMAL}
	</select>
	<delete id="deleteByPrimaryKey" parameterType="java.lang.Integer">
		delete from
		TB_PROVINCE
		where ID = #{id,jdbcType=DECIMAL}
	</delete>
	<update id="updateProvinceStatus" parameterType="com.spring.scenic.basic.domain.Province">
		update
		TB_PROVINCE
		set VALID = #{status,jdbcType=DECIMAL},
		UPDATE_USER = #{updateUser,jdbcType=DECIMAL},
		UPDATE_DATE = #{updateDate,jdbcType=TIMESTAMP}
		where ID = #{id,jdbcType=DECIMAL}
	</update>
	<insert id="addProvinceInfo" parameterType="com.spring.scenic.basic.domain.Province">
		<selectKey keyProperty="id" order="BEFORE" resultType="java.lang.Integer">
			select SEQ_TB_PROVINCE.nextval from dual
		</selectKey>
		 INSERT INTO TB_PROVINCE 
        (ID,
         NAME,
         COUNTRY_ID,
         EN_NAME,
         VALID,
         CREATE_DATE,
		 CREATE_USER)
		values (#{id,jdbcType=DECIMAL},
		#{name,jdbcType=VARCHAR},
		#{countryId,jdbcType=DECIMAL},
		#{enName,jdbcType=VARCHAR},
		#{status,jdbcType=DECIMAL},
		#{createDate,jdbcType=TIMESTAMP}, 
		#{createUser,jdbcType=DECIMAL})
	</insert>
	<update id="updateProvinceInfo" parameterType="com.spring.scenic.basic.domain.Province">
		update
		TB_PROVINCE
		set NAME = #{name,jdbcType=VARCHAR},
		COUNTRY_ID = #{countryId,jdbcType=DECIMAL},
		VALID = #{valid,jdbcType=DECIMAL},
		EN_NAME = #{enName,jdbcType=VARCHAR},
		UPDATE_USER = #{createUser,jdbcType=DECIMAL},
		UPDATE_DATE = #{createDate,jdbcType=TIMESTAMP}
		where ID = #{id,jdbcType=DECIMAL}
	</update>
	<select id="getProvinceCount" parameterType="com.spring.scenic.basic.domain.Province"
	resultType="java.lang.Integer">
		select count(1) from tb_province where name=#{name} and COUNTRY_ID=#{countryId}
		<if test="id != null" >
		 and id != #{id}
	 	</if>
	</select>
</mapper>