<?xml version="1.0" encoding="UTF-8" ?>
<!DOCTYPE mapper PUBLIC "-//mybatis.org//DTD Mapper 3.0//EN" "http://mybatis.org/dtd/mybatis-3-mapper.dtd" >
<mapper namespace="com.spring.scenic.order.infrastructure.OrderMapper" >
  
  <resultMap id="BaseResultMapOrderStatistic" type="com.spring.scenic.order.domain.vo.OrderStatistic" >
  	<result column="STATUS" property="status" jdbcType="DECIMAL" />
  	<result column="COUNT" property="count" jdbcType="DECIMAL" />
  </resultMap>
  
  <resultMap id="BaseResultMapOrder" type="com.spring.scenic.order.domain.Order" >
    <id column="ID" property="id" jdbcType="DECIMAL" />
    <result column="ORDER_NO" property="orderNo" jdbcType="VARCHAR" />
    <result column="THIRD_NO" property="thirdNo" jdbcType="VARCHAR" />
    <result column="THIRD_FROM" property="thirdFrom" jdbcType="VARCHAR" />
    <result column="PRODUCT_NAME" property="productName" jdbcType="VARCHAR" />
    <result column="PRODUCT_CODE" property="productCode" jdbcType="VARCHAR" />
    <result column="PRODUCT_ID" property="productId" jdbcType="DECIMAL" />
    <result column="MEALS_NAME" property="mealsName" jdbcType="VARCHAR" />
    <result column="MEALS_ID" property="mealsId" jdbcType="DECIMAL" />
    <result column="ORDER_STATUS" property="orderStatus" jdbcType="DECIMAL" />
    <result column="PAY_STATUS" property="payStatus" jdbcType="DECIMAL" />
    <result column="LINK_MAN" property="linkMan" jdbcType="VARCHAR" />
    <result column="PHONE" property="phone" jdbcType="VARCHAR" />
    <result column="EMAIL" property="email" jdbcType="VARCHAR" />
    <result column="ORDER_PRICE" property="orderPrice" jdbcType="DECIMAL" />
    <result column="ORDER_COUNT" property="orderCount" jdbcType="DECIMAL" />
    <result column="ORDER_TYPE" property="orderType" jdbcType="DECIMAL" />
    <result column="REMARK" property="remark" jdbcType="VARCHAR" />
    <result column="SELLER_REMARK" property="sellerRemark" jdbcType="VARCHAR" />
    <result column="PRODUCT_PRICE" property="productPrice" jdbcType="DECIMAL" />
    <result column="ADULT_PRICE" property="adultPrice" jdbcType="DECIMAL" />
    <result column="ADULT_COUNT" property="adultCount" jdbcType="DECIMAL" />
    <result column="CHILD_PRICE" property="childPrice" jdbcType="DECIMAL" />
    <result column="CHILD_COUNT" property="childCount" jdbcType="DECIMAL" />
    <result column="SRC" property="src" jdbcType="DECIMAL" />
    <result column="CONFIRM_TIME" property="confirmTime" jdbcType="TIMESTAMP" />
    <result column="USER_KNOW" property="userKnow" jdbcType="VARCHAR" />
    <result column="CREATE_USER" property="createUser" jdbcType="DECIMAL" />
    <result column="CREATE_TIME" property="createTime" jdbcType="TIMESTAMP" />
    <result column="UPDATE_USER" property="updateUser" jdbcType="DECIMAL" />
    <result column="UPDATE_TIME" property="updateTime" jdbcType="TIMESTAMP" />
    <result column="SELLER_ID" property="sellerId" jdbcType="DECIMAL" />
    <result column="MEMBER_ID" property="memberId" jdbcType="DECIMAL" />
    <result column="MEMBER_ACCOUNT" property="memberAccount" jdbcType="VARCHAR" />
    <result column="TRAVEL_TIME" property="travelTime" jdbcType="TIMESTAMP" />
    <result column="NEED_INVOICE" property="needInvoice" jdbcType="DECIMAL" />
    <result column="PAY_PRICE" property="payPrice" jdbcType="DECIMAL" />
    <result column="PAYED_PRICE" property="payedPrice" jdbcType="DECIMAL" />
    <result column="SINGLEROOM_PRICE" property="singleroomPrice" jdbcType="DECIMAL" />
    <result column="MAKE_USER" property="makeUser" jdbcType="DECIMAL" />
    <result column="CANCEL_TIME" property="cancelTime" jdbcType="TIMESTAMP" />
    <association property="product" column="PRODUCT_ID" select="com.spring.scenic.product.infrastructure.ProductMapper.selectByPrimaryKey" />
  	<association property="invoice" column="ORDER_NO" select="com.spring.scenic.order.infrastructure.OrderInvoiceMapper.selectByOrderNo" />
  </resultMap>
  
  <!-- 订单带提醒 -->
  <resultMap id="BaseResultMapOrderWithWarn" extends="BaseResultMapOrder" type="com.spring.scenic.order.domain.Order">
    <result column="WARN" property="warn" jdbcType="DECIMAL" />
  </resultMap>
  
  <!-- 订单带提醒和详细 -->
  <resultMap id="BaseResultMapOrderWithDetail" extends="BaseResultMapOrderWithWarn"  type="com.spring.scenic.order.domain.Order" >
	<collection property="orderPayRecords" column="ORDER_NO" ofType="com.spring.scenic.order.domain.OrderPayRecord" 
		select="com.spring.scenic.order.infrastructure.OrderPayRecordMapper.getOrderPayRecords">  
	</collection>
	<collection property="orderMoneyChanges" column="ORDER_NO" ofType="com.spring.scenic.order.domain.OrderMoneyChangeRec" 
		select="com.spring.scenic.order.infrastructure.OrderMoneyChangeRecMapper.getOrderMoneyChangeRecs">  
	</collection>
  </resultMap>
  
  <sql id="BaseColumnListOrder" >
    ID, ORDER_NO, THIRD_NO, THIRD_FROM, PRODUCT_NAME, PRODUCT_CODE, PRODUCT_ID, MEALS_NAME, MEALS_ID, 
    ORDER_STATUS, PAY_STATUS, LINK_MAN, PHONE, EMAIL, ORDER_PRICE, ORDER_COUNT, ORDER_TYPE, 
    REMARK, SELLER_REMARK, PRODUCT_PRICE, ADULT_PRICE, ADULT_COUNT, CHILD_PRICE, CHILD_COUNT, 
    SRC, CONFIRM_TIME, USER_KNOW, CREATE_USER, CREATE_TIME, UPDATE_USER, UPDATE_TIME,SELLER_ID,
    MEMBER_ID,MEMBER_ACCOUNT,TRAVEL_TIME,NEED_INVOICE,PAY_PRICE,PAYED_PRICE,SINGLEROOM_PRICE,MAKE_USER,CANCEL_TIME,WEIXIN
  </sql>
  
  <!-- 查询单个订单(带提醒 ) -->
  <select id="getOrder" resultMap="BaseResultMapOrderWithDetail" parameterType="com.spring.scenic.order.domain.Order" >
    select 
	    <include refid="BaseColumnListOrder" />
	    ,
	    case
	    when order_status=3 and (pay_status = 1 or pay_status = 2)
	    then case when (sysdate &gt; travel_time or ((travel_time -sysdate) &lt; 2)) then 1 else 0 end
	    else 0 end  as warn
    from TB_ORDER t
    where 1=1
    <if test="id != null" >
      AND ID = #{id,jdbcType=DECIMAL}
    </if>
    <if test="orderNo != null and orderNo !=''" >
      AND ORDER_NO = #{orderNo,jdbcType=VARCHAR}
    </if>
    <if test="memberAccount != null and memberAccount !=''" >
      AND MEMBER_ACCOUNT = #{memberAccount,jdbcType=VARCHAR}
    </if>
    <if test="linkMan != null and linkMan !=''" >
      AND LINK_MAN = #{linkMan,jdbcType=VARCHAR}
    </if>
    <if test="phone != null and phone !=''" >
      AND PHONE = #{phone,jdbcType=VARCHAR}
    </if>
    <if test="productId != null" >
      AND PRODUCT_ID = #{productId,jdbcType=DECIMAL}
    </if>
    <if test="productName != null and productName !=''" >
      AND PRODUCT_NAME = #{productName,jdbcType=VARCHAR}
    </if>
    <if test="createTimeStart != null" >
      AND CREATE_TIME &gt;= #{createTimeStart,jdbcType=TIMESTAMP}
    </if>
    <if test="createTimeEnd != null" >
      AND CREATE_TIME &lt;= #{createTimeStart,jdbcType=TIMESTAMP}
    </if>
    <if test="travelTimeStart != null" >
      AND TRAVEL_TIME &gt;= #{travelTimeStart,jdbcType=TIMESTAMP}
    </if>
    <if test="travelTimeEnd != null" >
      AND TRAVEL_TIME &lt;= #{travelTimeEnd,jdbcType=TIMESTAMP}
    </if>
    <if test="orderStatus != null" >
      AND ORDER_STATUS = #{orderStatus,jdbcType=DECIMAL}
    </if>
    <if test="sellerId != null" >
      AND SELLER_ID = #{sellerId,jdbcType=DECIMAL}
    </if>
    
  </select>
  
  <!-- 查询订单(带提醒 )分页-->
  <select id="getOrderListWithWarn" resultMap="BaseResultMapOrderWithWarn" parameterType="com.spring.scenic.order.domain.Order" >
		  select
	      <include refid="BaseColumnListOrder" />
	      ,
	      case
	      when order_status=3 and (pay_status = 1 or pay_status = 2)
	      then case when (sysdate &gt; travel_time or ((travel_time -sysdate) &lt; 2)) then 1 else 0 end
	      else 0 end  as warn
	from  TB_ORDER t
	where 1=1
    <if test="id != null" >
      AND ID = #{id,jdbcType=DECIMAL}
    </if>
    <if test="orderNo != null and orderNo !=''" >
      AND ORDER_NO = #{orderNo,jdbcType=VARCHAR}
    </if>
    <if test="memberAccount != null and memberAccount !=''" >
      AND MEMBER_ACCOUNT = #{memberAccount,jdbcType=VARCHAR}
    </if>
    <if test="linkMan != null and linkMan !=''" >
      AND LINK_MAN = #{linkMan,jdbcType=VARCHAR}
    </if>
    <if test="phone != null and phone !=''" >
      AND PHONE = #{phone,jdbcType=VARCHAR}
    </if>
    <if test="productId != null" >
      AND PRODUCT_ID = #{productId,jdbcType=DECIMAL}
    </if>
    <if test="productName != null and productName !=''" >
      AND PRODUCT_NAME = #{productName,jdbcType=VARCHAR}
    </if>
    <if test="createTimeStart != null" >
      AND CREATE_TIME &gt;= #{createTimeStart,jdbcType=TIMESTAMP}
    </if>
    <if test="createTimeEnd != null" >
      AND CREATE_TIME &lt;= #{createTimeEnd,jdbcType=TIMESTAMP}
    </if>
    <if test="travelTimeStart != null" >
      AND TRAVEL_TIME &gt;= #{travelTimeStart,jdbcType=TIMESTAMP}
    </if>
    <if test="travelTimeEnd != null" >
      AND TRAVEL_TIME &lt;= #{travelTimeEnd,jdbcType=TIMESTAMP}
    </if>
    <if test="statuses != null" >
      AND ORDER_STATUS in 
      <foreach collection="statuses" item="item" index="index" 
		  open="(" separator="," close=")">#{item}
	  </foreach>
    </if>
    <if test="sellerId != null" >
      AND SELLER_ID = #{sellerId,jdbcType=DECIMAL}
    </if>
    
  </select>
  
  <!-- 查询订单分页 -->
  <select id="getOrderList" resultMap="BaseResultMapOrder" parameterType="com.spring.scenic.order.domain.Order" >
    select 
    <include refid="BaseColumnListOrder" />
    from TB_ORDER
    where 1=1 
    <if test="id != null" >
      AND ID = #{id,jdbcType=DECIMAL}
    </if>
    <if test="orderNo != null and orderNo !=''" >
      AND ORDER_NO = #{orderNo,jdbcType=VARCHAR}
    </if>
    <if test="memberAccount != null and memberAccount !=''" >
      AND MEMBER_ACCOUNT = #{memberAccount,jdbcType=VARCHAR}
    </if>
    <if test="linkMan != null and linkMan !=''" >
      AND LINK_MAN = #{linkMan,jdbcType=VARCHAR}
    </if>
    <if test="phone != null and phone !=''" >
      AND PHONE = #{phone,jdbcType=VARCHAR}
    </if>
    <if test="productId != null" >
      AND PRODUCT_ID = #{productId,jdbcType=DECIMAL}
    </if>
    <if test="productName != null and productName !=''" >
      AND PRODUCT_NAME = #{productName,jdbcType=VARCHAR}
    </if>
    <if test="createTimeStart != null" >
      AND CREATE_TIME &gt;= #{createTimeStart,jdbcType=TIMESTAMP}
    </if>
    <if test="createTimeEnd != null" >
      AND CREATE_TIME &lt;= #{createTimeStart,jdbcType=TIMESTAMP}
    </if>
    <if test="travelTimeStart != null" >
      AND TRAVEL_TIME &gt;= #{travelTimeStart,jdbcType=TIMESTAMP}
    </if>
    <if test="travelTimeEnd != null" >
      AND TRAVEL_TIME &lt;= #{travelTimeEnd,jdbcType=TIMESTAMP}
    </if>
    <if test="orderStatus != null" >
      AND ORDER_STATUS = #{orderStatus,jdbcType=DECIMAL}
    </if>
    <if test="sellerId != null" >
      AND SELLER_ID = #{sellerId,jdbcType=DECIMAL}
    </if>
  </select>
  
  <!-- 获取当天订单各状态统计 -->
  <select id="getOrderStatisticToday" resultMap="BaseResultMapOrderStatistic" parameterType="com.spring.scenic.busi.domain.BusiSellerUser" >
	select nvl(STATUS,0) STATUS,COUNT from (
		select t.order_status STATUS,count(0) COUNT from TB_ORDER t 
		where t.seller_id = #{sellerId} 
		and to_char(t.create_time,'yyyy-MM-dd') = to_char(sysdate,'yyyy-MM-dd') 
		group by rollup(order_status)
	)
  </select>
  
  <!-- 所有订单各状态统计 -->
  <select id="getOrderStatisticTotal" resultMap="BaseResultMapOrderStatistic" parameterType="com.spring.scenic.busi.domain.BusiSellerUser" >
	select t.order_status STATUS,count(0) COUNT from TB_ORDER t 
	where t.seller_id = #{sellerId} 
	group by t.order_status
  </select>
  
  <delete id="deleteByPrimaryKey" parameterType="java.lang.Integer" >
    delete from TB_ORDER
    where ID = #{id,jdbcType=DECIMAL}
  </delete>
  
  <insert id="saveOrder" parameterType="com.spring.scenic.order.domain.Order" >
  <selectKey  keyProperty="id" order="BEFORE" resultType="java.lang.Integer" >
      	SELECT seq_tb_Order.nextval FROM dual
  </selectKey>
    insert into TB_ORDER
    <trim prefix="(" suffix=")" suffixOverrides="," >
      <if test="id != null" >
        ID,
      </if>
      <if test="orderNo != null" >
        ORDER_NO,
      </if>
      <if test="thirdNo != null" >
        THIRD_NO,
      </if>
      <if test="productName != null" >
        PRODUCT_NAME,
      </if>
      <if test="productCode != null" >
        PRODUCT_CODE,
      </if>
      <if test="productId != null" >
        PRODUCT_ID,
      </if>
      <if test="mealsName != null" >
        MEALS_NAME,
      </if>
      <if test="mealsId != null" >
        MEALS_ID,
      </if>
      <if test="orderStatus != null" >
        ORDER_STATUS,
      </if>
      <if test="payStatus != null" >
        PAY_STATUS,
      </if>
      <if test="linkMan != null" >
        LINK_MAN,
      </if>
      <if test="phone != null" >
        PHONE,
      </if>
      <if test="email != null" >
        EMAIL,
      </if>
      <if test="orderPrice != null" >
        order_Price,
      </if>
      <if test="orderCount != null" >
        ORDER_COUNT,
      </if>
      <if test="orderType != null" >
        ORDER_TYPE,
      </if>
      <if test="remark != null" >
        REMARK,
      </if>
      <if test="sellerRemark != null" >
        SELLER_REMARK,
      </if>
      <if test="productPrice != null" >
        PRODUCT_PRICE,
      </if>
      <if test="adultPrice != null" >
        ADULT_PRICE,
      </if>
      <if test="adultCount != null" >
        ADULT_COUNT,
      </if>
      <if test="childPrice != null" >
        CHILD_PRICE,
      </if>
      <if test="childCount != null" >
        CHILD_COUNT,
      </if>
      <if test="src != null" >
        SRC,
      </if>
      <if test="confirmTime != null" >
        CONFIRM_TIME,
      </if>
      <if test="userKnow != null" >
        USER_KNOW,
      </if>
      <if test="createUser != null" >
        CREATE_USER,
      </if>
      <if test="createTime != null" >
        CREATE_TIME,
      </if>
      <if test="updateUser != null" >
        UPDATE_USER,
      </if>
      <if test="updateTime != null" >
        UPDATE_TIME,
      </if>
      
      <if test="sellerId != null" >
        SELLER_ID,
      </if>
      
      <if test="memberId != null" >
        MEMBER_ID,
      </if>
      
      <if test="memberAccount != null" >
        MEMBER_ACCOUNT,
      </if>
      
      <if test="travelTime != null" >
        TRAVEL_TIME,
      </if>
      
      <if test="needInvoice != null" >
        NEED_INVOICE,
      </if>
      
      <if test="payPrice != null" >
        PAY_PRICE,
      </if>
      
      <if test="payedPrice != null" >
        PAYED_PRICE,
      </if>
      
      <if test="singleroomPrice != null" >
        SINGLEROOM_PRICE,
      </if>
      
      <if test="makeUser != null" >
        MAKE_USER,
      </if>
      
      <if test="cancelTime != null" >
        CANCEL_TIME,
      </if>
      <if test="weixin != null" >
        WEIXIN,
      </if>
    </trim>
    <trim prefix="values (" suffix=")" suffixOverrides="," >
      <if test="id != null" >
        #{id,jdbcType=DECIMAL},
      </if>
      <if test="orderNo != null" >
        #{orderNo,jdbcType=VARCHAR},
      </if>
      <if test="thirdNo != null" >
        #{thirdNo,jdbcType=VARCHAR},
      </if>
      <if test="productName != null" >
        #{productName,jdbcType=VARCHAR},
      </if>
      <if test="productCode != null" >
        #{productCode,jdbcType=VARCHAR},
      </if>
      <if test="productId != null" >
        #{productId,jdbcType=DECIMAL},
      </if>
      <if test="mealsName != null" >
        #{mealsName,jdbcType=VARCHAR},
      </if>
      <if test="mealsId != null" >
        #{mealsId,jdbcType=DECIMAL},
      </if>
      <if test="orderStatus != null" >
        #{orderStatus,jdbcType=DECIMAL},
      </if>
      <if test="payStatus != null" >
        #{payStatus,jdbcType=DECIMAL},
      </if>
      <if test="linkMan != null" >
        #{linkMan,jdbcType=VARCHAR},
      </if>
      <if test="phone != null" >
        #{phone,jdbcType=VARCHAR},
      </if>
      <if test="email != null" >
        #{email,jdbcType=VARCHAR},
      </if>
      <if test="orderPrice != null" >
        #{orderPrice,jdbcType=DECIMAL},
      </if>
      <if test="orderCount != null" >
        #{orderCount,jdbcType=DECIMAL},
      </if>
      <if test="orderType != null" >
        #{orderType,jdbcType=DECIMAL},
      </if>
      <if test="remark != null" >
        #{remark,jdbcType=VARCHAR},
      </if>
      <if test="sellerRemark != null" >
        #{sellerRemark,jdbcType=VARCHAR},
      </if>
      <if test="productPrice != null" >
        #{productPrice,jdbcType=DECIMAL},
      </if>
      <if test="adultPrice != null" >
        #{adultPrice,jdbcType=DECIMAL},
      </if>
      <if test="adultCount != null" >
        #{adultCount,jdbcType=DECIMAL},
      </if>
      <if test="childPrice != null" >
        #{childPrice,jdbcType=DECIMAL},
      </if>
      <if test="childCount != null" >
        #{childCount,jdbcType=DECIMAL},
      </if>
      <if test="src != null" >
        #{src,jdbcType=DECIMAL},
      </if>
      <if test="confirmTime != null" >
        #{confirmTime,jdbcType=TIMESTAMP},
      </if>
      <if test="userKnow != null" >
        #{userKnow,jdbcType=VARCHAR},
      </if>
      <if test="createUser != null" >
        #{createUser,jdbcType=DECIMAL},
      </if>
      <if test="createTime != null" >
        #{createTime,jdbcType=TIMESTAMP},
      </if>
      <if test="updateUser != null" >
        #{updateUser,jdbcType=DECIMAL},
      </if>
      <if test="updateTime != null" >
        #{updateTime,jdbcType=TIMESTAMP},
      </if>
      
      <if test="sellerId != null" >
         #{sellerId,jdbcType=DECIMAL},
      </if>
      
      <if test="memberId != null" >
         #{memberId,jdbcType=DECIMAL},
      </if>
      
      <if test="memberAccount != null" >
         #{memberAccount,jdbcType=DECIMAL},
      </if>
      
      <if test="travelTime != null" >
         #{travelTime,jdbcType=TIMESTAMP},
      </if>
      
      <if test="needInvoice != null" >
         #{needInvoice,jdbcType=DECIMAL},
      </if>
      
      <if test="payPrice != null" >
         #{payPrice,jdbcType=DECIMAL},
      </if>
      
      <if test="payedPrice != null" >
         #{payedPrice,jdbcType=DECIMAL},
      </if>
      
      <if test="singleroomPrice != null" >
         #{singleroomPrice,jdbcType=DECIMAL},
      </if>
      
      <if test="makeUser != null" >
         #{makeUser,jdbcType=DECIMAL},
      </if>
      
      <if test="cancelTime != null" >
         #{cancelTime,jdbcType=TIMESTAMP},
      </if>
      <if test="weixin != null" >
       #{weixin,jdbcType=VARCHAR},
      </if>
    </trim>
  </insert>
 
  <!-- 修改订单状态为指定状态 -->
  <update id="updateOrderStatus" parameterType="com.spring.scenic.order.domain.Order" >
  	update TB_ORDER set ORDER_STATUS = #{orderStatus,jdbcType=DECIMAL} where ID = #{id,jdbcType=DECIMAL} 
  </update>
  
  <!-- 修改订单应付金额 -->
  <update id="updateOrderPayPrice" parameterType="com.spring.scenic.order.domain.Order" >
  	update TB_ORDER set PAY_PRICE = #{payPrice,jdbcType=DECIMAL} where ID = #{id,jdbcType=DECIMAL} 
  </update>
  
  <!-- 修改订单备注 -->
  <update id="saveSellerRemark" parameterType="com.spring.scenic.order.domain.Order" >
  	update TB_ORDER set SELLER_REMARK = #{sellerRemark,jdbcType=VARCHAR} where ID = #{id,jdbcType=DECIMAL} 
  </update>
  
  <!-- 根据 -->
  <update id="updateOrderPayInfo" parameterType="com.spring.scenic.order.domain.Order" >
	update TB_ORDER
    set PAYED_PRICE = #{payedPrice,jdbcType=DECIMAL},
    	PAY_STATUS = #{payStatus,jdbcType=DECIMAL}
    where ID = #{id,jdbcType=DECIMAL}
  </update>
  
  <update id="updateOrder" parameterType="com.spring.scenic.order.domain.Order" >
    update TB_ORDER
    set ORDER_NO = #{orderNo,jdbcType=VARCHAR},
      THIRD_NO = #{thirdNo,jdbcType=VARCHAR},
      PRODUCT_NAME = #{productName,jdbcType=VARCHAR},
      PRODUCT_CODE = #{productCode,jdbcType=VARCHAR},
      PRODUCT_ID = #{productId,jdbcType=DECIMAL},
      MEALS_NAME = #{mealsName,jdbcType=VARCHAR},
      MEALS_ID = #{mealsId,jdbcType=DECIMAL},
      ORDER_STATUS = #{orderStatus,jdbcType=DECIMAL},
      PAY_STATUS = #{payStatus,jdbcType=DECIMAL},
      LINK_MAN = #{linkMan,jdbcType=VARCHAR},
      PHONE = #{phone,jdbcType=VARCHAR},
      EMAIL = #{email,jdbcType=VARCHAR},
      order_Price = #{orderPrice,jdbcType=DECIMAL},
      ORDER_COUNT = #{orderCount,jdbcType=DECIMAL},
      ORDER_TYPE = #{orderType,jdbcType=DECIMAL},
      REMARK = #{remark,jdbcType=VARCHAR},
      SELLER_REMARK = #{sellerRemark,jdbcType=VARCHAR},
      PRODUCT_PRICE = #{productPrice,jdbcType=DECIMAL},
      ADULT_PRICE = #{adultPrice,jdbcType=DECIMAL},
      ADULT_COUNT = #{adultCount,jdbcType=DECIMAL},
      CHILD_PRICE = #{childPrice,jdbcType=DECIMAL},
      CHILD_COUNT = #{childCount,jdbcType=DECIMAL},
      SRC = #{src,jdbcType=DECIMAL},
      CONFIRM_TIME = #{confirmTime,jdbcType=TIMESTAMP},
      USER_KNOW = #{userKnow,jdbcType=VARCHAR},
      CREATE_USER = #{createUser,jdbcType=DECIMAL},
      CREATE_TIME = #{createTime,jdbcType=TIMESTAMP},
      UPDATE_USER = #{updateUser,jdbcType=DECIMAL},
      UPDATE_TIME = #{updateTime,jdbcType=TIMESTAMP}
    where ID = #{id,jdbcType=DECIMAL}
  </update>
  
  <resultMap id="BaseResultMapOrderList" type="com.spring.scenic.order.domain.Order" >
    <id column="ID" property="id" jdbcType="DECIMAL" />
    <result column="ORDER_NO" property="orderNo" jdbcType="VARCHAR" />
    <result column="THIRD_NO" property="thirdNo" jdbcType="VARCHAR" />
    <result column="THIRD_FROM" property="thirdFrom" jdbcType="VARCHAR" />
    <result column="PRODUCT_NAME" property="productName" jdbcType="VARCHAR" />
    <result column="PRODUCT_CODE" property="productCode" jdbcType="VARCHAR" />
    <result column="PRODUCT_ID" property="productId" jdbcType="DECIMAL" />
    <result column="MEALS_NAME" property="mealsName" jdbcType="VARCHAR" />
    <result column="MEALS_ID" property="mealsId" jdbcType="DECIMAL" />
    <result column="ORDER_STATUS" property="orderStatus" jdbcType="DECIMAL" />
    <result column="PAY_STATUS" property="payStatus" jdbcType="DECIMAL" />
    <result column="LINK_MAN" property="linkMan" jdbcType="VARCHAR" />
    <result column="PHONE" property="phone" jdbcType="VARCHAR" />
    <result column="EMAIL" property="email" jdbcType="VARCHAR" />
    <result column="ORDER_PRICE" property="orderPrice" jdbcType="DECIMAL" />
    <result column="ORDER_COUNT" property="orderCount" jdbcType="DECIMAL" />
    <result column="ORDER_TYPE" property="orderType" jdbcType="DECIMAL" />
    <result column="REMARK" property="remark" jdbcType="VARCHAR" />
    <result column="SELLER_REMARK" property="sellerRemark" jdbcType="VARCHAR" />
    <result column="PRODUCT_PRICE" property="productPrice" jdbcType="DECIMAL" />
    <result column="ADULT_PRICE" property="adultPrice" jdbcType="DECIMAL" />
    <result column="ADULT_COUNT" property="adultCount" jdbcType="DECIMAL" />
    <result column="CHILD_PRICE" property="childPrice" jdbcType="DECIMAL" />
    <result column="CHILD_COUNT" property="childCount" jdbcType="DECIMAL" />
    <result column="SRC" property="src" jdbcType="DECIMAL" />
    <result column="CONFIRM_TIME" property="confirmTime" jdbcType="TIMESTAMP" />
    <result column="USER_KNOW" property="userKnow" jdbcType="VARCHAR" />
    <result column="CREATE_USER" property="createUser" jdbcType="DECIMAL" />
    <result column="CREATE_TIME" property="createTime" jdbcType="TIMESTAMP" />
    <result column="UPDATE_USER" property="updateUser" jdbcType="DECIMAL" />
    <result column="UPDATE_TIME" property="updateTime" jdbcType="TIMESTAMP" />
    <result column="SELLER_ID" property="sellerId" jdbcType="DECIMAL" />
    <result column="MEMBER_ID" property="memberId" jdbcType="DECIMAL" />
    <result column="MEMBER_ACCOUNT" property="memberAccount" jdbcType="VARCHAR" />
    <result column="TRAVEL_TIME" property="travelTime" jdbcType="TIMESTAMP" />
    <result column="NEED_INVOICE" property="needInvoice" jdbcType="DECIMAL" />
    <result column="PAY_PRICE" property="payPrice" jdbcType="DECIMAL" />
    <result column="PAYED_PRICE" property="payedPrice" jdbcType="DECIMAL" />
    <result column="SINGLEROOM_PRICE" property="singleroomPrice" jdbcType="DECIMAL" />
    <result column="MAKE_USER" property="makeUser" jdbcType="DECIMAL" />
    <result column="WEIXIN" property="weixin" jdbcType="VARCHAR" />
    <result column="CANCEL_TIME" property="cancelTime" jdbcType="TIMESTAMP" />
    <result column="FILE_URL" property="fileUrl" jdbcType="VARCHAR" />
    <association property="product" column="PRODUCT_ID" select="com.spring.scenic.product.infrastructure.ProductMapper.selectByPrimaryKey" />
    <association property="memberDetailInfos" column="id" select="com.spring.scenic.order.infrastructure.OrderLinkmanRefMapper.selectByOrderId" />
  </resultMap>
  
  <resultMap id="ResultOrderInvoice" extends="BaseResultMapOrderList"
	type="com.spring.scenic.order.domain.Order">
	<collection property="invoice" column="ID"
		ofType="com.spring.scenic.order.domain.OrderInvoice"
		select="com.spring.scenic.order.infrastructure.OrderInvoiceMapper.selectOrderInvoice">
	</collection>
  </resultMap>
  
  <select id="selectOrderDetail" resultMap = "ResultOrderInvoice" parameterType="java.lang.Integer">
	select tpp.file_url,
	t.ID, t.ORDER_NO, t.THIRD_NO, t.THIRD_FROM, t.PRODUCT_NAME, t.PRODUCT_CODE, t.PRODUCT_ID, t.MEALS_NAME, t.MEALS_ID, 
    t.ORDER_STATUS, t.PAY_STATUS, t.LINK_MAN, PHONE, t.EMAIL, t.ORDER_PRICE, t.ORDER_COUNT, t.ORDER_TYPE, 
    t.REMARK, t.SELLER_REMARK, t.PRODUCT_PRICE, t.ADULT_PRICE, t.ADULT_COUNT, t.CHILD_PRICE, t.CHILD_COUNT, 
    t.SRC, t.CONFIRM_TIME, t.USER_KNOW, t.CREATE_USER, t.CREATE_TIME, t.UPDATE_USER, t.UPDATE_TIME,SELLER_ID,
    t.MEMBER_ID,t.MEMBER_ACCOUNT,t.TRAVEL_TIME,t.NEED_INVOICE,t.PAY_PRICE,t.PAYED_PRICE,t.SINGLEROOM_PRICE,t.MAKE_USER,t.CANCEL_TIME,t.WEIXIN
	from tb_order t
	left join (select tpp.product_id,tpl.file_url from tb_product_pic_rel tpp
	inner join tb_busi_picture_lib tpl on tpp.picture_lib_id=tpl.id where
	tpl.valid=1 and tpp.is_logo=1) tpp
	on tpp.product_id = t.product_id
	where id = #{orderId,jdbcType=DECIMAL}
  </select>
  
  <select id = "selectList" resultMap = "BaseResultMapOrderList" parameterType="com.spring.scenic.order.domain.Order" >
  SELECT t.id,t.PRODUCT_ID,t.TRAVEL_TIME,t.link_man,t.phone,t.email,
       t.order_no,
       t.order_type,
       t.order_status,
       t.pay_price,
       t.pay_status,
       t.payed_price,
       t.product_name,
       t.create_time   FROM tb_order t where  t.member_id = #{memberId} 
	   <!-- 待支付 未支付或者部份支付 订单状态是已确认-->
       <if test = "orderStatus == 2 ">
       		and (t.pay_status = 1 or t.pay_status = 2) and t.order_status= 3
       </if>
	   <!-- 待完成 已支付或者超额支付 已确认 并且出行日期大于当前时间   小商品已确认已支付未完成-->
       <if test = "orderStatus == 3 ">
       		and (((t.order_type = 1 or t.order_type = 3) and (t.pay_status = 3 or t.pay_status = 4) and t.order_status = 3
       		and  sysdate &lt; t.travel_time)
 			or (t.order_type = 2 and (t.pay_status = 3 or t.pay_status = 4) and t.order_status = 3))
       </if>
	   <!-- 待点评  已支付或者超额支付 已完成 并且出行日期小于等于当前日期 and t.travel_time &lt;= sysdate（仅限旅游线路）-->
       <if test = "orderStatus == 4 ">
       		and (t.pay_status = 3 or t.pay_status = 4) and t.order_status = 6 
       </if>
		<!--待审核 新单 -->
        <if test = "orderStatus == 5 ">
       		and (t.order_status = 1)
       </if>
       <if test = "orderByClause = null || orderByClause != ''">
       		order by t.create_time desc
       </if>
  </select>
  <select id="getOrderNo" resultType="java.lang.String">
  select case
         when (select count(t.id)
                 from tb_order t
                where substr(t.order_no, 0, 8) = to_char(sysdate, 'yyyymmdd')) > 0 then
          (select to_char(sysdate, 'yyyymmdd') ||
                  (trim(to_char(to_number(substr((select max(t.order_no) order_no
                from tb_order t
               where substr(t.order_no, 0, 8) =
                     to_char(sysdate, 'yyyymmdd')),
              9,
              8))+1,'00000000')))
             from dual)
         else
          (select to_char(sysdate, 'yyyymmdd') || '00000001' from dual)
       end orderId
  from dual
  </select>
  
</mapper>