<?xml version="1.0" encoding="UTF-8"?>
<!DOCTYPE mapper PUBLIC "-//mybatis.org//DTD Mapper 3.0//EN" "http://mybatis.org/dtd/mybatis-3-mapper.dtd">
<mapper namespace="com.spring.scenic.order.infrastructure.OrderLinkmanRefMapper">
  <resultMap id="BaseResultMap" type="com.spring.scenic.order.domain.OrderLinkmanRef">
 
    <id column="ID" jdbcType="DECIMAL" property="id" />
    <result column="ORDER_ID" jdbcType="DECIMAL" property="orderId" />
    <result column="ORDER_NO" jdbcType="VARCHAR" property="orderNo" />
    <result column="MEMBER_ID" jdbcType="DECIMAL" property="memberId" />
    <result column="MEMBER_DETAIL_INFO_ID" jdbcType="DECIMAL" property="memberDetailInfoId" />
    <result column="NAME_CH" jdbcType="VARCHAR" property="nameCh" />
    <result column="NAME_CH_PIN" jdbcType="VARCHAR" property="nameChPin" />
    <result column="NAME_EN_F" jdbcType="VARCHAR" property="nameEnF" />
    <result column="NAME_EN_S" jdbcType="VARCHAR" property="nameEnS" />
    <result column="SEX" jdbcType="DECIMAL" property="sex" />
    <result column="NATIONALITY" jdbcType="DECIMAL" property="nationality" />
    <result column="BIRTHDAY" jdbcType="TIMESTAMP" property="birthday" />
    <result column="PHONE_CH" jdbcType="VARCHAR" property="phoneCh" />
    <result column="PHONE_OVERSEAS" jdbcType="VARCHAR" property="phoneOverseas" />
    <result column="FIX_TEL_AREA" jdbcType="VARCHAR" property="fixTelArea" />
    <result column="FIX_TEL" jdbcType="VARCHAR" property="fixTel" />
    <result column="FIX_TEL_EXTENSION" jdbcType="VARCHAR" property="fixTelExtension" />
    <result column="MAIL" jdbcType="VARCHAR" property="mail" />
    <result column="COUNTRY_ID" jdbcType="DECIMAL" property="countryId" />
    <result column="PROVINCE_ID" jdbcType="DECIMAL" property="provinceId" />
    <result column="CITY_ID" jdbcType="DECIMAL" property="cityId" />
    <result column="IS_SELF" jdbcType="DECIMAL" property="isSelf" />
    <result column="CREATE_USER" jdbcType="DECIMAL" property="createUser" />
    <result column="CREATE_TIME" jdbcType="TIMESTAMP" property="createTime" />
    <result column="UPDATE_USER" jdbcType="DECIMAL" property="updateUser" />
    <result column="UPDATE_TIME" jdbcType="TIMESTAMP" property="updateTime" />
	<association property="orderLinkmanDoc" column="ID" select="com.spring.scenic.order.infrastructure.OrderLinkmanDocMapper.selectByOrderId" />
  </resultMap>
  <sql id="Base_Column_List">
    <!--
      WARNING - @mbggenerated
      This element is automatically generated by MyBatis Generator, do not modify.
      This element was generated on Sat Dec 03 14:07:27 CST 2016.
    -->
    ID, ORDER_ID, ORDER_NO, MEMBER_ID, MEMBER_DETAIL_INFO_ID, NAME_CH, NAME_CH_PIN, NAME_EN_F, 
    NAME_EN_S, SEX, NATIONALITY, BIRTHDAY, PHONE_CH, PHONE_OVERSEAS, FIX_TEL_AREA, FIX_TEL, 
    FIX_TEL_EXTENSION, MAIL, COUNTRY_ID, PROVINCE_ID, CITY_ID, IS_SELF, CREATE_USER, 
    CREATE_TIME, UPDATE_USER, UPDATE_TIME
  </sql>
  <select id="selectByPrimaryKey" parameterType="java.lang.Integer" resultMap="BaseResultMap">
 
    select 
    <include refid="Base_Column_List" />
    from TB_ORDER_LINKMAN_REF
    where ID = #{id,jdbcType=DECIMAL}
  </select>
  <delete id="deleteByPrimaryKey" parameterType="java.lang.Integer">
 
    delete from TB_ORDER_LINKMAN_REF
    where ID = #{id,jdbcType=DECIMAL}
  </delete>
  <insert id="insert" parameterType="com.spring.scenic.order.domain.OrderLinkmanRef">
   <selectKey  keyProperty="id" order="BEFORE" resultType="java.lang.Integer" >
		      	SELECT SEQ_TB_ORDER_LINKMAN_REF.nextval FROM dual
		       </selectKey>
    insert into TB_ORDER_LINKMAN_REF (ID, ORDER_ID, ORDER_NO, 
      MEMBER_ID, MEMBER_DETAIL_INFO_ID, NAME_CH, 
      NAME_CH_PIN, NAME_EN_F, NAME_EN_S, 
      SEX, NATIONALITY, BIRTHDAY, 
      PHONE_CH, PHONE_OVERSEAS, FIX_TEL_AREA, 
      FIX_TEL, FIX_TEL_EXTENSION, MAIL, 
      COUNTRY_ID, PROVINCE_ID, CITY_ID, 
      IS_SELF, CREATE_USER, CREATE_TIME, 
      UPDATE_USER, UPDATE_TIME)
    values (#{id,jdbcType=DECIMAL}, #{orderId,jdbcType=DECIMAL}, #{orderNo,jdbcType=VARCHAR}, 
      #{memberId,jdbcType=DECIMAL}, #{memberDetailInfoId,jdbcType=DECIMAL}, #{nameCh,jdbcType=VARCHAR}, 
      #{nameChPin,jdbcType=VARCHAR}, #{nameEnF,jdbcType=VARCHAR}, #{nameEnS,jdbcType=VARCHAR}, 
      #{sex,jdbcType=DECIMAL}, #{nationality,jdbcType=DECIMAL}, #{birthday,jdbcType=TIMESTAMP}, 
      #{phoneCh,jdbcType=VARCHAR}, #{phoneOverseas,jdbcType=VARCHAR}, #{fixTelArea,jdbcType=VARCHAR}, 
      #{fixTel,jdbcType=VARCHAR}, #{fixTelExtension,jdbcType=VARCHAR}, #{mail,jdbcType=VARCHAR}, 
      #{countryId,jdbcType=DECIMAL}, #{provinceId,jdbcType=DECIMAL}, #{cityId,jdbcType=DECIMAL}, 
      #{isSelf,jdbcType=DECIMAL}, #{createUser,jdbcType=DECIMAL}, #{createTime,jdbcType=TIMESTAMP}, 
      #{updateUser,jdbcType=DECIMAL}, #{updateTime,jdbcType=TIMESTAMP})
  </insert>
  <insert id="insertSelective" parameterType="com.spring.scenic.order.domain.OrderLinkmanRef">
    <!--
      WARNING - @mbggenerated
      This element is automatically generated by MyBatis Generator, do not modify.
      This element was generated on Sat Dec 03 14:07:27 CST 2016.
    -->
    insert into TB_ORDER_LINKMAN_REF
    <trim prefix="(" suffix=")" suffixOverrides=",">
      <if test="id != null">
        ID,
      </if>
      <if test="orderId != null">
        ORDER_ID,
      </if>
      <if test="orderNo != null">
        ORDER_NO,
      </if>
      <if test="memberId != null">
        MEMBER_ID,
      </if>
      <if test="memberDetailInfoId != null">
        MEMBER_DETAIL_INFO_ID,
      </if>
      <if test="nameCh != null">
        NAME_CH,
      </if>
      <if test="nameChPin != null">
        NAME_CH_PIN,
      </if>
      <if test="nameEnF != null">
        NAME_EN_F,
      </if>
      <if test="nameEnS != null">
        NAME_EN_S,
      </if>
      <if test="sex != null">
        SEX,
      </if>
      <if test="nationality != null">
        NATIONALITY,
      </if>
      <if test="birthday != null">
        BIRTHDAY,
      </if>
      <if test="phoneCh != null">
        PHONE_CH,
      </if>
      <if test="phoneOverseas != null">
        PHONE_OVERSEAS,
      </if>
      <if test="fixTelArea != null">
        FIX_TEL_AREA,
      </if>
      <if test="fixTel != null">
        FIX_TEL,
      </if>
      <if test="fixTelExtension != null">
        FIX_TEL_EXTENSION,
      </if>
      <if test="mail != null">
        MAIL,
      </if>
      <if test="countryId != null">
        COUNTRY_ID,
      </if>
      <if test="provinceId != null">
        PROVINCE_ID,
      </if>
      <if test="cityId != null">
        CITY_ID,
      </if>
      <if test="isSelf != null">
        IS_SELF,
      </if>
      <if test="createUser != null">
        CREATE_USER,
      </if>
      <if test="createTime != null">
        CREATE_TIME,
      </if>
      <if test="updateUser != null">
        UPDATE_USER,
      </if>
      <if test="updateTime != null">
        UPDATE_TIME,
      </if>
    </trim>
    <trim prefix="values (" suffix=")" suffixOverrides=",">
      <if test="id != null">
        #{id,jdbcType=DECIMAL},
      </if>
      <if test="orderId != null">
        #{orderId,jdbcType=DECIMAL},
      </if>
      <if test="orderNo != null">
        #{orderNo,jdbcType=VARCHAR},
      </if>
      <if test="memberId != null">
        #{memberId,jdbcType=DECIMAL},
      </if>
      <if test="memberDetailInfoId != null">
        #{memberDetailInfoId,jdbcType=DECIMAL},
      </if>
      <if test="nameCh != null">
        #{nameCh,jdbcType=VARCHAR},
      </if>
      <if test="nameChPin != null">
        #{nameChPin,jdbcType=VARCHAR},
      </if>
      <if test="nameEnF != null">
        #{nameEnF,jdbcType=VARCHAR},
      </if>
      <if test="nameEnS != null">
        #{nameEnS,jdbcType=VARCHAR},
      </if>
      <if test="sex != null">
        #{sex,jdbcType=DECIMAL},
      </if>
      <if test="nationality != null">
        #{nationality,jdbcType=DECIMAL},
      </if>
      <if test="birthday != null">
        #{birthday,jdbcType=TIMESTAMP},
      </if>
      <if test="phoneCh != null">
        #{phoneCh,jdbcType=VARCHAR},
      </if>
      <if test="phoneOverseas != null">
        #{phoneOverseas,jdbcType=VARCHAR},
      </if>
      <if test="fixTelArea != null">
        #{fixTelArea,jdbcType=VARCHAR},
      </if>
      <if test="fixTel != null">
        #{fixTel,jdbcType=VARCHAR},
      </if>
      <if test="fixTelExtension != null">
        #{fixTelExtension,jdbcType=VARCHAR},
      </if>
      <if test="mail != null">
        #{mail,jdbcType=VARCHAR},
      </if>
      <if test="countryId != null">
        #{countryId,jdbcType=DECIMAL},
      </if>
      <if test="provinceId != null">
        #{provinceId,jdbcType=DECIMAL},
      </if>
      <if test="cityId != null">
        #{cityId,jdbcType=DECIMAL},
      </if>
      <if test="isSelf != null">
        #{isSelf,jdbcType=DECIMAL},
      </if>
      <if test="createUser != null">
        #{createUser,jdbcType=DECIMAL},
      </if>
      <if test="createTime != null">
        #{createTime,jdbcType=TIMESTAMP},
      </if>
      <if test="updateUser != null">
        #{updateUser,jdbcType=DECIMAL},
      </if>
      <if test="updateTime != null">
        #{updateTime,jdbcType=TIMESTAMP},
      </if>
    </trim>
  </insert>
  <update id="updateByPrimaryKeySelective" parameterType="com.spring.scenic.order.domain.OrderLinkmanRef">
    <!--
      WARNING - @mbggenerated
      This element is automatically generated by MyBatis Generator, do not modify.
      This element was generated on Sat Dec 03 14:07:27 CST 2016.
    -->
    update TB_ORDER_LINKMAN_REF
    <set>
      <if test="orderId != null">
        ORDER_ID = #{orderId,jdbcType=DECIMAL},
      </if>
      <if test="orderNo != null">
        ORDER_NO = #{orderNo,jdbcType=VARCHAR},
      </if>
      <if test="memberId != null">
        MEMBER_ID = #{memberId,jdbcType=DECIMAL},
      </if>
      <if test="memberDetailInfoId != null">
        MEMBER_DETAIL_INFO_ID = #{memberDetailInfoId,jdbcType=DECIMAL},
      </if>
      <if test="nameCh != null">
        NAME_CH = #{nameCh,jdbcType=VARCHAR},
      </if>
      <if test="nameChPin != null">
        NAME_CH_PIN = #{nameChPin,jdbcType=VARCHAR},
      </if>
      <if test="nameEnF != null">
        NAME_EN_F = #{nameEnF,jdbcType=VARCHAR},
      </if>
      <if test="nameEnS != null">
        NAME_EN_S = #{nameEnS,jdbcType=VARCHAR},
      </if>
      <if test="sex != null">
        SEX = #{sex,jdbcType=DECIMAL},
      </if>
      <if test="nationality != null">
        NATIONALITY = #{nationality,jdbcType=DECIMAL},
      </if>
      <if test="birthday != null">
        BIRTHDAY = #{birthday,jdbcType=TIMESTAMP},
      </if>
      <if test="phoneCh != null">
        PHONE_CH = #{phoneCh,jdbcType=VARCHAR},
      </if>
      <if test="phoneOverseas != null">
        PHONE_OVERSEAS = #{phoneOverseas,jdbcType=VARCHAR},
      </if>
      <if test="fixTelArea != null">
        FIX_TEL_AREA = #{fixTelArea,jdbcType=VARCHAR},
      </if>
      <if test="fixTel != null">
        FIX_TEL = #{fixTel,jdbcType=VARCHAR},
      </if>
      <if test="fixTelExtension != null">
        FIX_TEL_EXTENSION = #{fixTelExtension,jdbcType=VARCHAR},
      </if>
      <if test="mail != null">
        MAIL = #{mail,jdbcType=VARCHAR},
      </if>
      <if test="countryId != null">
        COUNTRY_ID = #{countryId,jdbcType=DECIMAL},
      </if>
      <if test="provinceId != null">
        PROVINCE_ID = #{provinceId,jdbcType=DECIMAL},
      </if>
      <if test="cityId != null">
        CITY_ID = #{cityId,jdbcType=DECIMAL},
      </if>
      <if test="isSelf != null">
        IS_SELF = #{isSelf,jdbcType=DECIMAL},
      </if>
      <if test="createUser != null">
        CREATE_USER = #{createUser,jdbcType=DECIMAL},
      </if>
      <if test="createTime != null">
        CREATE_TIME = #{createTime,jdbcType=TIMESTAMP},
      </if>
      <if test="updateUser != null">
        UPDATE_USER = #{updateUser,jdbcType=DECIMAL},
      </if>
      <if test="updateTime != null">
        UPDATE_TIME = #{updateTime,jdbcType=TIMESTAMP},
      </if>
    </set>
    where ID = #{id,jdbcType=DECIMAL}
  </update>
  <update id="updateByPrimaryKey" parameterType="com.spring.scenic.order.domain.OrderLinkmanRef">
    <!--
      WARNING - @mbggenerated
      This element is automatically generated by MyBatis Generator, do not modify.
      This element was generated on Sat Dec 03 14:07:27 CST 2016.
    -->
    update TB_ORDER_LINKMAN_REF
    set ORDER_ID = #{orderId,jdbcType=DECIMAL},
      ORDER_NO = #{orderNo,jdbcType=VARCHAR},
      MEMBER_ID = #{memberId,jdbcType=DECIMAL},
      MEMBER_DETAIL_INFO_ID = #{memberDetailInfoId,jdbcType=DECIMAL},
      NAME_CH = #{nameCh,jdbcType=VARCHAR},
      NAME_CH_PIN = #{nameChPin,jdbcType=VARCHAR},
      NAME_EN_F = #{nameEnF,jdbcType=VARCHAR},
      NAME_EN_S = #{nameEnS,jdbcType=VARCHAR},
      SEX = #{sex,jdbcType=DECIMAL},
      NATIONALITY = #{nationality,jdbcType=DECIMAL},
      BIRTHDAY = #{birthday,jdbcType=TIMESTAMP},
      PHONE_CH = #{phoneCh,jdbcType=VARCHAR},
      PHONE_OVERSEAS = #{phoneOverseas,jdbcType=VARCHAR},
      FIX_TEL_AREA = #{fixTelArea,jdbcType=VARCHAR},
      FIX_TEL = #{fixTel,jdbcType=VARCHAR},
      FIX_TEL_EXTENSION = #{fixTelExtension,jdbcType=VARCHAR},
      MAIL = #{mail,jdbcType=VARCHAR},
      COUNTRY_ID = #{countryId,jdbcType=DECIMAL},
      PROVINCE_ID = #{provinceId,jdbcType=DECIMAL},
      CITY_ID = #{cityId,jdbcType=DECIMAL},
      IS_SELF = #{isSelf,jdbcType=DECIMAL},
      CREATE_USER = #{createUser,jdbcType=DECIMAL},
      CREATE_TIME = #{createTime,jdbcType=TIMESTAMP},
      UPDATE_USER = #{updateUser,jdbcType=DECIMAL},
      UPDATE_TIME = #{updateTime,jdbcType=TIMESTAMP}
    where ID = #{id,jdbcType=DECIMAL}
  </update>
 
	
	<select id="selectByOrderId" parameterType="java.lang.Integer" resultMap="BaseResultMap">
     select 
    <include refid="Base_Column_List" />
    from TB_ORDER_LINKMAN_REF
    where order_id = #{orderId,jdbcType=DECIMAL}
  </select>
</mapper>