<?xml version="1.0" encoding="UTF-8" ?>
<!DOCTYPE mapper PUBLIC "-//mybatis.org//DTD Mapper 3.0//EN" "http://mybatis.org/dtd/mybatis-3-mapper.dtd" >
<mapper namespace="com.spring.scenic.order.infrastructure.OrderPayRecordMapper" >
  
  <resultMap id="BaseResultMap" type="com.spring.scenic.order.domain.OrderPayRecord" >
    <id column="ID" property="id" jdbcType="DECIMAL" />
    <result column="ORDER_NO" property="orderNo" jdbcType="VARCHAR" />
    <result column="PAY_TIME" property="payTime" jdbcType="TIMESTAMP" />
    <result column="PAY_TYPE" property="payType" jdbcType="DECIMAL" />
    <result column="REMARK" property="remark" jdbcType="VARCHAR" />
    <result column="TOTAL_PRICE" property="totalPrice" jdbcType="DECIMAL" />
    <result column="PAY_SERIAL_NO" property="paySerialNo" jdbcType="VARCHAR" />
    <result column="CREATE_USER" property="createUser" jdbcType="DECIMAL" />
    <result column="CREATE_TIME" property="createTime" jdbcType="TIMESTAMP" />
    <result column="UPDATE_USER" property="updateUser" jdbcType="DECIMAL" />
    <result column="UPDATE_TIME" property="updateTime" jdbcType="TIMESTAMP" />
  </resultMap>
  
  <sql id="Base_Column_List" >
    ID, ORDER_NO, PAY_TIME, PAY_TYPE, REMARK, TOTAL_PRICE, PAY_SERIAL_NO, CREATE_USER, 
    CREATE_TIME, UPDATE_USER, UPDATE_TIME
  </sql>
  
  <select id="selectByPrimaryKey" resultMap="BaseResultMap" parameterType="java.lang.Integer" >
    select 
    <include refid="Base_Column_List" />
    from TB_ORDER_PAY_RECORD
    where ID = #{id,jdbcType=DECIMAL}
  </select>
  
  <select id="getOrderPayRecords" resultMap="BaseResultMap" parameterType="java.lang.String" >
    select 
    <include refid="Base_Column_List" />
    from TB_ORDER_PAY_RECORD
    where ORDER_NO = #{orderNo,jdbcType=VARCHAR} ORDER BY CREATE_TIME DESC
  </select>
  
  <delete id="deleteByPrimaryKey" parameterType="java.lang.Integer" >
    delete from TB_ORDER_PAY_RECORD
    where ID = #{id,jdbcType=DECIMAL}
  </delete>
  
  <insert id="saveOrderPayRecord" parameterType="com.spring.scenic.order.domain.OrderPayRecord" >
    insert into TB_ORDER_PAY_RECORD (ID, ORDER_NO, PAY_TIME, 
      PAY_TYPE, REMARK, TOTAL_PRICE, 
      PAY_SERIAL_NO, CREATE_USER, CREATE_TIME, 
      UPDATE_USER, UPDATE_TIME)
    values (SEQ_TB_ORDER_PAY_RECORD.Nextval, #{orderNo,jdbcType=VARCHAR}, #{payTime,jdbcType=TIMESTAMP}, 
      #{payType,jdbcType=DECIMAL}, #{remark,jdbcType=VARCHAR}, #{totalPrice,jdbcType=DECIMAL}, 
      #{paySerialNo,jdbcType=VARCHAR}, #{createUser,jdbcType=DECIMAL}, #{createTime,jdbcType=TIMESTAMP}, 
      #{updateUser,jdbcType=DECIMAL}, #{updateTime,jdbcType=TIMESTAMP})
  </insert>
  
  <insert id="insertSelective" parameterType="com.spring.scenic.order.domain.OrderPayRecord" >
    <!--
      WARNING - @mbggenerated
      This element is automatically generated by MyBatis Generator, do not modify.
      This element was generated on Tue Jan 03 16:11:08 CST 2017.
    -->
    insert into TB_ORDER_PAY_RECORD
    <trim prefix="(" suffix=")" suffixOverrides="," >
      <if test="id != null" >
        ID,
      </if>
      <if test="orderNo != null" >
        ORDER_NO,
      </if>
      <if test="payTime != null" >
        PAY_TIME,
      </if>
      <if test="payType != null" >
        PAY_TYPE,
      </if>
      <if test="remark != null" >
        REMARK,
      </if>
      <if test="totalPrice != null" >
        TOTAL_PRICE,
      </if>
      <if test="paySerialNo != null" >
        PAY_SERIAL_NO,
      </if>
      <if test="createUser != null" >
        CREATE_USER,
      </if>
      <if test="createTime != null" >
        CREATE_TIME,
      </if>
      <if test="updateUser != null" >
        UPDATE_USER,
      </if>
      <if test="updateTime != null" >
        UPDATE_TIME,
      </if>
    </trim>
    <trim prefix="values (" suffix=")" suffixOverrides="," >
      <if test="id != null" >
        #{id,jdbcType=DECIMAL},
      </if>
      <if test="orderNo != null" >
        #{orderNo,jdbcType=VARCHAR},
      </if>
      <if test="payTime != null" >
        #{payTime,jdbcType=TIMESTAMP},
      </if>
      <if test="payType != null" >
        #{payType,jdbcType=DECIMAL},
      </if>
      <if test="remark != null" >
        #{remark,jdbcType=VARCHAR},
      </if>
      <if test="totalPrice != null" >
        #{totalPrice,jdbcType=DECIMAL},
      </if>
      <if test="paySerialNo != null" >
        #{paySerialNo,jdbcType=VARCHAR},
      </if>
      <if test="createUser != null" >
        #{createUser,jdbcType=DECIMAL},
      </if>
      <if test="createTime != null" >
        #{createTime,jdbcType=TIMESTAMP},
      </if>
      <if test="updateUser != null" >
        #{updateUser,jdbcType=DECIMAL},
      </if>
      <if test="updateTime != null" >
        #{updateTime,jdbcType=TIMESTAMP},
      </if>
    </trim>
  </insert>
  <update id="updateByPrimaryKeySelective" parameterType="com.spring.scenic.order.domain.OrderPayRecord" >
    <!--
      WARNING - @mbggenerated
      This element is automatically generated by MyBatis Generator, do not modify.
      This element was generated on Tue Jan 03 16:11:08 CST 2017.
    -->
    update TB_ORDER_PAY_RECORD
    <set >
      <if test="orderNo != null" >
        ORDER_NO = #{orderNo,jdbcType=VARCHAR},
      </if>
      <if test="payTime != null" >
        PAY_TIME = #{payTime,jdbcType=TIMESTAMP},
      </if>
      <if test="payType != null" >
        PAY_TYPE = #{payType,jdbcType=DECIMAL},
      </if>
      <if test="remark != null" >
        REMARK = #{remark,jdbcType=VARCHAR},
      </if>
      <if test="totalPrice != null" >
        TOTAL_PRICE = #{totalPrice,jdbcType=DECIMAL},
      </if>
      <if test="paySerialNo != null" >
        PAY_SERIAL_NO = #{paySerialNo,jdbcType=VARCHAR},
      </if>
      <if test="createUser != null" >
        CREATE_USER = #{createUser,jdbcType=DECIMAL},
      </if>
      <if test="createTime != null" >
        CREATE_TIME = #{createTime,jdbcType=TIMESTAMP},
      </if>
      <if test="updateUser != null" >
        UPDATE_USER = #{updateUser,jdbcType=DECIMAL},
      </if>
      <if test="updateTime != null" >
        UPDATE_TIME = #{updateTime,jdbcType=TIMESTAMP},
      </if>
    </set>
    where ID = #{id,jdbcType=DECIMAL}
  </update>
  <update id="updateByPrimaryKey" parameterType="com.spring.scenic.order.domain.OrderPayRecord" >
    <!--
      WARNING - @mbggenerated
      This element is automatically generated by MyBatis Generator, do not modify.
      This element was generated on Tue Jan 03 16:11:08 CST 2017.
    -->
    update TB_ORDER_PAY_RECORD
    set ORDER_NO = #{orderNo,jdbcType=VARCHAR},
      PAY_TIME = #{payTime,jdbcType=TIMESTAMP},
      PAY_TYPE = #{payType,jdbcType=DECIMAL},
      REMARK = #{remark,jdbcType=VARCHAR},
      TOTAL_PRICE = #{totalPrice,jdbcType=DECIMAL},
      PAY_SERIAL_NO = #{paySerialNo,jdbcType=VARCHAR},
      CREATE_USER = #{createUser,jdbcType=DECIMAL},
      CREATE_TIME = #{createTime,jdbcType=TIMESTAMP},
      UPDATE_USER = #{updateUser,jdbcType=DECIMAL},
      UPDATE_TIME = #{updateTime,jdbcType=TIMESTAMP}
    where ID = #{id,jdbcType=DECIMAL}
  </update>
</mapper>