<?xml version="1.0" encoding="UTF-8" ?>   
<!DOCTYPE mapper PUBLIC "-//mybatis.org//DTD Mapper 3.0//EN" "http://mybatis.org/dtd/mybatis-3-mapper.dtd">
<mapper namespace="com.spring.scenic.sms.infrastructure.MsgSmsRecordMapper">

	<!-- 插入实体 -->
	<insert id="insert" parameterType="com.spring.scenic.sms.domain.MsgSmsRecord">
		<selectKey keyProperty="id" order="BEFORE" resultType="int">
			<![CDATA[
				SELECT SEQ_TB_MSG_SMS_RECORD.nextval as id FROM dual
			]]>
		</selectKey>
		<![CDATA[
		INSERT INTO TB_MSG_SMS_RECORD (
		   	ID,
		   	ORDER_NO,
		   	RECEIVER_NO,
		   	MSG_CONTENT,
		   	RETURN_CONTENT,
		   	RETURN_STATUS,
		   	SEND_STATUS,
		   	CREATE_USER,
		   	CREATE_TIME,
		   	UPDATE_USER,
		   	UPDATE_TIME
		) VALUES (
		   	#{id,jdbcType=INTEGER},
		   	#{orderNo,jdbcType=VARCHAR},
		   	#{receiverNo,jdbcType=VARCHAR},
		   	#{msgContent,jdbcType=VARCHAR},
		   	#{returnContent,jdbcType=VARCHAR},
		   	#{returnStatus,jdbcType=VARCHAR},
		   	#{sendStatus,jdbcType=INTEGER},
		   	#{createUser,jdbcType=INTEGER},
		   	#{createTime,jdbcType=TIMESTAMP},
		   	#{updateUser,jdbcType=INTEGER},
		   	#{updateTime,jdbcType=TIMESTAMP}
		)
		]]>
	</insert>

	<!-- 更新实体 -->
	<update id="update" parameterType="com.spring.scenic.sms.domain.MsgSmsRecord">
		UPDATE TB_MSG_SMS_RECORD
		<set>
			<if test="orderNo != null">
				ORDER_NO = #{orderNo,jdbcType=VARCHAR},
			</if>
			<if test="receiverNo != null">
				RECEIVER_NO = #{receiverNo,jdbcType=VARCHAR},
			</if>
			<if test="msgContent != null">
				MSG_CONTENT = #{msgContent,jdbcType=VARCHAR},
			</if>
			<if test="returnContent != null">
				RETURN_CONTENT = #{returnContent,jdbcType=VARCHAR},
			</if>
			<if test="returnStatus != null">
				RETURN_STATUS = #{returnStatus,jdbcType=VARCHAR},
			</if>
			<if test="sendStatus != null">
				SEND_STATUS = #{sendStatus,jdbcType=INTEGER},
			</if>
			<if test="createUser != null">
				CREATE_USER = #{createUser,jdbcType=INTEGER},
			</if>
			<if test="createTime != null">
				CREATE_TIME = #{createTime,jdbcType=TIMESTAMP},
			</if>
			<if test="updateUser != null">
				UPDATE_USER = #{updateUser,jdbcType=INTEGER},
			</if>
			<if test="updateTime != null">
				UPDATE_TIME = #{updateTime,jdbcType=TIMESTAMP},
			</if>
		</set>
		WHERE ID = #{id,jdbcType=INTEGER}
	</update>

	<!-- 删除实体 -->
	<delete id="deleteById" parameterType="com.spring.scenic.sms.domain.MsgSmsRecord">
		<![CDATA[
		DELETE FROM TB_MSG_SMS_RECORD WHERE ID = #{id,jdbcType=INTEGER}
		]]>
	</delete>

	<!-- 批量删除实体 -->
	<delete id="deleteByIds" parameterType="com.spring.scenic.sms.domain.MsgSmsRecord">
		DELETE FROM TB_MSG_SMS_RECORD WHERE ID in 
		<foreach collection="list" item="item" index="index" open="(" separator="," close=")">
			#{item}
		</foreach>
	</delete>
	
	<!-- 查询字段 -->
	<sql id="selectFieldSQL">
		<![CDATA[
		SELECT 
		       ID id,
		       ORDER_NO orderNo,
		       RECEIVER_NO receiverNo,
		       MSG_CONTENT msgContent,
		       RETURN_CONTENT returnContent,
		       RETURN_STATUS returnStatus,
		       SEND_STATUS sendStatus,
		       CREATE_USER createUser,
		       CREATE_TIME createTime,
		       UPDATE_USER updateUser,
		       UPDATE_TIME updateTime
		]]>
	</sql>

	<!-- 查询 -->
	<select id="selectById" parameterType="map" resultType="com.spring.scenic.sms.domain.MsgSmsRecord">
		<include refid="selectFieldSQL" />
		<![CDATA[
		  FROM TB_MSG_SMS_RECORD
		 WHERE ID = #{id,jdbcType=INTEGER}
		]]>
	</select>

	<!-- 查询 -->
	<select id="selectPage" parameterType="com.spring.scenic.sms.domain.MsgSmsRecord" resultType="com.spring.scenic.sms.domain.MsgSmsRecord">
		<include refid="selectFieldSQL" />
		<![CDATA[
		  FROM TB_MSG_SMS_RECORD
		]]>
		<where>
			<if test="id != null">
				AND ID = #{id,jdbcType=INTEGER}
			</if>
			<if test="id != null">
				AND ID = #{id,jdbcType=INTEGER}
			</if>
			<if test="orderNo != null and orderNo != ''">
				AND ORDER_NO = #{orderNo,jdbcType=VARCHAR}
			</if>
			<if test="receiverNo != null and receiverNo != ''">
				AND RECEIVER_NO = #{receiverNo,jdbcType=VARCHAR}
			</if>
			<if test="msgContent != null and msgContent != ''">
				AND MSG_CONTENT = #{msgContent,jdbcType=VARCHAR}
			</if>
			<if test="returnContent != null and returnContent != ''">
				AND RETURN_CONTENT = #{returnContent,jdbcType=VARCHAR}
			</if>
			<if test="returnStatus != null and returnStatus != ''">
				AND RETURN_STATUS = #{returnStatus,jdbcType=VARCHAR}
			</if>
			<if test="sendStatus != null">
				AND SEND_STATUS = #{sendStatus,jdbcType=INTEGER}
			</if>
			<if test="createUser != null">
				AND CREATE_USER = #{createUser,jdbcType=INTEGER}
			</if>
			<if test="createTime != null">
				AND CREATE_TIME = #{createTime,jdbcType=TIMESTAMP}
			</if>
			<if test="updateUser != null">
				AND UPDATE_USER = #{updateUser,jdbcType=INTEGER}
			</if>
			<if test="updateTime != null">
				AND UPDATE_TIME = #{updateTime,jdbcType=TIMESTAMP}
			</if>
		</where>
	</select>
</mapper>   
