<?xml version="1.0" encoding="UTF-8" ?>
<!DOCTYPE mapper PUBLIC "-//mybatis.org//DTD Mapper 3.0//EN" "http://mybatis.org/dtd/mybatis-3-mapper.dtd" >
<mapper namespace="com.spring.scenic.sms.infrastructure.MsgSmsMapper" >
  
  <resultMap id="BaseResultMap" type="com.spring.scenic.sms.domain.MsgSms" >
    <id column="ID" property="id" jdbcType="DECIMAL" />
    <result column="RECEIVER_NO" property="receiverNo" jdbcType="VARCHAR" />
    <result column="MSG_CONTENT" property="msgContent" jdbcType="VARCHAR" />
    <result column="BUSINESS_TYPE" property="businessType" jdbcType="VARCHAR" />
    <result column="SEND_STATUS" property="sendStatus" jdbcType="DECIMAL" />
    <result column="CREATE_TIME" property="createTime" jdbcType="TIMESTAMP" />
    <result column="UPDATE_TIME" property="updateTime" jdbcType="TIMESTAMP" />
    <result column="CREATE_USER" property="createUser" jdbcType="DECIMAL" />
    <result column="UPDATE_USER" property="updateUser" jdbcType="DECIMAL" />
    <result column="VERIFYCODE_TYPE" property="verifyCodeType" jdbcType="VARCHAR" />
  </resultMap>
  
  <sql id="Base_Column_List" >
    ID, RECEIVER_NO, MSG_CONTENT, BUSINESS_TYPE, SEND_STATUS, CREATE_TIME, UPDATE_TIME, 
    CREATE_USER, UPDATE_USER,VERIFYCODE_TYPE
  </sql>
  
  <!-- 获取验证码列表 -->
  <select id="selectMsgSms" resultMap="BaseResultMap" parameterType="com.spring.scenic.sms.domain.MsgSms" >
    select 
    <include refid="Base_Column_List" />
    from TB_MSG_SMS
    where RECEIVER_NO = #{receiverNo,jdbcType=VARCHAR}
    and BUSINESS_TYPE = #{businessType,jdbcType=VARCHAR}
    and SEND_STATUS = #{sendStatus,jdbcType=DECIMAL}
    order by CREATE_TIME desc
  </select>
  
  <!-- 5分钟之内该验证码是否有效 -->
  <select id="validateCaptcha" resultType="java.lang.Integer" parameterType="com.spring.scenic.sms.domain.MsgSms" >
    select count(0) from TB_MSG_SMS
    where RECEIVER_NO = #{receiverNo,jdbcType=VARCHAR}
    and BUSINESS_TYPE = #{businessType,jdbcType=VARCHAR}
    and SEND_STATUS = #{sendStatus,jdbcType=DECIMAL}
    and MSG_CONTENT = #{msgContent,jdbcType=VARCHAR}
    and ((sysdate-create_time)*24*60*60) &lt; 300
  </select>
  
  
  <insert id="saveMsgSmsRecord" parameterType="com.spring.scenic.sms.domain.MsgSms" >
    insert into TB_MSG_SMS (ID, RECEIVER_NO, MSG_CONTENT, 
      BUSINESS_TYPE, SEND_STATUS, CREATE_TIME, 
      UPDATE_TIME, CREATE_USER, UPDATE_USER,VERIFYCODE_TYPE 
      )
    values (SEQ_TB_MSG_SMS.Nextval, #{receiverNo,jdbcType=VARCHAR}, #{msgContent,jdbcType=VARCHAR}, 
      #{businessType,jdbcType=VARCHAR}, #{sendStatus,jdbcType=DECIMAL},sysdate, 
      #{updateTime,jdbcType=TIMESTAMP}, #{createUser,jdbcType=DECIMAL}, 
      #{updateUser,jdbcType=DECIMAL},#{verifyCodeType,jdbcType=VARCHAR}
      )
  </insert>
  
   <!--查询获取验证码是否频繁（验证码有效时长5分钟，10分钟内获取5次为频繁，不可获取，5分钟后才能再次获取验证码-->
  <select id="selectMsgListInTenMinInterval" resultMap="BaseResultMap" parameterType="com.spring.scenic.sms.domain.MsgSms" >
    select <include refid="Base_Column_List" />
    from TB_MSG_SMS
    where CREATE_TIME between ( trunc(sysdate, 'dd') + ((to_char(sysdate, 'sssss') / 600)-1) / 144) 
    and sysdate
    and RECEIVER_NO = #{receiverNo,jdbcType=VARCHAR}
    and VERIFYCODE_TYPE = #{verifyCodeType,jdbcType=VARCHAR}
    order by CREATE_TIME desc
  </select>
  
</mapper>