<?xml version="1.0" encoding="UTF-8" ?>
<beans xmlns="http://www.springframework.org/schema/beans"
	xmlns:xsi="http://www.w3.org/2001/XMLSchema-instance" xmlns:p="http://www.springframework.org/schema/p"
	xmlns:tx="http://www.springframework.org/schema/tx" xmlns:aop="http://www.springframework.org/schema/aop"
	xmlns:context="http://www.springframework.org/schema/context"
	xmlns:mvc="http://www.springframework.org/schema/mvc"
	xmlns:jee="http://www.springframework.org/schema/jee"
	xsi:schemaLocation="http://www.springframework.org/schema/beans 
	http://www.springframework.org/schema/beans/spring-beans-4.2.xsd
     http://www.springframework.org/schema/tx 
     http://www.springframework.org/schema/tx/spring-tx-4.2.xsd
     http://www.springframework.org/schema/aop 
     http://www.springframework.org/schema/aop/spring-aop-4.2.xsd
     http://www.springframework.org/schema/context 
     http://www.springframework.org/schema/context/spring-context-4.2.xsd 
     http://www.springframework.org/schema/mvc 
     http://www.springframework.org/schema/mvc/spring-mvc-4.2.xsd">
    
    <aop:aspectj-autoproxy proxy-target-class="true"/>
	
	<!-- 定义静态资源路径映射 -->
	<mvc:default-servlet-handler />
 	<mvc:resources location="classpath:/META-INF/resources/" mapping="swagger-ui.html"/>
	<mvc:resources location="classpath:/META-INF/resources/webjars/" mapping="/webjars/**"/>
	<mvc:resources location="/swagger-resources/" mapping="/resources/**" />
	
	<!-- 	
	<mvc:annotation-driven validator="validator" conversion-service="conversion-service">
		<mvc:message-converters register-defaults="true">
			<bean class="org.springframework.http.converter.json.MappingJackson2HttpMessageConverter">
				<property name="objectMapper">
					<bean class="com.spring.scenic.common.support.DynamicProxyObjectMapper">
						<property name="dateFormat">
							<bean class="java.text.SimpleDateFormat">
								<constructor-arg type="java.lang.String" value="yyyy-MM-dd HH:mm:ss" />
							</bean>
						</property>
					</bean>
				</property>
				<property name="supportedMediaTypes">
					<list>
						<value>application/json</value>
						<value>text/json</value>
						<value>text/html;charset=UTF-8</value>
					</list>
				</property>
			</bean>
		</mvc:message-converters>
	</mvc:annotation-driven>

	<bean id="validator"
		class="org.springframework.validation.beanvalidation.LocalValidatorFactoryBean">
		<property name="providerClass" value="org.hibernate.validator.HibernateValidator" />
		不设置则默认为classpath下的 ValidationMessages.properties
		<property name="validationMessageSource" ref="validatemessageSource" />
	</bean>
	<bean id="conversion-service"
		class="org.springframework.format.support.FormattingConversionServiceFactoryBean" />
		
	<bean id="validatemessageSource"
		class="org.springframework.context.support.ReloadableResourceBundleMessageSource">
		<property name="basename" value="classpath:validatemessages" />
		<property name="fileEncodings" value="utf-8" />
		<property name="cacheSeconds" value="120" />
	</bean>
 	-->
 	
	<!-- 支持上传文件 -->
	<bean id="multipartResolver"
		class="org.springframework.web.multipart.commons.CommonsMultipartResolver">
		<property name="defaultEncoding" value="utf-8" />
		<property name="maxUploadSize" value="104857600" /><!-- 1024*1024*100 -->
	</bean>

	<!-- 定义JSP文件的位置 -->
	<bean class="org.springframework.web.servlet.view.InternalResourceViewResolver">
		<property name="prefix" value="/WEB-INF/jsp/"></property>
		<property name="suffix" value=".jsp"></property>
	</bean>
 
</beans>