<?xml version="1.0" encoding="UTF-8" ?>
<!DOCTYPE mapper PUBLIC "-//mybatis.org//DTD Mapper 3.0//EN" "http://mybatis.org/dtd/mybatis-3-mapper.dtd" >
<mapper namespace="com.spring.scenic.notice.infrastructure.BusiNoticeMapper" >
  
  <resultMap id="BaseResultMap" type="com.spring.scenic.notice.domain.BusiNotice" >
    <id column="ID" property="id" jdbcType="DECIMAL" />
    <result column="TITLE" property="title" jdbcType="VARCHAR" />
    <result column="OUTLINE" property="outline" jdbcType="VARCHAR" />
    <result column="FILE_NAME" property="fileName" jdbcType="VARCHAR" />
    <result column="FILE_URL" property="fileUrl" jdbcType="VARCHAR" />
    <result column="IS_TOP" property="isTop" jdbcType="DECIMAL" />
    <result column="READ_COUNT" property="readCount" jdbcType="DECIMAL" />
    <result column="VALID" property="valid" jdbcType="DECIMAL" />
    <result column="CREATE_USER" property="createUser" jdbcType="DECIMAL" />
    <result column="CREATE_TIME" property="createTime" jdbcType="TIMESTAMP" />
    <result column="UPDATE_USER" property="updateUser" jdbcType="DECIMAL" />
    <result column="UPDATE_TIME" property="updateTime" jdbcType="TIMESTAMP" />
  </resultMap>
  
  <resultMap id="ResultMapWithBLOBs" type="com.spring.scenic.notice.domain.BusiNotice" extends="BaseResultMap" >
    <result column="CONTENT" property="content" jdbcType="CLOB" />
  </resultMap>
  
  <sql id="Base_Column_List" >
    ID, TITLE, OUTLINE, FILE_NAME, FILE_URL, IS_TOP, READ_COUNT, VALID, CREATE_USER, 
    CREATE_TIME, UPDATE_USER, UPDATE_TIME
  </sql>
  
  <sql id="Blob_Column_List" >
    CONTENT
  </sql>

  <!-- 查询单个公告 -->
  <select id="getNotice" resultMap="ResultMapWithBLOBs" parameterType="com.spring.scenic.notice.domain.BusiNotice">
    select 
    <include refid="Base_Column_List" />
    ,
    <include refid="Blob_Column_List" />
    from TB_BUSI_NOTICE t 
    where t.valid=1 
    <if test="id != null" >
      AND t.ID = #{id}
    </if>
    <if test="isTop != null" >
      AND t.IS_TOP = #{isTop}
    </if>
  </select>


  <!-- 查询置顶公告 -->
  <select id="getTop1Notice" resultMap="ResultMapWithBLOBs" >
  	select * from (
	    select 
	    <include refid="Base_Column_List" />
	    ,
	    <include refid="Blob_Column_List" />
	    from TB_BUSI_NOTICE t where t.valid=1 order by t.is_top desc,t.create_time desc
	) where rownum = 1
  </select>
  
  <!-- 查询前多少行公告 -->
  <select id="getTop5Notice" resultMap="ResultMapWithBLOBs" parameterType="java.lang.Integer">
  	select * from (
	    select 
	    <include refid="Base_Column_List" />
	    ,
	    <include refid="Blob_Column_List" />
	    from TB_BUSI_NOTICE t where t.valid=1 and t.is_top!=1 order by t.create_time desc 
	) where rownum &lt;= #{mxa}
  </select>
  
  <select id="getNoticeList" resultMap="ResultMapWithBLOBs" parameterType="com.spring.scenic.notice.domain.BusiNotice" >
    select 
    <include refid="Base_Column_List" />
    ,
    <include refid="Blob_Column_List" />
    from TB_BUSI_NOTICE t
    where t.valid=1 order by t.is_top desc,t.create_time desc
  </select>
  
  <delete id="deleteByPrimaryKey" parameterType="java.lang.Integer" >
    delete from TB_BUSI_NOTICE
    where ID = #{id,jdbcType=DECIMAL}
  </delete>
  
  <insert id="insertSelective" parameterType="com.spring.scenic.notice.domain.BusiNotice" >
    insert into TB_BUSI_NOTICE
    <trim prefix="(" suffix=")" suffixOverrides="," >
      <if test="id != null" >
        ID,
      </if>
      <if test="title != null" >
        TITLE,
      </if>
      <if test="outline != null" >
        OUTLINE,
      </if>
      <if test="fileName != null" >
        FILE_NAME,
      </if>
      <if test="fileUrl != null" >
        FILE_URL,
      </if>
      <if test="isTop != null" >
        IS_TOP,
      </if>
      <if test="readCount != null" >
        READ_COUNT,
      </if>
      <if test="valid != null" >
        VALID,
      </if>
      <if test="createUser != null" >
        CREATE_USER,
      </if>
      <if test="createTime != null" >
        CREATE_TIME,
      </if>
      <if test="updateUser != null" >
        UPDATE_USER,
      </if>
      <if test="updateTime != null" >
        UPDATE_TIME,
      </if>
      <if test="content != null" >
        CONTENT,
      </if>
    </trim>
    <trim prefix="values (" suffix=")" suffixOverrides="," >
      <if test="id != null" >
        #{id,jdbcType=DECIMAL},
      </if>
      <if test="title != null" >
        #{title,jdbcType=VARCHAR},
      </if>
      <if test="outline != null" >
        #{outline,jdbcType=VARCHAR},
      </if>
      <if test="fileName != null" >
        #{fileName,jdbcType=VARCHAR},
      </if>
      <if test="fileUrl != null" >
        #{fileUrl,jdbcType=VARCHAR},
      </if>
      <if test="isTop != null" >
        #{isTop,jdbcType=DECIMAL},
      </if>
      <if test="readCount != null" >
        #{readCount,jdbcType=DECIMAL},
      </if>
      <if test="valid != null" >
        #{valid,jdbcType=DECIMAL},
      </if>
      <if test="createUser != null" >
        #{createUser,jdbcType=DECIMAL},
      </if>
      <if test="createTime != null" >
        #{createTime,jdbcType=TIMESTAMP},
      </if>
      <if test="updateUser != null" >
        #{updateUser,jdbcType=DECIMAL},
      </if>
      <if test="updateTime != null" >
        #{updateTime,jdbcType=TIMESTAMP},
      </if>
      <if test="content != null" >
        #{content,jdbcType=CLOB},
      </if>
    </trim>
  </insert>
  
  <update id="updateByPrimaryKeyWithBLOBs" parameterType="com.spring.scenic.notice.domain.BusiNotice" >
    update TB_BUSI_NOTICE
    set TITLE = #{title,jdbcType=VARCHAR},
      OUTLINE = #{outline,jdbcType=VARCHAR},
      FILE_NAME = #{fileName,jdbcType=VARCHAR},
      FILE_URL = #{fileUrl,jdbcType=VARCHAR},
      IS_TOP = #{isTop,jdbcType=DECIMAL},
      READ_COUNT = #{readCount,jdbcType=DECIMAL},
      VALID = #{valid,jdbcType=DECIMAL},
      CREATE_USER = #{createUser,jdbcType=DECIMAL},
      CREATE_TIME = #{createTime,jdbcType=TIMESTAMP},
      UPDATE_USER = #{updateUser,jdbcType=DECIMAL},
      UPDATE_TIME = #{updateTime,jdbcType=TIMESTAMP},
      CONTENT = #{content,jdbcType=CLOB}
    where ID = #{id,jdbcType=DECIMAL}
  </update>
  <!-- 通过id更新阅读数 -->
  <update id="updateReadCountById" parameterType="com.spring.scenic.notice.domain.BusiNotice" >
    update TB_BUSI_NOTICE
    set READ_COUNT = #{readCount,jdbcType=DECIMAL}
    where ID = #{id,jdbcType=DECIMAL}
  </update>
  <update id="updateByPrimaryKey" parameterType="com.spring.scenic.notice.domain.BusiNotice" >
    update TB_BUSI_NOTICE
    set TITLE = #{title,jdbcType=VARCHAR},
      OUTLINE = #{outline,jdbcType=VARCHAR},
      FILE_NAME = #{fileName,jdbcType=VARCHAR},
      FILE_URL = #{fileUrl,jdbcType=VARCHAR},
      IS_TOP = #{isTop,jdbcType=DECIMAL},
      READ_COUNT = #{readCount,jdbcType=DECIMAL},
      VALID = #{valid,jdbcType=DECIMAL},
      CREATE_USER = #{createUser,jdbcType=DECIMAL},
      CREATE_TIME = #{createTime,jdbcType=TIMESTAMP},
      UPDATE_USER = #{updateUser,jdbcType=DECIMAL},
      UPDATE_TIME = #{updateTime,jdbcType=TIMESTAMP}
    where ID = #{id,jdbcType=DECIMAL}
  </update>
  
</mapper>