<?xml version="1.0" encoding="UTF-8" ?>
<beans xmlns="http://www.springframework.org/schema/beans"
	xmlns:xsi="http://www.w3.org/2001/XMLSchema-instance"
	xsi:schemaLocation="http://www.springframework.org/schema/beans 
						http://www.springframework.org/schema/beans/spring-beans-3.0.xsd">
    
	<bean class="org.springframework.scheduling.quartz.SchedulerFactoryBean">
	    <property name="triggers">
	         <list>
	               <ref bean="stuStatusTaskTrigger"/>
	               <ref bean="warnAndMeasureTaskTrigger"/>
	         </list>
	    </property>
	    <property name="autoStartup" value="true"/>
	</bean>
	
	<bean id="warnAndMeasureTaskTrigger" class="org.springframework.scheduling.quartz.CronTriggerBean">
	   <property name="jobDetail" ref="warnAndMeasureTaskDetail" />
	   <property name="cronExpression" value="0 0/5 * * * ?"/>  <!-- 每5分钟一次 -->
	</bean>
	
	<bean id="stuStatusTaskTrigger" class="org.springframework.scheduling.quartz.CronTriggerBean">
	   <property name="jobDetail" ref="stuStatusTaskDetail" />
	   <property name="cronExpression" value="0 0/2 * * * ?"/>  <!--每个月一日 1点执行 -->
	</bean>
	
	<bean id="stuStatusTaskDetail" class="org.springframework.scheduling.quartz.MethodInvokingJobDetailFactoryBean"> <!--注入类 -->
	    <property name="targetObject" ref="QuartzJob"/>  <!--注入业务类 -->
	    <property name="targetMethod" value="updateStuStatusTask"/>  <!--注入业务类方法名 -->
	    <property name="concurrent" value="true"/>  <!--并发执行 -->
	</bean>
	
	<bean id="warnAndMeasureTaskDetail" class="org.springframework.scheduling.quartz.MethodInvokingJobDetailFactoryBean"> <!--注入类 -->
	    <property name="targetObject" ref="JobBean"/>  <!--注入业务类 -->
	    <property name="targetMethod" value="updateWarnAndMeasureTask"/>  <!--注入业务类方法名 -->
	    <property name="concurrent" value="true"/>  <!--并发执行 -->
	</bean>

 </beans>