<?xml version="1.0" encoding="UTF-8"?>
<!DOCTYPE mapper PUBLIC "-//mybatis.org//DTD Mapper 3.0//EN" "http://mybatis.org/dtd/mybatis-3-mapper.dtd">
<mapper namespace="com.spring.scenic.member.infrastructure.MemberFeedbackImgMapper">
  <resultMap id="BaseResultMap" type="com.spring.scenic.member.domain.MemberFeedbackImg">
    <id column="ID" jdbcType="DECIMAL" property="id" />
    <result column="FEEDBACK_ID" jdbcType="DECIMAL" property="feedbackId" />
    <result column="IMG_NAME" jdbcType="VARCHAR" property="imgName" />
    <result column="IMG_URL" jdbcType="VARCHAR" property="imgUrl" />
  </resultMap>
  
  <sql id="Base_Column_List">
    ID, FEEDBACK_ID, IMG_NAME, IMG_URL
  </sql>
  
    <!-- 批量保存会员反馈相关图片信息 -->
  <insert id="addMemberFeedbackImgs" parameterType="java.util.List" >
    insert into TB_MEMBER_FEEDBACK_IMG (ID,IMG_NAME,IMG_URL,FEEDBACK_ID)
    	SELECT SEQ_TB_MEMBER_FEEDBACK_IMG.NEXTVAL, A.* FROM(
	    	<foreach collection="list" item="item" index="index" separator="union all" >
			SELECT
			
			<if test="item.imgName!=null">
				#{item.imgName}
			</if>
			<if test="item.imgName==null">
				null imgName
			</if>
			
			<if test="item.imgUrl!=null">
				,#{item.imgUrl}
			</if>
			<if test="item.imgUrl==null">
				,null imgUrl
			</if>
			
			<if test="item.feedbackId!=null">
				,#{item.feedbackId}
			</if>
			<if test="item.feedbackId==null">
				,null feedbackId
			</if>
			 FROM dual
			</foreach>
		)A
  </insert>
  
  <select id="selectByPrimaryKey" parameterType="java.lang.Integer" resultMap="BaseResultMap">
    select 
    <include refid="Base_Column_List" />
    from TB_MEMBER_FEEDBACK_IMG
    where ID = #{id,jdbcType=DECIMAL}
  </select>
  
  <delete id="deleteByPrimaryKey" parameterType="java.lang.Integer">
    delete from TB_MEMBER_FEEDBACK_IMG
    where ID = #{id,jdbcType=DECIMAL}
  </delete>
  
  <insert id="insert" parameterType="com.spring.scenic.member.domain.MemberFeedbackImg">
    insert into TB_MEMBER_FEEDBACK_IMG (ID, FEEDBACK_ID, IMG_NAME, 
      IMG_URL)
    values (#{id,jdbcType=DECIMAL}, #{feedbackId,jdbcType=DECIMAL}, #{imgName,jdbcType=VARCHAR}, 
      #{imgUrl,jdbcType=VARCHAR})
  </insert>
  
  <insert id="insertSelective" parameterType="com.spring.scenic.member.domain.MemberFeedbackImg">
    insert into TB_MEMBER_FEEDBACK_IMG
    <trim prefix="(" suffix=")" suffixOverrides=",">
      <if test="id != null">
        ID,
      </if>
      <if test="feedbackId != null">
        FEEDBACK_ID,
      </if>
      <if test="imgName != null">
        IMG_NAME,
      </if>
      <if test="imgUrl != null">
        IMG_URL,
      </if>
    </trim>
    <trim prefix="values (" suffix=")" suffixOverrides=",">
      <if test="id != null">
        #{id,jdbcType=DECIMAL},
      </if>
      <if test="feedbackId != null">
        #{feedbackId,jdbcType=DECIMAL},
      </if>
      <if test="imgName != null">
        #{imgName,jdbcType=VARCHAR},
      </if>
      <if test="imgUrl != null">
        #{imgUrl,jdbcType=VARCHAR},
      </if>
    </trim>
  </insert>
  <update id="updateByPrimaryKeySelective" parameterType="com.spring.scenic.member.domain.MemberFeedbackImg">
    update TB_MEMBER_FEEDBACK_IMG
    <set>
      <if test="feedbackId != null">
        FEEDBACK_ID = #{feedbackId,jdbcType=DECIMAL},
      </if>
      <if test="imgName != null">
        IMG_NAME = #{imgName,jdbcType=VARCHAR},
      </if>
      <if test="imgUrl != null">
        IMG_URL = #{imgUrl,jdbcType=VARCHAR},
      </if>
    </set>
    where ID = #{id,jdbcType=DECIMAL}
  </update>
  
  <update id="updateByPrimaryKey" parameterType="com.spring.scenic.member.domain.MemberFeedbackImg">
    update TB_MEMBER_FEEDBACK_IMG
    set FEEDBACK_ID = #{feedbackId,jdbcType=DECIMAL},
      IMG_NAME = #{imgName,jdbcType=VARCHAR},
      IMG_URL = #{imgUrl,jdbcType=VARCHAR}
    where ID = #{id,jdbcType=DECIMAL}
  </update>
</mapper>