<?xml version="1.0" encoding="UTF-8" ?>
<!DOCTYPE mapper PUBLIC "-//mybatis.org//DTD Mapper 3.0//EN" "http://mybatis.org/dtd/mybatis-3-mapper.dtd" >
<mapper namespace="com.spring.scenic.member.infrastructure.MemberFeedbackMapper" >
  <resultMap id="BaseResultMap" type="com.spring.scenic.member.domain.MemberFeedback" >
    <!--
      WARNING - @mbggenerated
      This element is automatically generated by MyBatis Generator, do not modify.
      This element was generated on Thu Dec 01 23:03:09 CST 2016.
    -->
    <id column="ID" property="id" jdbcType="DECIMAL" />
    <result column="MEMBER_ID" property="memberId" jdbcType="DECIMAL" />
    <result column="FEEDBACK_TITLE" property="feedbackTitle" jdbcType="VARCHAR" />
    <result column="FEEDBACK_TIME" property="feedbackTime" jdbcType="TIMESTAMP" />
    <result column="LINK_MAN" property="linkMan" jdbcType="VARCHAR" />
    <result column="LINK_PHONE" property="linkPhone" jdbcType="VARCHAR" />
  </resultMap>
  <resultMap id="ResultMapWithBLOBs" type="com.spring.scenic.member.domain.MemberFeedback" extends="BaseResultMap" >
    <!--
      WARNING - @mbggenerated
      This element is automatically generated by MyBatis Generator, do not modify.
      This element was generated on Thu Dec 01 23:03:09 CST 2016.
    -->
    <result column="FEEDBACK_CONTENT" property="feedbackContent" jdbcType="CLOB" />
  </resultMap>
  <sql id="Base_Column_List" >
    <!--
      WARNING - @mbggenerated
      This element is automatically generated by MyBatis Generator, do not modify.
      This element was generated on Thu Dec 01 23:03:09 CST 2016.
    -->
    ID, MEMBER_ID, FEEDBACK_TITLE, FEEDBACK_TIME, LINK_MAN, LINK_PHONE
  </sql>
  <sql id="Blob_Column_List" >
    <!--
      WARNING - @mbggenerated
      This element is automatically generated by MyBatis Generator, do not modify.
      This element was generated on Thu Dec 01 23:03:09 CST 2016.
    -->
    FEEDBACK_CONTENT
  </sql>
  <select id="selectByPrimaryKey" resultMap="ResultMapWithBLOBs" parameterType="java.lang.Integer" >
    <!--
      WARNING - @mbggenerated
      This element is automatically generated by MyBatis Generator, do not modify.
      This element was generated on Thu Dec 01 23:03:09 CST 2016.
    -->
    select 
    <include refid="Base_Column_List" />
    ,
    <include refid="Blob_Column_List" />
    from TB_MEMBER_FEEDBACK
    where ID = #{id,jdbcType=DECIMAL}
  </select>
  <delete id="deleteByPrimaryKey" parameterType="java.lang.Integer" >
    <!--
      WARNING - @mbggenerated
      This element is automatically generated by MyBatis Generator, do not modify.
      This element was generated on Thu Dec 01 23:03:09 CST 2016.
    -->
    delete from TB_MEMBER_FEEDBACK
    where ID = #{id,jdbcType=DECIMAL}
  </delete>
  <insert id="insert" parameterType="com.spring.scenic.member.domain.MemberFeedback" >
    insert into TB_MEMBER_FEEDBACK (ID, MEMBER_ID, FEEDBACK_TITLE, 
      FEEDBACK_TIME, LINK_MAN, LINK_PHONE, 
      FEEDBACK_CONTENT)
    values (#{id,jdbcType=DECIMAL}, #{memberId,jdbcType=DECIMAL}, #{feedbackTitle,jdbcType=VARCHAR}, 
      #{feedbackTime,jdbcType=TIMESTAMP}, #{linkMan,jdbcType=VARCHAR}, #{linkPhone,jdbcType=VARCHAR}, 
      #{feedbackContent,jdbcType=CLOB})
  </insert>
  
  <!-- 新增意见反馈信息 -->
  <insert id="addMemberFeedback" parameterType="com.spring.scenic.member.domain.MemberFeedback" >
  	<selectKey keyProperty="id" order="BEFORE" resultType="java.lang.Integer">
		select SEQ_TB_MEMBER_FEEDBACK.nextval from dual
	</selectKey>
    insert into TB_MEMBER_FEEDBACK
    <trim prefix="(" suffix=")" suffixOverrides="," >
      <if test="id != null" >
        ID,
      </if>
      <if test="memberId != null" >
        MEMBER_ID,
      </if>
      <if test="feedbackTitle != null" >
        FEEDBACK_TITLE,
      </if>
      <if test="feedbackTime != null" >
        FEEDBACK_TIME,
      </if>
      <if test="linkMan != null" >
        LINK_MAN,
      </if>
      <if test="linkPhone != null" >
        LINK_PHONE,
      </if>
      <if test="feedbackContent != null" >
        FEEDBACK_CONTENT,
      </if>
    </trim>
    <trim prefix="values (" suffix=")" suffixOverrides="," >
      <if test="id != null" >
        #{id,jdbcType=DECIMAL},
      </if>
      <if test="memberId != null" >
        #{memberId,jdbcType=DECIMAL},
      </if>
      <if test="feedbackTitle != null" >
        #{feedbackTitle,jdbcType=VARCHAR},
      </if>
      <if test="feedbackTime != null" >
        #{feedbackTime,jdbcType=TIMESTAMP},
      </if>
      <if test="linkMan != null" >
        #{linkMan,jdbcType=VARCHAR},
      </if>
      <if test="linkPhone != null" >
        #{linkPhone,jdbcType=VARCHAR},
      </if>
      <if test="feedbackContent != null" >
        #{feedbackContent,jdbcType=CLOB},
      </if>
    </trim>
  </insert>
  
  <update id="updateByPrimaryKeySelective" parameterType="com.spring.scenic.member.domain.MemberFeedback" >
    update TB_MEMBER_FEEDBACK
    <set >
      <if test="memberId != null" >
        MEMBER_ID = #{memberId,jdbcType=DECIMAL},
      </if>
      <if test="feedbackTitle != null" >
        FEEDBACK_TITLE = #{feedbackTitle,jdbcType=VARCHAR},
      </if>
      <if test="feedbackTime != null" >
        FEEDBACK_TIME = #{feedbackTime,jdbcType=TIMESTAMP},
      </if>
      <if test="linkMan != null" >
        LINK_MAN = #{linkMan,jdbcType=VARCHAR},
      </if>
      <if test="linkPhone != null" >
        LINK_PHONE = #{linkPhone,jdbcType=VARCHAR},
      </if>
      <if test="feedbackContent != null" >
        FEEDBACK_CONTENT = #{feedbackContent,jdbcType=CLOB},
      </if>
    </set>
    where ID = #{id,jdbcType=DECIMAL}
  </update>
  
  <update id="updateByPrimaryKeyWithBLOBs" parameterType="com.spring.scenic.member.domain.MemberFeedback" >
    update TB_MEMBER_FEEDBACK
    set MEMBER_ID = #{memberId,jdbcType=DECIMAL},
      FEEDBACK_TITLE = #{feedbackTitle,jdbcType=VARCHAR},
      FEEDBACK_TIME = #{feedbackTime,jdbcType=TIMESTAMP},
      LINK_MAN = #{linkMan,jdbcType=VARCHAR},
      LINK_PHONE = #{linkPhone,jdbcType=VARCHAR},
      FEEDBACK_CONTENT = #{feedbackContent,jdbcType=CLOB}
    where ID = #{id,jdbcType=DECIMAL}
  </update>
  <update id="updateByPrimaryKey" parameterType="com.spring.scenic.member.domain.MemberFeedback" >
    <!--
      WARNING - @mbggenerated
      This element is automatically generated by MyBatis Generator, do not modify.
      This element was generated on Thu Dec 01 23:03:09 CST 2016.
    -->
    update TB_MEMBER_FEEDBACK
    set MEMBER_ID = #{memberId,jdbcType=DECIMAL},
      FEEDBACK_TITLE = #{feedbackTitle,jdbcType=VARCHAR},
      FEEDBACK_TIME = #{feedbackTime,jdbcType=TIMESTAMP},
      LINK_MAN = #{linkMan,jdbcType=VARCHAR},
      LINK_PHONE = #{linkPhone,jdbcType=VARCHAR}
    where ID = #{id,jdbcType=DECIMAL}
  </update>
</mapper>