<?xml version="1.0" encoding="UTF-8" ?>
<!DOCTYPE mapper PUBLIC "-//mybatis.org//DTD Mapper 3.0//EN" "http://mybatis.org/dtd/mybatis-3-mapper.dtd" >
<mapper namespace="com.spring.scenic.member.infrastructure.MemberSharedAccountMapper" >
  <resultMap id="BaseResultMap" type="com.spring.scenic.member.domain.MemberSharedAccount" >
    <id column="ID" property="id" jdbcType="DECIMAL" />
    <result column="ACCOUNT_TYPE" property="accountType" jdbcType="DECIMAL" />
    <result column="ACCOUNT_NUM" property="accountNum" jdbcType="VARCHAR" />
    <result column="MEMBER_ID" property="memberId" jdbcType="DECIMAL" />
    <result column="CREATE_USER" property="createUser" jdbcType="DECIMAL" />
    <result column="CREATE_TIME" property="createTime" jdbcType="TIMESTAMP" />
    <result column="UPDATE_USER" property="updateUser" jdbcType="DECIMAL" />
    <result column="UPDATE_TIME" property="updateTime" jdbcType="TIMESTAMP" />
  </resultMap>
  
  <sql id="Base_Column_List" >
    S.ID, S.ACCOUNT_TYPE, S.ACCOUNT_NUM, S.MEMBER_ID, S.CREATE_USER, S.CREATE_TIME, S.UPDATE_USER, 
    S.UPDATE_TIME
  </sql>
  
  <select id="selectByPrimaryKey" resultMap="BaseResultMap" parameterType="java.lang.Integer" >
    select 
    <include refid="Base_Column_List" />
    from TB_MEMBER_SHARED_ACCOUNT
    where ID = #{id,jdbcType=DECIMAL}
  </select>
  
  <select id="getMemberSharedAccountList" resultMap="BaseResultMap" parameterType="java.lang.Integer" >
    select 
    <include refid="Base_Column_List" />
    from TB_MEMBER_SHARED_ACCOUNT S
    where S.MEMBER_ID = #{id,jdbcType=DECIMAL}
  </select>
  
  <delete id="deleteByPrimaryKey" parameterType="java.lang.Integer" >
    delete from TB_MEMBER_SHARED_ACCOUNT
    where ID = #{id,jdbcType=DECIMAL}
  </delete>
  <insert id="insert" parameterType="com.spring.scenic.member.domain.MemberSharedAccount" >
    <!--
      WARNING - @mbggenerated
      This element is automatically generated by MyBatis Generator, do not modify.
      This element was generated on Sun Jan 01 16:10:15 CST 2017.
    -->
    insert into TB_MEMBER_SHARED_ACCOUNT (ID, ACCOUNT_TYPE, ACCOUNT_NUM, 
      MEMBER_ID, CREATE_USER, CREATE_TIME, 
      UPDATE_USER, UPDATE_TIME)
    values (#{id,jdbcType=DECIMAL}, #{accountType,jdbcType=DECIMAL}, #{accountNum,jdbcType=VARCHAR}, 
      #{memberId,jdbcType=DECIMAL}, #{createUser,jdbcType=DECIMAL}, #{createTime,jdbcType=TIMESTAMP}, 
      #{updateUser,jdbcType=DECIMAL}, #{updateTime,jdbcType=TIMESTAMP})
  </insert>
  <insert id="insertSelective" parameterType="com.spring.scenic.member.domain.MemberSharedAccount" >
    <!--
      WARNING - @mbggenerated
      This element is automatically generated by MyBatis Generator, do not modify.
      This element was generated on Sun Jan 01 16:10:15 CST 2017.
    -->
    insert into TB_MEMBER_SHARED_ACCOUNT
    <trim prefix="(" suffix=")" suffixOverrides="," >
      <if test="id != null" >
        ID,
      </if>
      <if test="accountType != null" >
        ACCOUNT_TYPE,
      </if>
      <if test="accountNum != null" >
        ACCOUNT_NUM,
      </if>
      <if test="memberId != null" >
        MEMBER_ID,
      </if>
      <if test="createUser != null" >
        CREATE_USER,
      </if>
      <if test="createTime != null" >
        CREATE_TIME,
      </if>
      <if test="updateUser != null" >
        UPDATE_USER,
      </if>
      <if test="updateTime != null" >
        UPDATE_TIME,
      </if>
    </trim>
    <trim prefix="values (" suffix=")" suffixOverrides="," >
      <if test="id != null" >
        #{id,jdbcType=DECIMAL},
      </if>
      <if test="accountType != null" >
        #{accountType,jdbcType=DECIMAL},
      </if>
      <if test="accountNum != null" >
        #{accountNum,jdbcType=VARCHAR},
      </if>
      <if test="memberId != null" >
        #{memberId,jdbcType=DECIMAL},
      </if>
      <if test="createUser != null" >
        #{createUser,jdbcType=DECIMAL},
      </if>
      <if test="createTime != null" >
        #{createTime,jdbcType=TIMESTAMP},
      </if>
      <if test="updateUser != null" >
        #{updateUser,jdbcType=DECIMAL},
      </if>
      <if test="updateTime != null" >
        #{updateTime,jdbcType=TIMESTAMP},
      </if>
    </trim>
  </insert>
  <update id="updateByPrimaryKeySelective" parameterType="com.spring.scenic.member.domain.MemberSharedAccount" >
    <!--
      WARNING - @mbggenerated
      This element is automatically generated by MyBatis Generator, do not modify.
      This element was generated on Sun Jan 01 16:10:15 CST 2017.
    -->
    update TB_MEMBER_SHARED_ACCOUNT
    <set >
      <if test="accountType != null" >
        ACCOUNT_TYPE = #{accountType,jdbcType=DECIMAL},
      </if>
      <if test="accountNum != null" >
        ACCOUNT_NUM = #{accountNum,jdbcType=VARCHAR},
      </if>
      <if test="memberId != null" >
        MEMBER_ID = #{memberId,jdbcType=DECIMAL},
      </if>
      <if test="createUser != null" >
        CREATE_USER = #{createUser,jdbcType=DECIMAL},
      </if>
      <if test="createTime != null" >
        CREATE_TIME = #{createTime,jdbcType=TIMESTAMP},
      </if>
      <if test="updateUser != null" >
        UPDATE_USER = #{updateUser,jdbcType=DECIMAL},
      </if>
      <if test="updateTime != null" >
        UPDATE_TIME = #{updateTime,jdbcType=TIMESTAMP},
      </if>
    </set>
    where ID = #{id,jdbcType=DECIMAL}
  </update>
  <update id="updateByPrimaryKey" parameterType="com.spring.scenic.member.domain.MemberSharedAccount" >
    <!--
      WARNING - @mbggenerated
      This element is automatically generated by MyBatis Generator, do not modify.
      This element was generated on Sun Jan 01 16:10:15 CST 2017.
    -->
    update TB_MEMBER_SHARED_ACCOUNT
    set ACCOUNT_TYPE = #{accountType,jdbcType=DECIMAL},
      ACCOUNT_NUM = #{accountNum,jdbcType=VARCHAR},
      MEMBER_ID = #{memberId,jdbcType=DECIMAL},
      CREATE_USER = #{createUser,jdbcType=DECIMAL},
      CREATE_TIME = #{createTime,jdbcType=TIMESTAMP},
      UPDATE_USER = #{updateUser,jdbcType=DECIMAL},
      UPDATE_TIME = #{updateTime,jdbcType=TIMESTAMP}
    where ID = #{id,jdbcType=DECIMAL}
  </update>
</mapper>