<?xml version="1.0" encoding="UTF-8" ?>
<!DOCTYPE mapper PUBLIC "-//mybatis.org//DTD Mapper 3.0//EN" "http://mybatis.org/dtd/mybatis-3-mapper.dtd" >
<mapper namespace="com.spring.scenic.member.infrastructure.MemberAddressMapper" >
  <resultMap id="BaseResultMap" type="com.spring.scenic.member.domain.MemberAddress" >
    <id column="ID" property="id" jdbcType="DECIMAL" />
    <result column="MEMBER_ID" property="memberId" jdbcType="DECIMAL" />
    <result column="RECEIVE_NAME" property="receiveName" jdbcType="VARCHAR" />
    <result column="RECEIVE_PHONE" property="receivePhone" jdbcType="VARCHAR" />
    <result column="COUNTRY_ID" property="countryId" jdbcType="DECIMAL" />
    <result column="PROVICE_ID" property="provinceId" jdbcType="DECIMAL" />
    <result column="CITY_ID" property="cityId" jdbcType="DECIMAL" />
    <result column="AREA_ID" property="areaId" jdbcType="VARCHAR" />
    <result column="ADDRESS_DETAIL" property="addressDetail" jdbcType="VARCHAR" />
    <result column="POST_CODE" property="postCode" jdbcType="VARCHAR" />
    <result column="VALID" property="valid" jdbcType="DECIMAL" />
    <result column="CREATE_USER" property="createUser" jdbcType="DECIMAL" />
    <result column="CREATE_TIME" property="createTime" jdbcType="TIMESTAMP" />
    <result column="UPDATE_USER" property="updateUser" jdbcType="DECIMAL" />
    <result column="UPDATE_TIME" property="updateTime" jdbcType="TIMESTAMP" />
    <result column="COUNTRY_NAME" property="countryName" jdbcType="VARCHAR" />
    <result column="PROVINCE_NAME" property="provinceName" jdbcType="VARCHAR" />
    <result column="CITY_NAME" property="cityName" jdbcType="VARCHAR" />
    <result column="IS_DEFAULT" property="isDefault" jdbcType="DECIMAL" />
    <result column="COUNTRY_VALID" property="countryValid" jdbcType="DECIMAL" />
    <result column="PROVINCE_VALID" property="provinceValid" jdbcType="DECIMAL" />
    <result column="CITY_VALID" property="cityValid" jdbcType="DECIMAL" />
  </resultMap>
  
  <!-- 地址基本信息 -->
  <sql id="Base_Column_List" >
    A.ID,A.MEMBER_ID, A.RECEIVE_NAME, A.RECEIVE_PHONE, A.COUNTRY_ID, A.PROVICE_ID, A.CITY_ID, A.AREA_ID, 
    A.ADDRESS_DETAIL, A.POST_CODE, A.VALID, A.CREATE_USER, A.CREATE_TIME, A.UPDATE_USER, A.UPDATE_TIME,A.IS_DEFAULT
  </sql>
  
  <!-- 带国家名称 -->
  <sql id="Base_Column_Country">
  	B.NAME COUNTRY_NAME,B.VALID COUNTRY_VALID
  </sql>
   <!-- 带省份名称 -->
  <sql id="Base_Column_Province">
  	C.NAME PROVINCE_NAME,C.VALID PROVINCE_VALID
  </sql>
   <!-- 带城市名称 -->
  <sql id="Base_Column_City">
  	D.NAME CITY_NAME,D.VALID CITY_VALID
  </sql>
  
  <select id="selectByPrimaryKey" resultMap="BaseResultMap" parameterType="java.lang.Integer" >
    select 
    <include refid="Base_Column_List" />
    ,
    <include refid="Base_Column_Country" />
    ,
    <include refid="Base_Column_Province" />
    ,
    <include refid="Base_Column_City" />
    from TB_MEMBER_ADDRESS A
    left join TB_COUNTRY B ON B.ID = A.COUNTRY_ID
 	left join TB_PROVINCE C ON C.ID = A.PROVICE_ID
 	left join TB_CITY D ON D.ID = A.CITY_ID
    where A.ID = #{id,jdbcType=DECIMAL}
  </select>
  
  <select id="selectCommonAddressList" resultMap="BaseResultMap" parameterType="java.lang.Integer" >
    select 
    <include refid="Base_Column_List" />
    ,
    <include refid="Base_Column_Country" />
    ,
    <include refid="Base_Column_Province" />
    ,
    <include refid="Base_Column_City" />
    from TB_MEMBER_ADDRESS A
    left join TB_COUNTRY B ON B.ID = A.COUNTRY_ID
 	left join TB_PROVINCE C ON C.ID = A.PROVICE_ID
 	left join TB_CITY D ON D.ID = A.CITY_ID
    where A.MEMBER_ID = #{memberId,jdbcType=DECIMAL}
    order by A.IS_DEFAULT desc, A.UPDATE_TIME desc
  </select>
  
  <delete id="deleteByPrimaryKey" parameterType="java.lang.Integer" >
    delete from TB_MEMBER_ADDRESS
    where ID = #{id,jdbcType=DECIMAL}
  </delete>
  
  <insert id="insert" parameterType="com.spring.scenic.member.domain.MemberAddress" >
    insert into TB_MEMBER_ADDRESS (ID, MEMBER_ID, RECEIVE_NAME, 
      RECEIVE_PHONE, COUNTRY_ID, PROVICE_ID, 
      CITY_ID, AREA_ID, ADDRESS_DETAIL, 
      POST_CODE, VALID, CREATE_USER, 
      CREATE_TIME, UPDATE_USER, UPDATE_TIME
      )
    values (#{id,jdbcType=DECIMAL}, #{memberId,jdbcType=DECIMAL}, #{receiveName,jdbcType=VARCHAR}, 
      #{receivePhone,jdbcType=VARCHAR}, #{countryId,jdbcType=DECIMAL}, #{provinceId,jdbcType=DECIMAL}, 
      #{cityId,jdbcType=DECIMAL}, #{areaId,jdbcType=VARCHAR}, #{addressDetail,jdbcType=VARCHAR}, 
      #{postCode,jdbcType=VARCHAR}, #{valid,jdbcType=DECIMAL}, #{createUser,jdbcType=DECIMAL}, 
      #{createTime,jdbcType=TIMESTAMP}, #{updateUser,jdbcType=DECIMAL}, #{updateTime,jdbcType=TIMESTAMP}
      )
  </insert>
  <insert id="addCommonAddress" parameterType="com.spring.scenic.member.domain.MemberAddress" >
    <selectKey keyProperty="id" order="BEFORE" resultType="java.lang.Integer">
		select SEQ_TB_MEMBER_ADDRESS.nextval from dual
	</selectKey>
    insert into TB_MEMBER_ADDRESS
    <trim prefix="(" suffix=")" suffixOverrides="," >
      <if test="id != null" >
        ID,
      </if>
      <if test="memberId != null" >
        MEMBER_ID,
      </if>
      <if test="receiveName != null" >
        RECEIVE_NAME,
      </if>
      <if test="receivePhone != null" >
        RECEIVE_PHONE,
      </if>
      <if test="countryId != null" >
        COUNTRY_ID,
      </if>
      <if test="provinceId != null" >
        PROVICE_ID,
      </if>
      <if test="cityId != null" >
        CITY_ID,
      </if>
      <if test="areaId != null" >
        AREA_ID,
      </if>
      <if test="addressDetail != null" >
        ADDRESS_DETAIL,
      </if>
      <if test="postCode != null" >
        POST_CODE,
      </if>
      <if test="valid != null" >
        VALID,
      </if>
      <if test="isDefault != null" >
        IS_DEFAULT,
      </if>
      <if test="createUser != null" >
        CREATE_USER,
      </if>
      <if test="createTime != null" >
        CREATE_TIME,
      </if>
      <if test="updateUser != null" >
        UPDATE_USER,
      </if>
      <if test="updateTime != null" >
        UPDATE_TIME,
      </if>
    </trim>
    <trim prefix="values (" suffix=")" suffixOverrides="," >
      <if test="id != null" >
        #{id,jdbcType=DECIMAL},
      </if>
      <if test="memberId != null" >
        #{memberId,jdbcType=DECIMAL},
      </if>
      <if test="receiveName != null" >
        #{receiveName,jdbcType=VARCHAR},
      </if>
      <if test="receivePhone != null" >
        #{receivePhone,jdbcType=VARCHAR},
      </if>
      <if test="countryId != null" >
        #{countryId,jdbcType=DECIMAL},
      </if>
      <if test="provinceId != null" >
        #{provinceId,jdbcType=DECIMAL},
      </if>
      <if test="cityId != null" >
        #{cityId,jdbcType=DECIMAL},
      </if>
      <if test="areaId != null" >
        #{areaId,jdbcType=VARCHAR},
      </if>
      <if test="addressDetail != null" >
        #{addressDetail,jdbcType=VARCHAR},
      </if>
      <if test="postCode != null" >
        #{postCode,jdbcType=VARCHAR},
      </if>
      <if test="valid != null" >
        #{valid,jdbcType=DECIMAL},
      </if>
      <if test="isDefault != null" >
        #{isDefault,jdbcType=DECIMAL},
      </if>
      <if test="createUser != null" >
        #{createUser,jdbcType=DECIMAL},
      </if>
      <if test="createTime != null" >
        #{createTime,jdbcType=TIMESTAMP},
      </if>
      <if test="updateUser != null" >
        #{updateUser,jdbcType=DECIMAL},
      </if>
      <if test="updateTime != null" >
        #{updateTime,jdbcType=TIMESTAMP},
      </if>
    </trim>
  </insert>
  
  <update id="updateByPrimaryKeySelective" parameterType="com.spring.scenic.member.domain.MemberAddress" >
    update TB_MEMBER_ADDRESS
    <set >
      <if test="memberId != null" >
        MEMBER_ID = #{memberId,jdbcType=DECIMAL},
      </if>
      <if test="receiveName != null" >
        RECEIVE_NAME = #{receiveName,jdbcType=VARCHAR},
      </if>
      <if test="receivePhone != null" >
        RECEIVE_PHONE = #{receivePhone,jdbcType=VARCHAR},
      </if>
      <if test="countryId != null" >
        COUNTRY_ID = #{countryId,jdbcType=DECIMAL},
      </if>
      <if test="provinceId != null" >
        PROVICE_ID = #{provinceId,jdbcType=DECIMAL},
      </if>
      <if test="cityId != null" >
        CITY_ID = #{cityId,jdbcType=DECIMAL},
      </if>
      <if test="areaId != null" >
        AREA_ID = #{areaId,jdbcType=VARCHAR},
      </if>
      <if test="addressDetail != null" >
        ADDRESS_DETAIL = #{addressDetail,jdbcType=VARCHAR},
      </if>
      <if test="postCode != null" >
        POST_CODE = #{postCode,jdbcType=VARCHAR},
      </if>
      <if test="valid != null" >
        VALID = #{valid,jdbcType=DECIMAL},
      </if>
      <if test="createUser != null" >
        CREATE_USER = #{createUser,jdbcType=DECIMAL},
      </if>
      <if test="createTime != null" >
        CREATE_TIME = #{createTime,jdbcType=TIMESTAMP},
      </if>
      <if test="updateUser != null" >
        UPDATE_USER = #{updateUser,jdbcType=DECIMAL},
      </if>
      <if test="updateTime != null" >
        UPDATE_TIME = #{updateTime,jdbcType=TIMESTAMP},
      </if>
    </set>
    where ID = #{id,jdbcType=DECIMAL}
  </update>
  
  <update id="updateCommonAddress" parameterType="com.spring.scenic.member.domain.MemberAddress" >
    update TB_MEMBER_ADDRESS
    set MEMBER_ID = #{memberId,jdbcType=DECIMAL},
      RECEIVE_NAME = #{receiveName,jdbcType=VARCHAR},
      RECEIVE_PHONE = #{receivePhone,jdbcType=VARCHAR},
      COUNTRY_ID = #{countryId,jdbcType=DECIMAL},
      PROVICE_ID = #{provinceId,jdbcType=DECIMAL},
      CITY_ID = #{cityId,jdbcType=DECIMAL},
      AREA_ID = #{areaId,jdbcType=VARCHAR},
      ADDRESS_DETAIL = #{addressDetail,jdbcType=VARCHAR},
      POST_CODE = #{postCode,jdbcType=VARCHAR},
      VALID = #{valid,jdbcType=DECIMAL},
      IS_DEFAULT = #{isDefault,jdbcType=DECIMAL},
      CREATE_USER = #{createUser,jdbcType=DECIMAL},
      CREATE_TIME = #{createTime,jdbcType=TIMESTAMP},
      UPDATE_USER = #{updateUser,jdbcType=DECIMAL},
      UPDATE_TIME = #{updateTime,jdbcType=TIMESTAMP}
    where ID = #{id,jdbcType=DECIMAL}
  </update>
  
    <!-- 更新会员常用地址为非默认状态 -->
  <update id="updateCommonAddressNotDefault" parameterType="java.lang.Integer">
    update TB_MEMBER_ADDRESS
    set    IS_DEFAULT = 0
    where  MEMBER_ID = #{memberId,jdbcType=DECIMAL}
    and	   IS_DEFAULT = 1
  </update>
  
</mapper>