<?xml version="1.0" encoding="UTF-8" ?>
<!DOCTYPE mapper PUBLIC "-//mybatis.org//DTD Mapper 3.0//EN" "http://mybatis.org/dtd/mybatis-3-mapper.dtd" >
<mapper namespace="com.spring.scenic.member.infrastructure.CollectionMapper" >
  <resultMap id="BaseResultMap" type="com.spring.scenic.member.domain.Collection" >
    <id column="ID" property="id" jdbcType="DECIMAL" />
    <result column="COLLECTION_TYPE" property="collectionType" jdbcType="DECIMAL" />
    <result column="MEMBER_ID" property="memberId" jdbcType="DECIMAL" />
    <result column="COLLECTION_CONTENT_ID" property="collectionContentId" jdbcType="DECIMAL" />
    <result column="CREATE_USER" property="createUser" jdbcType="DECIMAL" />
    <result column="CREATE_TIME" property="createTime" jdbcType="TIMESTAMP" />
    <result column="UPDATE_USER" property="updateUser" jdbcType="DECIMAL" />
    <result column="UPDATE_TIME" property="updateTime" jdbcType="TIMESTAMP" />
    <result column="LOGIN_IP" property="loginIp" jdbcType="VARCHAR" />
  </resultMap>
  
  <sql id="Base_Column_List" >
    T.ID, T.COLLECTION_TYPE, T.MEMBER_ID, T.COLLECTION_CONTENT_ID, T.CREATE_USER, T.CREATE_TIME, 
    T.UPDATE_USER, T.UPDATE_TIME
  </sql>
  
  
  
  <select id="getMemberCollections" resultMap="BaseResultMap" parameterType="com.spring.scenic.member.domain.Collection" >
    select 
	    <include refid="Base_Column_List" />
	    ,N.TITLE collectionName from TB_MEMBER_COLLECTION t  
	    left join TB_TRAVEL_NOTES N 
	    on T.COLLECTION_CONTENT_ID = N.ID 
	    where T.COLLECTION_TYPE= 2
	    and T.MEMBER_ID = #{memberId,jdbcType=DECIMAL}
	    and N.STATUS = 2
    union all
    select
     	<include refid="Base_Column_List" />
	    ,P.PRODUCT_NAME collectionName  from TB_MEMBER_COLLECTION t 
	    left join TB_PRODUCT P 
	    on t.collection_content_id=p.id 
	    where t.COLLECTION_TYPE= 1 
	    and T.MEMBER_ID = #{memberId,jdbcType=DECIMAL}
	    order by CREATE_TIME desc
  </select>
  
  <delete id="deleteByPrimaryKey" parameterType="java.lang.Integer" >
    delete from TB_MEMBER_COLLECTION
    where ID = #{id,jdbcType=DECIMAL}
  </delete>
  
  <insert id="insert" parameterType="com.spring.scenic.member.domain.Collection" >
    insert into TB_MEMBER_COLLECTION (ID, COLLECTION_TYPE, MEMBER_ID, 
      COLLECTION_CONTENT_ID, CREATE_USER, CREATE_TIME, 
      UPDATE_USER, UPDATE_TIME)
    values (#{id,jdbcType=DECIMAL}, #{collectionType,jdbcType=DECIMAL}, #{memberId,jdbcType=DECIMAL}, 
      #{collectionContentId,jdbcType=DECIMAL}, #{createUser,jdbcType=DECIMAL}, #{createTime,jdbcType=TIMESTAMP}, 
      #{updateUser,jdbcType=DECIMAL}, #{updateTime,jdbcType=TIMESTAMP})
  </insert>
  
  <insert id="insertSelective" parameterType="com.spring.scenic.member.domain.Collection" >
    insert into TB_MEMBER_COLLECTION
    <trim prefix="(" suffix=")" suffixOverrides="," >
      <if test="id != null" >
        ID,
      </if>
      <if test="collectionType != null" >
        COLLECTION_TYPE,
      </if>
      <if test="memberId != null" >
        MEMBER_ID,
      </if>
      <if test="collectionContentId != null" >
        COLLECTION_CONTENT_ID,
      </if>
      <if test="createUser != null" >
        CREATE_USER,
      </if>
      <if test="createTime != null" >
        CREATE_TIME,
      </if>
      <if test="updateUser != null" >
        UPDATE_USER,
      </if>
      <if test="updateTime != null" >
        UPDATE_TIME,
      </if>
    </trim>
    <trim prefix="values (" suffix=")" suffixOverrides="," >
      <if test="id != null" >
        #{id,jdbcType=DECIMAL},
      </if>
      <if test="collectionType != null" >
        #{collectionType,jdbcType=DECIMAL},
      </if>
      <if test="memberId != null" >
        #{memberId,jdbcType=DECIMAL},
      </if>
      <if test="collectionContentId != null" >
        #{collectionContentId,jdbcType=DECIMAL},
      </if>
      <if test="createUser != null" >
        #{createUser,jdbcType=DECIMAL},
      </if>
      <if test="createTime != null" >
        #{createTime,jdbcType=TIMESTAMP},
      </if>
      <if test="updateUser != null" >
        #{updateUser,jdbcType=DECIMAL},
      </if>
      <if test="updateTime != null" >
        #{updateTime,jdbcType=TIMESTAMP},
      </if>
    </trim>
  </insert>
  <update id="updateByPrimaryKeySelective" parameterType="com.spring.scenic.member.domain.Collection" >
    <!--
      WARNING - @mbggenerated
      This element is automatically generated by MyBatis Generator, do not modify.
      This element was generated on Wed Mar 29 14:23:49 CST 2017.
    -->
    update TB_MEMBER_COLLECTION
    <set >
      <if test="collectionType != null" >
        COLLECTION_TYPE = #{collectionType,jdbcType=DECIMAL},
      </if>
      <if test="memberId != null" >
        MEMBER_ID = #{memberId,jdbcType=DECIMAL},
      </if>
      <if test="collectionContentId != null" >
        COLLECTION_CONTENT_ID = #{collectionContentId,jdbcType=DECIMAL},
      </if>
      <if test="createUser != null" >
        CREATE_USER = #{createUser,jdbcType=DECIMAL},
      </if>
      <if test="createTime != null" >
        CREATE_TIME = #{createTime,jdbcType=TIMESTAMP},
      </if>
      <if test="updateUser != null" >
        UPDATE_USER = #{updateUser,jdbcType=DECIMAL},
      </if>
      <if test="updateTime != null" >
        UPDATE_TIME = #{updateTime,jdbcType=TIMESTAMP},
      </if>
    </set>
    where ID = #{id,jdbcType=DECIMAL}
  </update>
  <update id="updateByPrimaryKey" parameterType="com.spring.scenic.member.domain.Collection" >
    <!--
      WARNING - @mbggenerated
      This element is automatically generated by MyBatis Generator, do not modify.
      This element was generated on Wed Mar 29 14:23:49 CST 2017.
    -->
    update TB_MEMBER_COLLECTION
    set COLLECTION_TYPE = #{collectionType,jdbcType=DECIMAL},
      MEMBER_ID = #{memberId,jdbcType=DECIMAL},
      COLLECTION_CONTENT_ID = #{collectionContentId,jdbcType=DECIMAL},
      CREATE_USER = #{createUser,jdbcType=DECIMAL},
      CREATE_TIME = #{createTime,jdbcType=TIMESTAMP},
      UPDATE_USER = #{updateUser,jdbcType=DECIMAL},
      UPDATE_TIME = #{updateTime,jdbcType=TIMESTAMP}
    where ID = #{id,jdbcType=DECIMAL}
  </update>
</mapper>