<?xml version="1.0" encoding="UTF-8" ?>
<!DOCTYPE mapper PUBLIC "-//mybatis.org//DTD Mapper 3.0//EN" "http://mybatis.org/dtd/mybatis-3-mapper.dtd" >
<mapper namespace="com.spring.scenic.member.infrastructure.MemberDocumentMapper" >
  <resultMap id="BaseResultMap" type="com.spring.scenic.member.domain.MemberDocument" >
    <!--
      WARNING - @mbggenerated
      This element is automatically generated by MyBatis Generator, do not modify.
      This element was generated on Mon Jan 02 14:12:38 CST 2017.
    -->
    <id column="ID" property="id" jdbcType="DECIMAL" />
    <result column="FK_ID" property="fkId" jdbcType="DECIMAL" />
    <result column="TYPE" property="type" jdbcType="DECIMAL" />
    <result column="DOCUMENT_TYPE" property="documentType" jdbcType="DECIMAL" />
    <result column="DOCUMENT_NO" property="documentNo" jdbcType="VARCHAR" />
    <result column="DOCUMENTEXPIREDATE" property="documentexpiredate" jdbcType="TIMESTAMP" />
    <result column="VALID" property="valid" jdbcType="DECIMAL" />
    <result column="GUID" property="guid" jdbcType="VARCHAR" />
    <result column="CREATE_TIME" property="createTime" jdbcType="TIMESTAMP" />
    <result column="CREATE_USER" property="createUser" jdbcType="DECIMAL" />
    <result column="UPDATE_TIME" property="updateTime" jdbcType="TIMESTAMP" />
    <result column="UPDATE_USER" property="updateUser" jdbcType="DECIMAL" />
  </resultMap>
  <sql id="Base_Column_List" >
    <!--
      WARNING - @mbggenerated
      This element is automatically generated by MyBatis Generator, do not modify.
      This element was generated on Mon Jan 02 14:12:38 CST 2017.
    -->
    ID, FK_ID,TYPE, DOCUMENT_TYPE, DOCUMENT_NO, DOCUMENTEXPIREDATE, VALID, 
    GUID, CREATE_TIME, CREATE_USER, UPDATE_TIME, UPDATE_USER
  </sql>
  <select id="selectByPrimaryKey" resultMap="BaseResultMap" parameterType="java.lang.Integer" >
    <!--
      WARNING - @mbggenerated
      This element is automatically generated by MyBatis Generator, do not modify.
      This element was generated on Mon Jan 02 14:12:38 CST 2017.
    -->
    select 
    <include refid="Base_Column_List" />
    from TB_MEMBER_DOCUMENT
    where ID = #{id,jdbcType=DECIMAL}
  </select>
  <delete id="deleteByPrimaryKey" parameterType="java.lang.Integer" >
    <!--
      WARNING - @mbggenerated
      This element is automatically generated by MyBatis Generator, do not modify.
      This element was generated on Mon Jan 02 14:12:38 CST 2017.
    -->
    delete from TB_MEMBER_DOCUMENT
    where ID = #{id,jdbcType=DECIMAL}
  </delete>
  <insert id="insert" parameterType="com.spring.scenic.member.domain.MemberDocument" >
    <!--
      WARNING - @mbggenerated
      This element is automatically generated by MyBatis Generator, do not modify.
      This element was generated on Mon Jan 02 14:12:38 CST 2017.
    -->
    insert into TB_MEMBER_DOCUMENT (ID, FK_ID,TYPE, DOCUMENT_TYPE, 
      DOCUMENT_NO, DOCUMENTEXPIREDATE, VALID, 
      GUID, CREATE_TIME, 
      CREATE_USER, UPDATE_TIME, UPDATE_USER
      )
    values (#{id,jdbcType=DECIMAL}, #{fkId,jdbcType=DECIMAL}, #{type,jdbcType=DECIMAL}, #{documentType,jdbcType=DECIMAL}, 
      #{documentNo,jdbcType=VARCHAR}, #{documentexpiredate,jdbcType=TIMESTAMP}, #{valid,jdbcType=DECIMAL}, 
      #{passengerId,jdbcType=DECIMAL}, #{guid,jdbcType=VARCHAR}, #{createTime,jdbcType=TIMESTAMP}, 
      #{createUser,jdbcType=DECIMAL}, #{updateTime,jdbcType=TIMESTAMP}, #{updateUser,jdbcType=DECIMAL}
      )
  </insert>
  <insert id="insertSelective" parameterType="com.spring.scenic.member.domain.MemberDocument" >
    <!--
      WARNING - @mbggenerated
      This element is automatically generated by MyBatis Generator, do not modify.
      This element was generated on Mon Jan 02 14:12:38 CST 2017.
    -->
    insert into TB_MEMBER_DOCUMENT
    <trim prefix="(" suffix=")" suffixOverrides="," >
      <if test="id != null" >
        ID,
      </if>
      <if test="fkId != null" >
        FK_ID,
      </if>
      <if test="type != null" >
        TYPE,
      </if>
      <if test="documentType != null" >
        DOCUMENT_TYPE,
      </if>
      <if test="documentNo != null" >
        DOCUMENT_NO,
      </if>
      <if test="documentexpiredate != null" >
        DOCUMENTEXPIREDATE,
      </if>
      <if test="valid != null" >
        VALID,
      </if>
      <if test="guid != null" >
        GUID,
      </if>
      <if test="createTime != null" >
        CREATE_TIME,
      </if>
      <if test="createUser != null" >
        CREATE_USER,
      </if>
      <if test="updateTime != null" >
        UPDATE_TIME,
      </if>
      <if test="updateUser != null" >
        UPDATE_USER,
      </if>
    </trim>
    <trim prefix="values (" suffix=")" suffixOverrides="," >
      <if test="id != null" >
        #{id,jdbcType=DECIMAL},
      </if>
      <if test="fkId != null" >
        #{fkId,jdbcType=DECIMAL},
      </if>
      <if test="type != null" >
        #{type,jdbcType=DECIMAL},
      </if>
      <if test="documentType != null" >
        #{documentType,jdbcType=DECIMAL},
      </if>
      <if test="documentNo != null" >
        #{documentNo,jdbcType=VARCHAR},
      </if>
      <if test="documentexpiredate != null" >
        #{documentexpiredate,jdbcType=TIMESTAMP},
      </if>
      <if test="valid != null" >
        #{valid,jdbcType=DECIMAL},
      </if>
      <if test="guid != null" >
        #{guid,jdbcType=VARCHAR},
      </if>
      <if test="createTime != null" >
        #{createTime,jdbcType=TIMESTAMP},
      </if>
      <if test="createUser != null" >
        #{createUser,jdbcType=DECIMAL},
      </if>
      <if test="updateTime != null" >
        #{updateTime,jdbcType=TIMESTAMP},
      </if>
      <if test="updateUser != null" >
        #{updateUser,jdbcType=DECIMAL},
      </if>
    </trim>
  </insert>
  <update id="updateByPrimaryKeySelective" parameterType="com.spring.scenic.member.domain.MemberDocument" >
    <!--
      WARNING - @mbggenerated
      This element is automatically generated by MyBatis Generator, do not modify.
      This element was generated on Mon Jan 02 14:12:38 CST 2017.
    -->
    update TB_MEMBER_DOCUMENT
    <set >
      <if test="fkId != null" >
        FK_ID = #{fkId,jdbcType=DECIMAL},
      </if>
      <if test="type != null" >
        TYPE = #{type,jdbcType=DECIMAL},
      </if>
      <if test="documentType != null" >
        DOCUMENT_TYPE = #{documentType,jdbcType=DECIMAL},
      </if>
      <if test="documentNo != null" >
        DOCUMENT_NO = #{documentNo,jdbcType=VARCHAR},
      </if>
      <if test="documentexpiredate != null" >
        DOCUMENTEXPIREDATE = #{documentexpiredate,jdbcType=TIMESTAMP},
      </if>
      <if test="valid != null" >
        VALID = #{valid,jdbcType=DECIMAL},
      </if>
      <if test="guid != null" >
        GUID = #{guid,jdbcType=VARCHAR},
      </if>
      <if test="createTime != null" >
        CREATE_TIME = #{createTime,jdbcType=TIMESTAMP},
      </if>
      <if test="createUser != null" >
        CREATE_USER = #{createUser,jdbcType=DECIMAL},
      </if>
      <if test="updateTime != null" >
        UPDATE_TIME = #{updateTime,jdbcType=TIMESTAMP},
      </if>
      <if test="updateUser != null" >
        UPDATE_USER = #{updateUser,jdbcType=DECIMAL},
      </if>
    </set>
    where ID = #{id,jdbcType=DECIMAL}
  </update>
  <update id="updateByPrimaryKey" parameterType="com.spring.scenic.member.domain.MemberDocument" >
    <!--
      WARNING - @mbggenerated
      This element is automatically generated by MyBatis Generator, do not modify.
      This element was generated on Mon Jan 02 14:12:38 CST 2017.
    -->
    update TB_MEMBER_DOCUMENT
    set FK_ID = #{fkId,jdbcType=DECIMAL},
      TYPE = #{type,jdbcType=DECIMAL},
      DOCUMENT_TYPE = #{documentType,jdbcType=DECIMAL},
      DOCUMENT_NO = #{documentNo,jdbcType=VARCHAR},
      DOCUMENTEXPIREDATE = #{documentexpiredate,jdbcType=TIMESTAMP},
      VALID = #{valid,jdbcType=DECIMAL},
      GUID = #{guid,jdbcType=VARCHAR},
      CREATE_TIME = #{createTime,jdbcType=TIMESTAMP},
      CREATE_USER = #{createUser,jdbcType=DECIMAL},
      UPDATE_TIME = #{updateTime,jdbcType=TIMESTAMP},
      UPDATE_USER = #{updateUser,jdbcType=DECIMAL}
    where ID = #{id,jdbcType=DECIMAL}
  </update>
  
  <select id="queryMemberDocumentList" resultMap="BaseResultMap">
		select
 		<include refid="Base_Column_List" />
	   from TB_MEMBER_DOCUMENT
		  where type = 2 
		<if test="list !=null  and list !='' ">  
			or FK_ID in
		    <foreach collection="list" index="index" item="item" open="(" separator="," close=")">
	       		#{item}
	   	    </foreach>
	   	 </if>
	</select>
  
  <insert id="addPassengerDocumentInfo" parameterType="java.util.List" >
    insert into TB_MEMBER_DOCUMENT (
    		ID,
    		FK_ID,
    		TYPE,
    		DOCUMENT_TYPE,
    		DOCUMENT_NO,
    		DOCUMENTEXPIREDATE,
    		VALID,
    		GUID,
    		CREATE_TIME,
    		CREATE_USER,
    		UPDATE_TIME,
    		UPDATE_USER
    )
    	SELECT seq_tb_member_document.NEXTVAL, A.* FROM(
	    	<foreach collection="list" item="item" index="index" separator="union all" >
			
			SELECT 
			<if test="item.fkId!=null">
				#{item.fkId},
			</if>
			<if test="item.fkId==null">
				null fkId,
			</if>
			<if test="item.type!=null">
				#{item.type},
			</if>
			<if test="item.type==null">
				null type,
			</if>
			<if test="item.documentType!=null">
				#{item.documentType},
			</if>
			<if test="item.documentType==null">
				null documentType,
			</if>
			<if test="item.documentNo!=null">
				#{item.documentNo},
			</if>
			<if test="item.documentNo==null">
				null documentNo,
			</if>
			<if test="item.documentexpiredate!=null">
				#{item.documentexpiredate},
			</if>
			<if test="item.documentexpiredate==null">
				null documentexpiredate,
			</if>
			<if test="item.valid!=null">
				#{item.valid},
			</if>
			<if test="item.valid==null">
				null valid,
			</if>
			<if test="item.guid!=null">
				#{item.guid},
			</if>
			<if test="item.guid==null">
				null guid,
			</if>
			<if test="item.createTime!=null">
				#{item.createTime},
			</if>
			<if test="item.createTime==null">
				null createTime,
			</if>
			<if test="item.createUser!=null">
				#{item.createUser},
			</if>
			<if test="item.createUser==null">
				sysdate createUser,
			</if>
			<if test="item.updateTime!=null">
				#{item.updateTime},
			</if>
			<if test="item.updateTime==null">
				null updateTime,
			</if>
			<if test="item.updateUser!=null">
				#{item.updateUser}
			</if>
			<if test="item.updateUser==null">
				null updateUser
			</if>
			 FROM dual
			</foreach>
		)A
  </insert>
  
  <select id="queryDocumentByCommonPassengerId" resultMap="BaseResultMap" >
  	  select 
    <include refid="Base_Column_List" />
    from TB_MEMBER_DOCUMENT
    where FK_ID = #{id,jdbcType=DECIMAL} and type = #{type,jdbcType=DECIMAL}
  </select>
  
  <delete id="deleteByPassageId">
  	  delete from TB_MEMBER_DOCUMENT
    where FK_ID = #{fkId,jdbcType=DECIMAL} and type = #{type,jdbcType=DECIMAL}
  </delete>
  
  <delete id="deleteDocumentByMemberDetail" parameterType="com.spring.scenic.member.domain.MemberDetailInfo" >
  	  delete from TB_MEMBER_DOCUMENT where FK_ID = #{id,jdbcType=DECIMAL}
  </delete>
  
  
</mapper>