<?xml version="1.0" encoding="UTF-8" ?>
<!DOCTYPE mapper PUBLIC "-//mybatis.org//DTD Mapper 3.0//EN" "http://mybatis.org/dtd/mybatis-3-mapper.dtd" >
<mapper namespace="com.spring.scenic.member.infrastructure.MemberPassengerMapper" >
  <resultMap id="BaseResultMap" type="com.spring.scenic.member.domain.MemberPassenger" >
    <!--
      WARNING - @mbggenerated
      This element is automatically generated by MyBatis Generator, do not modify.
      This element was generated on Mon Jan 02 14:12:38 CST 2017.
    -->
    <id column="ID" property="id" jdbcType="DECIMAL" />
    <result column="MEMBER_ID" property="memberId" jdbcType="DECIMAL" />
    <result column="RELATION_TYPE" property="relationType" jdbcType="DECIMAL" />
    <result column="PASSENGER_TYPE" property="passengerType" jdbcType="VARCHAR" />
    <result column="VALID" property="valid" jdbcType="DECIMAL" />
    <result column="GUID" property="guid" jdbcType="VARCHAR" />
    <result column="DEFAULT_FLAG" property="defaultFlag" jdbcType="DECIMAL" />
    <result column="CREATE_TIME" property="createTime" jdbcType="TIMESTAMP" />
    <result column="CREATE_USER" property="createUser" jdbcType="DECIMAL" />
    <result column="UPDATE_TIME" property="updateTime" jdbcType="TIMESTAMP" />
    <result column="UPDATE_USER" property="updateUser" jdbcType="DECIMAL" />
  </resultMap>
  <sql id="Base_Column_List" >
    <!--
      WARNING - @mbggenerated
      This element is automatically generated by MyBatis Generator, do not modify.
      This element was generated on Mon Jan 02 14:12:38 CST 2017.
    -->
    ID, MEMBER_ID, RELATION_TYPE, PASSENGER_TYPE, VALID, GUID, DEFAULT_FLAG, CREATE_TIME, 
    CREATE_USER, UPDATE_TIME, UPDATE_USER
  </sql>
  <select id="selectByPrimaryKey" resultMap="BaseResultMap" parameterType="java.lang.Integer" >
    <!--
      WARNING - @mbggenerated
      This element is automatically generated by MyBatis Generator, do not modify.
      This element was generated on Mon Jan 02 14:12:38 CST 2017.
    -->
    select 
    <include refid="Base_Column_List" />
    from TB_MEMBER_PASSENGER
    where ID = #{id,jdbcType=DECIMAL}
  </select>
  <delete id="deleteByPrimaryKey" parameterType="java.lang.Integer" >
    <!--
      WARNING - @mbggenerated
      This element is automatically generated by MyBatis Generator, do not modify.
      This element was generated on Mon Jan 02 14:12:38 CST 2017.
    -->
    delete from TB_MEMBER_PASSENGER
    where ID = #{id,jdbcType=DECIMAL}
  </delete>
  <insert id="insert" parameterType="com.spring.scenic.member.domain.MemberPassenger" >
    <!--
      WARNING - @mbggenerated
      This element is automatically generated by MyBatis Generator, do not modify.
      This element was generated on Mon Jan 02 14:12:38 CST 2017.
    -->
    insert into TB_MEMBER_PASSENGER (ID, MEMBER_ID, RELATION_TYPE, 
      PASSENGER_TYPE, VALID, GUID, 
      DEFAULT_FLAG, CREATE_TIME, CREATE_USER, 
      UPDATE_TIME, UPDATE_USER)
    values (#{id,jdbcType=DECIMAL}, #{memberId,jdbcType=DECIMAL}, #{relationType,jdbcType=DECIMAL}, 
      #{passengerType,jdbcType=VARCHAR}, #{valid,jdbcType=DECIMAL}, #{guid,jdbcType=VARCHAR}, 
      #{defaultFlag,jdbcType=DECIMAL}, #{createTime,jdbcType=TIMESTAMP}, #{createUser,jdbcType=DECIMAL}, 
      #{updateTime,jdbcType=TIMESTAMP}, #{updateUser,jdbcType=DECIMAL})
  </insert>
  <insert id="insertSelective" parameterType="com.spring.scenic.member.domain.MemberPassenger" >
    <!--
      WARNING - @mbggenerated
      This element is automatically generated by MyBatis Generator, do not modify.
      This element was generated on Mon Jan 02 14:12:38 CST 2017.
    -->
    insert into TB_MEMBER_PASSENGER
    <trim prefix="(" suffix=")" suffixOverrides="," >
      <if test="id != null" >
        ID,
      </if>
      <if test="memberId != null" >
        MEMBER_ID,
      </if>
      <if test="relationType != null" >
        RELATION_TYPE,
      </if>
      <if test="passengerType != null" >
        PASSENGER_TYPE,
      </if>
      <if test="valid != null" >
        VALID,
      </if>
      <if test="guid != null" >
        GUID,
      </if>
      <if test="defaultFlag != null" >
        DEFAULT_FLAG,
      </if>
      <if test="createTime != null" >
        CREATE_TIME,
      </if>
      <if test="createUser != null" >
        CREATE_USER,
      </if>
      <if test="updateTime != null" >
        UPDATE_TIME,
      </if>
      <if test="updateUser != null" >
        UPDATE_USER,
      </if>
    </trim>
    <trim prefix="values (" suffix=")" suffixOverrides="," >
      <if test="id != null" >
        #{id,jdbcType=DECIMAL},
      </if>
      <if test="memberId != null" >
        #{memberId,jdbcType=DECIMAL},
      </if>
      <if test="relationType != null" >
        #{relationType,jdbcType=DECIMAL},
      </if>
      <if test="passengerType != null" >
        #{passengerType,jdbcType=VARCHAR},
      </if>
      <if test="valid != null" >
        #{valid,jdbcType=DECIMAL},
      </if>
      <if test="guid != null" >
        #{guid,jdbcType=VARCHAR},
      </if>
      <if test="defaultFlag != null" >
        #{defaultFlag,jdbcType=DECIMAL},
      </if>
      <if test="createTime != null" >
        #{createTime,jdbcType=TIMESTAMP},
      </if>
      <if test="createUser != null" >
        #{createUser,jdbcType=DECIMAL},
      </if>
      <if test="updateTime != null" >
        #{updateTime,jdbcType=TIMESTAMP},
      </if>
      <if test="updateUser != null" >
        #{updateUser,jdbcType=DECIMAL},
      </if>
    </trim>
  </insert>
  <update id="updateByPrimaryKeySelective" parameterType="com.spring.scenic.member.domain.MemberPassenger" >
    <!--
      WARNING - @mbggenerated
      This element is automatically generated by MyBatis Generator, do not modify.
      This element was generated on Mon Jan 02 14:12:38 CST 2017.
    -->
    update TB_MEMBER_PASSENGER
    <set >
      <if test="memberId != null" >
        MEMBER_ID = #{memberId,jdbcType=DECIMAL},
      </if>
      <if test="relationType != null" >
        RELATION_TYPE = #{relationType,jdbcType=DECIMAL},
      </if>
      <if test="passengerType != null" >
        PASSENGER_TYPE = #{passengerType,jdbcType=VARCHAR},
      </if>
      <if test="valid != null" >
        VALID = #{valid,jdbcType=DECIMAL},
      </if>
      <if test="guid != null" >
        GUID = #{guid,jdbcType=VARCHAR},
      </if>
      <if test="defaultFlag != null" >
        DEFAULT_FLAG = #{defaultFlag,jdbcType=DECIMAL},
      </if>
      <if test="createTime != null" >
        CREATE_TIME = #{createTime,jdbcType=TIMESTAMP},
      </if>
      <if test="createUser != null" >
        CREATE_USER = #{createUser,jdbcType=DECIMAL},
      </if>
      <if test="updateTime != null" >
        UPDATE_TIME = #{updateTime,jdbcType=TIMESTAMP},
      </if>
      <if test="updateUser != null" >
        UPDATE_USER = #{updateUser,jdbcType=DECIMAL},
      </if>
    </set>
    where ID = #{id,jdbcType=DECIMAL}
  </update>
  <update id="updateByPrimaryKey" parameterType="com.spring.scenic.member.domain.MemberPassenger" >
    <!--
      WARNING - @mbggenerated
      This element is automatically generated by MyBatis Generator, do not modify.
      This element was generated on Mon Jan 02 14:12:38 CST 2017.
    -->
    update TB_MEMBER_PASSENGER
    set MEMBER_ID = #{memberId,jdbcType=DECIMAL},
      RELATION_TYPE = #{relationType,jdbcType=DECIMAL},
      PASSENGER_TYPE = #{passengerType,jdbcType=VARCHAR},
      VALID = #{valid,jdbcType=DECIMAL},
      GUID = #{guid,jdbcType=VARCHAR},
      DEFAULT_FLAG = #{defaultFlag,jdbcType=DECIMAL},
      CREATE_TIME = #{createTime,jdbcType=TIMESTAMP},
      CREATE_USER = #{createUser,jdbcType=DECIMAL},
      UPDATE_TIME = #{updateTime,jdbcType=TIMESTAMP},
      UPDATE_USER = #{updateUser,jdbcType=DECIMAL}
    where ID = #{id,jdbcType=DECIMAL}
  </update>
</mapper>