<?xml version="1.0" encoding="UTF-8" ?>
<!DOCTYPE mapper PUBLIC "-//mybatis.org//DTD Mapper 3.0//EN" "http://mybatis.org/dtd/mybatis-3-mapper.dtd" >
<mapper namespace="com.spring.scenic.member.infrastructure.OrderInvoiceMapper" >
  <resultMap id="BaseResultMap" type="com.spring.scenic.member.domain.OrderInvoice" >
    <id column="ID" property="id" jdbcType="DECIMAL" />
    <result column="TYPE" property="type" jdbcType="DECIMAL" />
    <result column="ORDER_NO" property="orderNo" jdbcType="VARCHAR" />
    <result column="PHONE" property="phone" jdbcType="VARCHAR" />
    <result column="TITLE" property="title" jdbcType="VARCHAR" />
    <result column="EMAIL" property="email" jdbcType="VARCHAR" />
    <result column="CREATE_USER" property="createUser" jdbcType="DECIMAL" />
    <result column="CREATE_TIME" property="createTime" jdbcType="TIMESTAMP" />
    <result column="UPDATE_USER" property="updateUser" jdbcType="DECIMAL" />
    <result column="UPDATE_TIME" property="updateTime" jdbcType="TIMESTAMP" />
  </resultMap>
  
  <sql id="Base_Column_List" >
    
    ID, TYPE, ORDER_NO, PHONE, TITLE, EMAIL, CREATE_USER, CREATE_TIME, UPDATE_USER, UPDATE_TIME
  </sql>
  
  <select id="getOrderInvoiceInfo" resultMap="BaseResultMap" parameterType="java.lang.String" >
    select 
    <include refid="Base_Column_List" />
    from TB_ORDER_INVOICE
    where ORDER_NO = #{orderNo,jdbcType=VARCHAR}
  </select>
  
  <delete id="deleteByPrimaryKey" parameterType="java.lang.Integer" >
    delete from TB_ORDER_INVOICE
    where ID = #{id,jdbcType=VARCHAR}
  </delete>
  
  <insert id="insert" parameterType="com.spring.scenic.member.domain.OrderInvoice" >
    insert into TB_ORDER_INVOICE (ID, TYPE, ORDER_NO, 
      PHONE, TITLE, EMAIL, 
      CREATE_USER, CREATE_TIME, UPDATE_USER, 
      UPDATE_TIME)
    values (#{id,jdbcType=DECIMAL}, #{type,jdbcType=DECIMAL}, #{orderNo,jdbcType=VARCHAR}, 
      #{phone,jdbcType=VARCHAR}, #{title,jdbcType=VARCHAR}, #{email,jdbcType=VARCHAR}, 
      #{createUser,jdbcType=DECIMAL}, #{createTime,jdbcType=TIMESTAMP}, #{updateUser,jdbcType=DECIMAL}, 
      #{updateTime,jdbcType=TIMESTAMP})
  </insert>
  
  <insert id="insertSelective" parameterType="com.spring.scenic.member.domain.OrderInvoice" >
    insert into TB_ORDER_INVOICE
    <trim prefix="(" suffix=")" suffixOverrides="," >
      <if test="id != null" >
        ID,
      </if>
      <if test="type != null" >
        TYPE,
      </if>
      <if test="orderNo != null" >
        ORDER_NO,
      </if>
      <if test="phone != null" >
        PHONE,
      </if>
      <if test="title != null" >
        TITLE,
      </if>
      <if test="email != null" >
        EMAIL,
      </if>
      <if test="createUser != null" >
        CREATE_USER,
      </if>
      <if test="createTime != null" >
        CREATE_TIME,
      </if>
      <if test="updateUser != null" >
        UPDATE_USER,
      </if>
      <if test="updateTime != null" >
        UPDATE_TIME,
      </if>
    </trim>
    <trim prefix="values (" suffix=")" suffixOverrides="," >
      <if test="id != null" >
        #{id,jdbcType=DECIMAL},
      </if>
      <if test="type != null" >
        #{type,jdbcType=DECIMAL},
      </if>
      <if test="orderNo != null" >
        #{orderNo,jdbcType=VARCHAR},
      </if>
      <if test="phone != null" >
        #{phone,jdbcType=VARCHAR},
      </if>
      <if test="title != null" >
        #{title,jdbcType=VARCHAR},
      </if>
      <if test="email != null" >
        #{email,jdbcType=VARCHAR},
      </if>
      <if test="createUser != null" >
        #{createUser,jdbcType=DECIMAL},
      </if>
      <if test="createTime != null" >
        #{createTime,jdbcType=TIMESTAMP},
      </if>
      <if test="updateUser != null" >
        #{updateUser,jdbcType=DECIMAL},
      </if>
      <if test="updateTime != null" >
        #{updateTime,jdbcType=TIMESTAMP},
      </if>
    </trim>
  </insert>
  
  <update id="updateByPrimaryKeySelective" parameterType="com.spring.scenic.member.domain.OrderInvoice" >
    update TB_ORDER_INVOICE
    <set >
      <if test="type != null" >
        TYPE = #{type,jdbcType=DECIMAL},
      </if>
      <if test="orderNo != null" >
        ORDER_NO = #{orderNo,jdbcType=VARCHAR},
      </if>
      <if test="phone != null" >
        PHONE = #{phone,jdbcType=VARCHAR},
      </if>
      <if test="title != null" >
        TITLE = #{title,jdbcType=VARCHAR},
      </if>
      <if test="email != null" >
        EMAIL = #{email,jdbcType=VARCHAR},
      </if>
      <if test="createUser != null" >
        CREATE_USER = #{createUser,jdbcType=DECIMAL},
      </if>
      <if test="createTime != null" >
        CREATE_TIME = #{createTime,jdbcType=TIMESTAMP},
      </if>
      <if test="updateUser != null" >
        UPDATE_USER = #{updateUser,jdbcType=DECIMAL},
      </if>
      <if test="updateTime != null" >
        UPDATE_TIME = #{updateTime,jdbcType=TIMESTAMP},
      </if>
    </set>
    where ID = #{id,jdbcType=DECIMAL}
  </update>
  
  <update id="updateByPrimaryKey" parameterType="com.spring.scenic.member.domain.OrderInvoice" >
    update TB_ORDER_INVOICE
    set TYPE = #{type,jdbcType=DECIMAL},
      ORDER_NO = #{orderNo,jdbcType=VARCHAR},
      PHONE = #{phone,jdbcType=VARCHAR},
      TITLE = #{title,jdbcType=VARCHAR},
      EMAIL = #{email,jdbcType=VARCHAR},
      CREATE_USER = #{createUser,jdbcType=DECIMAL},
      CREATE_TIME = #{createTime,jdbcType=TIMESTAMP},
      UPDATE_USER = #{updateUser,jdbcType=DECIMAL},
      UPDATE_TIME = #{updateTime,jdbcType=TIMESTAMP}
    where ID = #{id,jdbcType=DECIMAL}
  </update>
</mapper>