<?xml version="1.0" encoding="UTF-8" ?>
<!DOCTYPE mapper PUBLIC "-//mybatis.org//DTD Mapper 3.0//EN" "http://mybatis.org/dtd/mybatis-3-mapper.dtd" >
<mapper namespace="com.spring.scenic.member.infrastructure.OrderMoneyChangeRecMapper" >
  <resultMap id="BaseResultMap" type="com.spring.scenic.member.domain.OrderMoneyChangeRec" >
    <id column="ID" property="id" jdbcType="DECIMAL" />
    <result column="ORDER_NO" property="orderNo" jdbcType="VARCHAR" />
    <result column="MONEY" property="money" jdbcType="DECIMAL" />
    <result column="REMARK" property="remark" jdbcType="VARCHAR" />
    <result column="CREATE_USER" property="createUser" jdbcType="DECIMAL" />
    <result column="CREATE_TIME" property="createTime" jdbcType="TIMESTAMP" />
    <result column="UPDATE_USER" property="updateUser" jdbcType="DECIMAL" />
    <result column="UPDATE_TIME" property="updateTime" jdbcType="TIMESTAMP" />
    <result column="CREATE_NAME" property="createName" jdbcType="VARCHAR" />
  </resultMap>
  
  <!-- 订单金额调整信息 -->
  <sql id="Base_Column_List" >
    A.ID, A.ORDER_NO, A.MONEY, A.REMARK, A.CREATE_USER, A.CREATE_TIME, A.UPDATE_USER, A.UPDATE_TIME
  </sql>
  <!-- 订单金额调整人 -->
  <sql id="Base_Column_Create_Name" >
    B.TRUENAME CREATE_NAME
  </sql>
  
  <select id="getChangeRecList" resultMap="BaseResultMap" parameterType="java.lang.Integer" >
    select 
    <include refid="Base_Column_List" />
    ,
    <include refid="Base_Column_Create_Name"></include>
    from TB_ORDER_MONEY_CHANGE_REC A
    left join TB_BUSI_SELLER_USER B 
	on A.CREATE_USER = B.ID 
    where A.ORDER_NO = #{orderNo,jdbcType=DECIMAL}
  </select>
  
  <delete id="deleteByPrimaryKey" parameterType="java.lang.Integer" >
    delete from TB_ORDER_MONEY_CHANGE_REC
    where ID = #{id,jdbcType=DECIMAL}
  </delete>
  
  <insert id="insert" parameterType="com.spring.scenic.member.domain.OrderMoneyChangeRec" >
    insert into TB_ORDER_MONEY_CHANGE_REC (ID, ORDER_NO, MONEY, 
      REMARK, CREATE_USER, CREATE_TIME, 
      UPDATE_USER, UPDATE_TIME)
    values (#{id,jdbcType=DECIMAL}, #{orderNo,jdbcType=VARCHAR}, #{money,jdbcType=DECIMAL}, 
      #{remark,jdbcType=VARCHAR}, #{createUser,jdbcType=DECIMAL}, #{createTime,jdbcType=TIMESTAMP}, 
      #{updateUser,jdbcType=DECIMAL}, #{updateTime,jdbcType=TIMESTAMP})
  </insert>
  
  <insert id="insertSelective" parameterType="com.spring.scenic.member.domain.OrderMoneyChangeRec" >
    insert into TB_ORDER_MONEY_CHANGE_REC
    <trim prefix="(" suffix=")" suffixOverrides="," >
      <if test="id != null" >
        ID,
      </if>
      <if test="orderNo != null" >
        ORDER_NO,
      </if>
      <if test="money != null" >
        MONEY,
      </if>
      <if test="remark != null" >
        REMARK,
      </if>
      <if test="createUser != null" >
        CREATE_USER,
      </if>
      <if test="createTime != null" >
        CREATE_TIME,
      </if>
      <if test="updateUser != null" >
        UPDATE_USER,
      </if>
      <if test="updateTime != null" >
        UPDATE_TIME,
      </if>
    </trim>
    <trim prefix="values (" suffix=")" suffixOverrides="," >
      <if test="id != null" >
        #{id,jdbcType=DECIMAL},
      </if>
      <if test="orderNo != null" >
        #{orderNo,jdbcType=VARCHAR},
      </if>
      <if test="money != null" >
        #{money,jdbcType=DECIMAL},
      </if>
      <if test="remark != null" >
        #{remark,jdbcType=VARCHAR},
      </if>
      <if test="createUser != null" >
        #{createUser,jdbcType=DECIMAL},
      </if>
      <if test="createTime != null" >
        #{createTime,jdbcType=TIMESTAMP},
      </if>
      <if test="updateUser != null" >
        #{updateUser,jdbcType=DECIMAL},
      </if>
      <if test="updateTime != null" >
        #{updateTime,jdbcType=TIMESTAMP},
      </if>
    </trim>
  </insert>
  
  <update id="updateByPrimaryKeySelective" parameterType="com.spring.scenic.member.domain.OrderMoneyChangeRec" >
    update TB_ORDER_MONEY_CHANGE_REC
    <set >
      <if test="orderNo != null" >
        ORDER_NO = #{orderNo,jdbcType=VARCHAR},
      </if>
      <if test="money != null" >
        MONEY = #{money,jdbcType=DECIMAL},
      </if>
      <if test="remark != null" >
        REMARK = #{remark,jdbcType=VARCHAR},
      </if>
      <if test="createUser != null" >
        CREATE_USER = #{createUser,jdbcType=DECIMAL},
      </if>
      <if test="createTime != null" >
        CREATE_TIME = #{createTime,jdbcType=TIMESTAMP},
      </if>
      <if test="updateUser != null" >
        UPDATE_USER = #{updateUser,jdbcType=DECIMAL},
      </if>
      <if test="updateTime != null" >
        UPDATE_TIME = #{updateTime,jdbcType=TIMESTAMP},
      </if>
    </set>
    where ID = #{id,jdbcType=DECIMAL}
  </update>
  
  <update id="updateByPrimaryKey" parameterType="com.spring.scenic.member.domain.OrderMoneyChangeRec" >
    update TB_ORDER_MONEY_CHANGE_REC
    set ORDER_NO = #{orderNo,jdbcType=VARCHAR},
      MONEY = #{money,jdbcType=DECIMAL},
      REMARK = #{remark,jdbcType=VARCHAR},
      CREATE_USER = #{createUser,jdbcType=DECIMAL},
      CREATE_TIME = #{createTime,jdbcType=TIMESTAMP},
      UPDATE_USER = #{updateUser,jdbcType=DECIMAL},
      UPDATE_TIME = #{updateTime,jdbcType=TIMESTAMP}
    where ID = #{id,jdbcType=DECIMAL}
  </update>
  
</mapper>