<?xml version="1.0" encoding="UTF-8" ?>
<!DOCTYPE mapper PUBLIC "-//mybatis.org//DTD Mapper 3.0//EN" "http://mybatis.org/dtd/mybatis-3-mapper.dtd" >
<mapper namespace="com.spring.scenic.member.infrastructure.OrderMapper" >
  <resultMap id="BaseResultMap" type="com.spring.scenic.member.domain.Order" >
    <!--
      WARNING - @mbggenerated
      This element is automatically generated by MyBatis Generator, do not modify.
      This element was generated on Wed Mar 29 14:23:49 CST 2017.
    -->
    <id column="ID" property="id" jdbcType="DECIMAL" />
    <result column="ORDER_NO" property="orderNo" jdbcType="VARCHAR" />
    <result column="THIRD_NO" property="thirdNo" jdbcType="VARCHAR" />
    <result column="PRODUCT_NAME" property="productName" jdbcType="VARCHAR" />
    <result column="PRODUCT_CODE" property="productCode" jdbcType="VARCHAR" />
    <result column="PRODUCT_ID" property="productId" jdbcType="DECIMAL" />
    <result column="MEALS_NAME" property="mealsName" jdbcType="VARCHAR" />
    <result column="MEALS_ID" property="mealsId" jdbcType="DECIMAL" />
    <result column="ORDER_STATUS" property="orderStatus" jdbcType="DECIMAL" />
    <result column="PAY_STATUS" property="payStatus" jdbcType="DECIMAL" />
    <result column="LINK_MAN" property="linkMan" jdbcType="VARCHAR" />
    <result column="PHONE" property="phone" jdbcType="VARCHAR" />
    <result column="EMAIL" property="email" jdbcType="VARCHAR" />
    <result column="ORDER_PRICE" property="orderPrice" jdbcType="DECIMAL" />
    <result column="ORDER_COUNT" property="orderCount" jdbcType="DECIMAL" />
    <result column="ORDER_TYPE" property="orderType" jdbcType="DECIMAL" />
    <result column="REMARK" property="remark" jdbcType="VARCHAR" />
    <result column="SELLER_REMARK" property="sellerRemark" jdbcType="VARCHAR" />
    <result column="PRODUCT_PRICE" property="productPrice" jdbcType="DECIMAL" />
    <result column="ADULT_PRICE" property="adultPrice" jdbcType="DECIMAL" />
    <result column="ADULT_COUNT" property="adultCount" jdbcType="DECIMAL" />
    <result column="CHILD_PRICE" property="childPrice" jdbcType="DECIMAL" />
    <result column="CHILD_COUNT" property="childCount" jdbcType="DECIMAL" />
    <result column="SRC" property="src" jdbcType="DECIMAL" />
    <result column="CONFIRM_TIME" property="confirmTime" jdbcType="TIMESTAMP" />
    <result column="USER_KNOW" property="userKnow" jdbcType="VARCHAR" />
    <result column="CREATE_USER" property="createUser" jdbcType="DECIMAL" />
    <result column="CREATE_TIME" property="createTime" jdbcType="TIMESTAMP" />
    <result column="UPDATE_USER" property="updateUser" jdbcType="DECIMAL" />
    <result column="UPDATE_TIME" property="updateTime" jdbcType="TIMESTAMP" />
    <result column="SELLER_ID" property="sellerId" jdbcType="DECIMAL" />
    <result column="MEMBER_ID" property="memberId" jdbcType="DECIMAL" />
    <result column="MEMBER_ACCOUNT" property="memberAccount" jdbcType="VARCHAR" />
    <result column="TRAVEL_TIME" property="travelTime" jdbcType="TIMESTAMP" />
    <result column="NEED_INVOICE" property="needInvoice" jdbcType="DECIMAL" />
    <result column="CREATE_USER_NAME" property="createUserName" jdbcType="VARCHAR" />
    <result column="ORDER_FOLLOW_NAME" property="orderFollowName" jdbcType="VARCHAR" />
    <result column="PRODUCTNAME" property="productname" jdbcType="VARCHAR" />
    <result column="PRODUCT_TYPE" property="productType" jdbcType="DECIMAL" />
    <result column="PRODUCT_SUB_TYPE" property="productSubType" jdbcType="DECIMAL" />
    <result column="MEALSNAME" property="mealsname" jdbcType="VARCHAR" />
    <result column="PAY_PRICE" property="payPrice" jdbcType="DECIMAL" />
    <result column="PAYED_PRICE" property="payedPrice" jdbcType="DECIMAL" />
    <result column="SINGLEROOM_PRICE" property="singleRoomPrice" jdbcType="DECIMAL" />
    <result column="MAKE_USER" property="makeUser" jdbcType="DECIMAL" />
    <result column="CANCEL_TIME" property="cancelTime" jdbcType="TIMESTAMP" />
    
  </resultMap>
  
  <!-- 基本信息 -->
  <sql id="Base_Column_List" >
    M.ID, M.ORDER_NO, M.THIRD_NO, M.PRODUCT_NAME, M.PRODUCT_CODE, M.PRODUCT_ID, M.MEALS_NAME, M.MEALS_ID, 
    M.ORDER_STATUS,M.PAY_STATUS, M.LINK_MAN, M.PHONE, M.EMAIL, M.ORDER_PRICE, M.ORDER_COUNT, M.ORDER_TYPE, 
    M.REMARK, M.SELLER_REMARK, M.PRODUCT_PRICE, M.ADULT_PRICE, M.ADULT_COUNT, M.CHILD_PRICE, M.CHILD_COUNT, 
    M.SRC, M.CONFIRM_TIME, M.USER_KNOW, M.CREATE_USER, M.CREATE_TIME, M.UPDATE_USER, M.UPDATE_TIME, 
    M.SELLER_ID, M.MEMBER_ID, M.MEMBER_ACCOUNT, M.TRAVEL_TIME, M.NEED_INVOICE,M.PAY_PRICE,M.PAYED_PRICE,
    M.SINGLEROOM_PRICE,M.MAKE_USER,M.CANCEL_TIME
  </sql>
  
   <!-- 制单人 -->
  <sql id="BaseColumnListCreateUserName" >
    C.TRUENAME CREATE_USER_NAME
  </sql>
  
  <!-- 跟单人 -->
  <sql id="BaseColumnListOrderFollowName" >
    D.TRUENAME ORDER_FOLLOW_NAME
  </sql>
  
  <!-- 产品信息 -->
  <sql id="BaseColumnListProduct" >
    E.PRODUCT_NAME PRODUCTNAME,E.PRODUCT_TYPE,E.PRODUCT_SUB_TYPE
  </sql>
  
  <!-- 套餐信息 -->
  <sql id="BaseColumnListMeals" >
    F.MEALS_NAME MEALSNAME
  </sql>
  
  <select id="getMemberOrders" resultMap="BaseResultMap" parameterType="com.spring.scenic.member.domain.Order" >
    select 
    <include refid="Base_Column_List" />
    ,
    <include refid="BaseColumnListCreateUserName" />
    ,
    <include refid="BaseColumnListOrderFollowName" />
    ,
    <include refid="BaseColumnListProduct" />
    ,
    <include refid="BaseColumnListMeals" />
    from TB_ORDER M
    left join TB_AUTH_USER C
   	on M.MAKE_USER = C.ID 
   	left join TB_BUSI_SELLER_USER D
   	on D.SELLER_ID = M.SELLER_ID
   	left join TB_PRODUCT E
   	on E.ID = M.PRODUCT_ID
   	left join TB_PRODUCT_MEALS F
   	on F.ID = M.MEALS_ID
    where M.MEMBER_ID = #{memberId,jdbcType=DECIMAL}
    order by CREATE_TIME desc
  </select>
  
  <select id="getMemberOrderDetail" resultMap="BaseResultMap" parameterType="com.spring.scenic.member.domain.Order" >
    select 
    <include refid="Base_Column_List" />
    ,
    <include refid="BaseColumnListCreateUserName" />
    ,
    <include refid="BaseColumnListOrderFollowName" />
    ,
    <include refid="BaseColumnListProduct" />
    ,
    <include refid="BaseColumnListMeals" />
    from TB_ORDER M
    left join TB_AUTH_USER C
   	on M.CREATE_USER = C.ID 
   	left join TB_BUSI_SELLER_USER D
   	on D.SELLER_ID = M.SELLER_ID
   	left join TB_PRODUCT E
   	on E.ID = M.PRODUCT_ID
   	left join TB_PRODUCT_MEALS F
   	on F.ID = M.MEALS_ID
    where M.ORDER_NO = #{orderNo,jdbcType=VARCHAR}
  </select>
  
  <delete id="deleteByPrimaryKey" parameterType="java.lang.Integer" >
    delete from TB_ORDER
    where ID = #{id,jdbcType=DECIMAL}
  </delete>
  <insert id="insert" parameterType="com.spring.scenic.member.domain.Order" >
    <!--
      WARNING - @mbggenerated
      This element is automatically generated by MyBatis Generator, do not modify.
      This element was generated on Wed Mar 29 14:23:49 CST 2017.
    -->
    insert into TB_ORDER (ID, ORDER_NO, THIRD_NO, 
      PRODUCT_NAME, PRODUCT_CODE, PRODUCT_ID, 
      MEALS_NAME, MEALS_ID, ORDER_STATUS, 
      PAY_STATUS, LINK_MAN, PHONE, 
      EMAIL, ORDER_PRICE, ORDER_COUNT, 
      ORDER_TYPE, REMARK, SELLER_REMARK, 
      PRODUCT_PRICE, ADULT_PRICE, ADULT_COUNT, 
      CHILD_PRICE, CHILD_COUNT, SRC, 
      CONFIRM_TIME, USER_KNOW, CREATE_USER, 
      CREATE_TIME, UPDATE_USER, UPDATE_TIME, 
      SELLER_ID, MEMBER_ID, MEMBER_ACCOUNT, 
      TRAVEL_TIME)
    values (#{id,jdbcType=DECIMAL}, #{orderNo,jdbcType=VARCHAR}, #{thirdNo,jdbcType=VARCHAR}, 
      #{productName,jdbcType=VARCHAR}, #{productCode,jdbcType=VARCHAR}, #{productId,jdbcType=DECIMAL}, 
      #{mealsName,jdbcType=VARCHAR}, #{mealsId,jdbcType=DECIMAL}, #{orderStatus,jdbcType=DECIMAL}, 
      #{payStatus,jdbcType=DECIMAL}, #{linkMan,jdbcType=VARCHAR}, #{phone,jdbcType=VARCHAR}, 
      #{email,jdbcType=VARCHAR}, #{orderPrice,jdbcType=DECIMAL}, #{orderCount,jdbcType=DECIMAL}, 
      #{orderType,jdbcType=DECIMAL}, #{remark,jdbcType=VARCHAR}, #{sellerRemark,jdbcType=VARCHAR}, 
      #{productPrice,jdbcType=DECIMAL}, #{adultPrice,jdbcType=DECIMAL}, #{adultCount,jdbcType=DECIMAL}, 
      #{childPrice,jdbcType=DECIMAL}, #{childCount,jdbcType=DECIMAL}, #{src,jdbcType=DECIMAL}, 
      #{confirmTime,jdbcType=TIMESTAMP}, #{userKnow,jdbcType=VARCHAR}, #{createUser,jdbcType=DECIMAL}, 
      #{createTime,jdbcType=TIMESTAMP}, #{updateUser,jdbcType=DECIMAL}, #{updateTime,jdbcType=TIMESTAMP}, 
      #{sellerId,jdbcType=DECIMAL}, #{memberId,jdbcType=DECIMAL}, #{memberAccount,jdbcType=VARCHAR}, 
      #{travelTime,jdbcType=TIMESTAMP})
  </insert>
  <insert id="insertSelective" parameterType="com.spring.scenic.member.domain.Order" >
    <!--
      WARNING - @mbggenerated
      This element is automatically generated by MyBatis Generator, do not modify.
      This element was generated on Wed Mar 29 14:23:49 CST 2017.
    -->
    insert into TB_ORDER
    <trim prefix="(" suffix=")" suffixOverrides="," >
      <if test="id != null" >
        ID,
      </if>
      <if test="orderNo != null" >
        ORDER_NO,
      </if>
      <if test="thirdNo != null" >
        THIRD_NO,
      </if>
      <if test="productName != null" >
        PRODUCT_NAME,
      </if>
      <if test="productCode != null" >
        PRODUCT_CODE,
      </if>
      <if test="productId != null" >
        PRODUCT_ID,
      </if>
      <if test="mealsName != null" >
        MEALS_NAME,
      </if>
      <if test="mealsId != null" >
        MEALS_ID,
      </if>
      <if test="orderStatus != null" >
        ORDER_STATUS,
      </if>
      <if test="payStatus != null" >
        PAY_STATUS,
      </if>
      <if test="linkMan != null" >
        LINK_MAN,
      </if>
      <if test="phone != null" >
        PHONE,
      </if>
      <if test="email != null" >
        EMAIL,
      </if>
      <if test="orderPrice != null" >
        ORDER_PRICE,
      </if>
      <if test="orderCount != null" >
        ORDER_COUNT,
      </if>
      <if test="orderType != null" >
        ORDER_TYPE,
      </if>
      <if test="remark != null" >
        REMARK,
      </if>
      <if test="sellerRemark != null" >
        SELLER_REMARK,
      </if>
      <if test="productPrice != null" >
        PRODUCT_PRICE,
      </if>
      <if test="adultPrice != null" >
        ADULT_PRICE,
      </if>
      <if test="adultCount != null" >
        ADULT_COUNT,
      </if>
      <if test="childPrice != null" >
        CHILD_PRICE,
      </if>
      <if test="childCount != null" >
        CHILD_COUNT,
      </if>
      <if test="src != null" >
        SRC,
      </if>
      <if test="confirmTime != null" >
        CONFIRM_TIME,
      </if>
      <if test="userKnow != null" >
        USER_KNOW,
      </if>
      <if test="createUser != null" >
        CREATE_USER,
      </if>
      <if test="createTime != null" >
        CREATE_TIME,
      </if>
      <if test="updateUser != null" >
        UPDATE_USER,
      </if>
      <if test="updateTime != null" >
        UPDATE_TIME,
      </if>
      <if test="sellerId != null" >
        SELLER_ID,
      </if>
      <if test="memberId != null" >
        MEMBER_ID,
      </if>
      <if test="memberAccount != null" >
        MEMBER_ACCOUNT,
      </if>
      <if test="travelTime != null" >
        TRAVEL_TIME,
      </if>
    </trim>
    <trim prefix="values (" suffix=")" suffixOverrides="," >
      <if test="id != null" >
        #{id,jdbcType=DECIMAL},
      </if>
      <if test="orderNo != null" >
        #{orderNo,jdbcType=VARCHAR},
      </if>
      <if test="thirdNo != null" >
        #{thirdNo,jdbcType=VARCHAR},
      </if>
      <if test="productName != null" >
        #{productName,jdbcType=VARCHAR},
      </if>
      <if test="productCode != null" >
        #{productCode,jdbcType=VARCHAR},
      </if>
      <if test="productId != null" >
        #{productId,jdbcType=DECIMAL},
      </if>
      <if test="mealsName != null" >
        #{mealsName,jdbcType=VARCHAR},
      </if>
      <if test="mealsId != null" >
        #{mealsId,jdbcType=DECIMAL},
      </if>
      <if test="orderStatus != null" >
        #{orderStatus,jdbcType=DECIMAL},
      </if>
      <if test="payStatus != null" >
        #{payStatus,jdbcType=DECIMAL},
      </if>
      <if test="linkMan != null" >
        #{linkMan,jdbcType=VARCHAR},
      </if>
      <if test="phone != null" >
        #{phone,jdbcType=VARCHAR},
      </if>
      <if test="email != null" >
        #{email,jdbcType=VARCHAR},
      </if>
      <if test="orderPrice != null" >
        #{orderPrice,jdbcType=DECIMAL},
      </if>
      <if test="orderCount != null" >
        #{orderCount,jdbcType=DECIMAL},
      </if>
      <if test="orderType != null" >
        #{orderType,jdbcType=DECIMAL},
      </if>
      <if test="remark != null" >
        #{remark,jdbcType=VARCHAR},
      </if>
      <if test="sellerRemark != null" >
        #{sellerRemark,jdbcType=VARCHAR},
      </if>
      <if test="productPrice != null" >
        #{productPrice,jdbcType=DECIMAL},
      </if>
      <if test="adultPrice != null" >
        #{adultPrice,jdbcType=DECIMAL},
      </if>
      <if test="adultCount != null" >
        #{adultCount,jdbcType=DECIMAL},
      </if>
      <if test="childPrice != null" >
        #{childPrice,jdbcType=DECIMAL},
      </if>
      <if test="childCount != null" >
        #{childCount,jdbcType=DECIMAL},
      </if>
      <if test="src != null" >
        #{src,jdbcType=DECIMAL},
      </if>
      <if test="confirmTime != null" >
        #{confirmTime,jdbcType=TIMESTAMP},
      </if>
      <if test="userKnow != null" >
        #{userKnow,jdbcType=VARCHAR},
      </if>
      <if test="createUser != null" >
        #{createUser,jdbcType=DECIMAL},
      </if>
      <if test="createTime != null" >
        #{createTime,jdbcType=TIMESTAMP},
      </if>
      <if test="updateUser != null" >
        #{updateUser,jdbcType=DECIMAL},
      </if>
      <if test="updateTime != null" >
        #{updateTime,jdbcType=TIMESTAMP},
      </if>
      <if test="sellerId != null" >
        #{sellerId,jdbcType=DECIMAL},
      </if>
      <if test="memberId != null" >
        #{memberId,jdbcType=DECIMAL},
      </if>
      <if test="memberAccount != null" >
        #{memberAccount,jdbcType=VARCHAR},
      </if>
      <if test="travelTime != null" >
        #{travelTime,jdbcType=TIMESTAMP},
      </if>
    </trim>
  </insert>
  <update id="updateByPrimaryKeySelective" parameterType="com.spring.scenic.member.domain.Order" >
    <!--
      WARNING - @mbggenerated
      This element is automatically generated by MyBatis Generator, do not modify.
      This element was generated on Wed Mar 29 14:23:49 CST 2017.
    -->
    update TB_ORDER
    <set >
      <if test="orderNo != null" >
        ORDER_NO = #{orderNo,jdbcType=VARCHAR},
      </if>
      <if test="thirdNo != null" >
        THIRD_NO = #{thirdNo,jdbcType=VARCHAR},
      </if>
      <if test="productName != null" >
        PRODUCT_NAME = #{productName,jdbcType=VARCHAR},
      </if>
      <if test="productCode != null" >
        PRODUCT_CODE = #{productCode,jdbcType=VARCHAR},
      </if>
      <if test="productId != null" >
        PRODUCT_ID = #{productId,jdbcType=DECIMAL},
      </if>
      <if test="mealsName != null" >
        MEALS_NAME = #{mealsName,jdbcType=VARCHAR},
      </if>
      <if test="mealsId != null" >
        MEALS_ID = #{mealsId,jdbcType=DECIMAL},
      </if>
      <if test="orderStatus != null" >
        ORDER_STATUS = #{orderStatus,jdbcType=DECIMAL},
      </if>
      <if test="payStatus != null" >
        PAY_STATUS = #{payStatus,jdbcType=DECIMAL},
      </if>
      <if test="linkMan != null" >
        LINK_MAN = #{linkMan,jdbcType=VARCHAR},
      </if>
      <if test="phone != null" >
        PHONE = #{phone,jdbcType=VARCHAR},
      </if>
      <if test="email != null" >
        EMAIL = #{email,jdbcType=VARCHAR},
      </if>
      <if test="orderPrice != null" >
        ORDER_PRICE = #{orderPrice,jdbcType=DECIMAL},
      </if>
      <if test="orderCount != null" >
        ORDER_COUNT = #{orderCount,jdbcType=DECIMAL},
      </if>
      <if test="orderType != null" >
        ORDER_TYPE = #{orderType,jdbcType=DECIMAL},
      </if>
      <if test="remark != null" >
        REMARK = #{remark,jdbcType=VARCHAR},
      </if>
      <if test="sellerRemark != null" >
        SELLER_REMARK = #{sellerRemark,jdbcType=VARCHAR},
      </if>
      <if test="productPrice != null" >
        PRODUCT_PRICE = #{productPrice,jdbcType=DECIMAL},
      </if>
      <if test="adultPrice != null" >
        ADULT_PRICE = #{adultPrice,jdbcType=DECIMAL},
      </if>
      <if test="adultCount != null" >
        ADULT_COUNT = #{adultCount,jdbcType=DECIMAL},
      </if>
      <if test="childPrice != null" >
        CHILD_PRICE = #{childPrice,jdbcType=DECIMAL},
      </if>
      <if test="childCount != null" >
        CHILD_COUNT = #{childCount,jdbcType=DECIMAL},
      </if>
      <if test="src != null" >
        SRC = #{src,jdbcType=DECIMAL},
      </if>
      <if test="confirmTime != null" >
        CONFIRM_TIME = #{confirmTime,jdbcType=TIMESTAMP},
      </if>
      <if test="userKnow != null" >
        USER_KNOW = #{userKnow,jdbcType=VARCHAR},
      </if>
      <if test="createUser != null" >
        CREATE_USER = #{createUser,jdbcType=DECIMAL},
      </if>
      <if test="createTime != null" >
        CREATE_TIME = #{createTime,jdbcType=TIMESTAMP},
      </if>
      <if test="updateUser != null" >
        UPDATE_USER = #{updateUser,jdbcType=DECIMAL},
      </if>
      <if test="updateTime != null" >
        UPDATE_TIME = #{updateTime,jdbcType=TIMESTAMP},
      </if>
      <if test="sellerId != null" >
        SELLER_ID = #{sellerId,jdbcType=DECIMAL},
      </if>
      <if test="memberId != null" >
        MEMBER_ID = #{memberId,jdbcType=DECIMAL},
      </if>
      <if test="memberAccount != null" >
        MEMBER_ACCOUNT = #{memberAccount,jdbcType=VARCHAR},
      </if>
      <if test="travelTime != null" >
        TRAVEL_TIME = #{travelTime,jdbcType=TIMESTAMP},
      </if>
    </set>
    where ID = #{id,jdbcType=DECIMAL}
  </update>
  <update id="updateByPrimaryKey" parameterType="com.spring.scenic.member.domain.Order" >
    <!--
      WARNING - @mbggenerated
      This element is automatically generated by MyBatis Generator, do not modify.
      This element was generated on Wed Mar 29 14:23:49 CST 2017.
    -->
    update TB_ORDER
    set ORDER_NO = #{orderNo,jdbcType=VARCHAR},
      THIRD_NO = #{thirdNo,jdbcType=VARCHAR},
      PRODUCT_NAME = #{productName,jdbcType=VARCHAR},
      PRODUCT_CODE = #{productCode,jdbcType=VARCHAR},
      PRODUCT_ID = #{productId,jdbcType=DECIMAL},
      MEALS_NAME = #{mealsName,jdbcType=VARCHAR},
      MEALS_ID = #{mealsId,jdbcType=DECIMAL},
      ORDER_STATUS = #{orderStatus,jdbcType=DECIMAL},
      PAY_STATUS = #{payStatus,jdbcType=DECIMAL},
      LINK_MAN = #{linkMan,jdbcType=VARCHAR},
      PHONE = #{phone,jdbcType=VARCHAR},
      EMAIL = #{email,jdbcType=VARCHAR},
      ORDER_PRICE = #{orderPrice,jdbcType=DECIMAL},
      ORDER_COUNT = #{orderCount,jdbcType=DECIMAL},
      ORDER_TYPE = #{orderType,jdbcType=DECIMAL},
      REMARK = #{remark,jdbcType=VARCHAR},
      SELLER_REMARK = #{sellerRemark,jdbcType=VARCHAR},
      PRODUCT_PRICE = #{productPrice,jdbcType=DECIMAL},
      ADULT_PRICE = #{adultPrice,jdbcType=DECIMAL},
      ADULT_COUNT = #{adultCount,jdbcType=DECIMAL},
      CHILD_PRICE = #{childPrice,jdbcType=DECIMAL},
      CHILD_COUNT = #{childCount,jdbcType=DECIMAL},
      SRC = #{src,jdbcType=DECIMAL},
      CONFIRM_TIME = #{confirmTime,jdbcType=TIMESTAMP},
      USER_KNOW = #{userKnow,jdbcType=VARCHAR},
      CREATE_USER = #{createUser,jdbcType=DECIMAL},
      CREATE_TIME = #{createTime,jdbcType=TIMESTAMP},
      UPDATE_USER = #{updateUser,jdbcType=DECIMAL},
      UPDATE_TIME = #{updateTime,jdbcType=TIMESTAMP},
      SELLER_ID = #{sellerId,jdbcType=DECIMAL},
      MEMBER_ID = #{memberId,jdbcType=DECIMAL},
      MEMBER_ACCOUNT = #{memberAccount,jdbcType=VARCHAR},
      TRAVEL_TIME = #{travelTime,jdbcType=TIMESTAMP}
    where ID = #{id,jdbcType=DECIMAL}
  </update>
</mapper>