<?xml version="1.0" encoding="UTF-8" ?>
<!DOCTYPE mapper PUBLIC "-//mybatis.org//DTD Mapper 3.0//EN" "http://mybatis.org/dtd/mybatis-3-mapper.dtd" >
<mapper namespace="com.spring.scenic.travelnotes.infrastructure.TravelNotesMapper" >
  
  <resultMap id="BaseResultMap" type="com.spring.scenic.travelnotes.domain.TravelNotes" >
    <id column="ID" property="id" jdbcType="DECIMAL" />
    <result column="TITLE" property="title" jdbcType="VARCHAR" />
    <result column="AUTHOR_NAME" property="authorName" jdbcType="VARCHAR" />
    <result column="TYPE" property="type" jdbcType="DECIMAL" />
    <result column="COVERS_IMAGE_URL" property="coversImageUrl" jdbcType="VARCHAR" />
    <result column="COVERS_IMAGE_NAME" property="coversImageName" jdbcType="VARCHAR" />
    <result column="DEPARTURE_DATE" property="departureDate" jdbcType="TIMESTAMP" />
    <result column="FEE" property="fee" jdbcType="VARCHAR" />
    <result column="PERSONS" property="persons" jdbcType="VARCHAR" />
    <result column="DAYS" property="days" jdbcType="VARCHAR" />
    <result column="VALID" property="valid" jdbcType="DECIMAL" />
    <result column="STATUS" property="status" jdbcType="DECIMAL" />
    <result column="PUBLISH_DATE" property="publishDate" jdbcType="TIMESTAMP" />
    <result column="REVIEWED_USER" property="reviewedUser" jdbcType="DECIMAL" />
    <result column="CREATE_TIME" property="createTime" jdbcType="TIMESTAMP" />
    <result column="CREATE_USER" property="createUser" jdbcType="DECIMAL" />
    <result column="UPDATE_TIME" property="updateTime" jdbcType="TIMESTAMP" />
    <result column="UPDATE_USER" property="updateUser" jdbcType="DECIMAL" />
    <result column="READ_COUNT" property="readCount" jdbcType="DECIMAL" />
    <result column="CREATE_USER_TYPE" property="createUserType" jdbcType="DECIMAL" />
    <result column="COLLECTION_COUNT" property="collectionCount" jdbcType="DECIMAL" />
    <result column="PRAISE_COUNT" property="praiseCount" jdbcType="DECIMAL" />
    <result column="COMMENT_COUNT" property="commentCount" jdbcType="DECIMAL" />
    <result column="NOW_TIME" property="nowTime" jdbcType="VARCHAR" />
  </resultMap>
  
  <resultMap id="BaseResultTravelNotesVoMap" type="com.spring.scenic.travelnotes.domain.vo.TravelNotesVo" >
    <id column="ID" property="id" jdbcType="DECIMAL" />
    <result column="TITLE" property="title" jdbcType="VARCHAR" />
    <result column="TYPE" property="type" jdbcType="DECIMAL" />
    <result column="mememberId" property="mememberId" jdbcType="DECIMAL" />
    <result column="CREATE_TIME" property="createTime" jdbcType="TIMESTAMP" />
    <result column="COVERS_IMAGE_URL" property="coversImageUrl" jdbcType="VARCHAR" />
    <result column="ISSHOWPIC" property="isShowPic" jdbcType="DECIMAL" />
  </resultMap>
  
  <resultMap id="BaseResultselectBydetailMytravelMap" type="com.spring.scenic.travelnotes.domain.vo.TravelNotesStrategyVo" >
    <id column="ID" property="id" jdbcType="DECIMAL" />
    <result column="TITLE" property="title" jdbcType="VARCHAR" />
    <result column="NAME" property="name" jdbcType="VARCHAR" />
    <result column="IMAGEURL" property="imageUrl" jdbcType="VARCHAR" />
    <result column="publishDate" property="publishDate" jdbcType="TIMESTAMP" />
    <result column="covers_image_url" property="coversImageUrl" jdbcType="VARCHAR" />
    <result column="READ_COUNT" property="readCount" jdbcType="DECIMAL" />
    <result column="TYPE" property="type" jdbcType="DECIMAL" />
    <result column="CREATEUSER" property="createUser" jdbcType="DECIMAL" />
    <result column="CREATEUSERTYPE" property="createUserType" jdbcType="DECIMAL" />
  </resultMap>
  
  <resultMap id="BaseselectBydetailMytravelMap" extends="BaseResultselectBydetailMytravelMap"  type="com.spring.scenic.travelnotes.domain.vo.TravelNotesStrategyVo">  
	<collection property="travelnotesdetailsList" column="ID" ofType="com.spring.scenic.travelnotes.domain.vo.TravelNotesDetailsVo"  
		select="com.spring.scenic.travelnotes.infrastructure.TravelNotesdetailsMapper.selectTravelNotesDetailsVo">  
	</collection> 
  </resultMap> 
  
  <resultMap id="BaseResultsTravelNotesDetailStrategyVoMap" type="com.spring.scenic.travelnotes.domain.vo.TravelNotesDetailStrategyVo" >
    <id column="ID" property="id" jdbcType="DECIMAL" />
    <result column="PRODUCTNAME" property="productName" jdbcType="VARCHAR" />
    <result column="NAME" property="name" jdbcType="VARCHAR" />
    <result column="NOW_TIME" property="nowTime" jdbcType="DECIMAL" />
    <result column="SALENUM" property="saleNum" jdbcType="DECIMAL" />
    <result column="FILEURL" property="fileUrl" jdbcType="DECIMAL" />
    <result column="FILEURL" property="fileUrl" jdbcType="VARCHAR" />
    <result column="MINPRICE" property="minPrice" jdbcType="VARCHAR" />
    <result column="PRODUCTTYPE" property="productType" jdbcType="DECIMAL" />
  </resultMap>
  
  <resultMap id="BaseResultTraveNotesDetailMap" type="com.spring.scenic.travelnotes.domain.vo.TravelNotesVo" >
    <id column="ID" property="id" jdbcType="DECIMAL" />
    <result column="NAME" property="name" jdbcType="VARCHAR" />
    <result column="IMAGEURL" property="imageUrl" jdbcType="VARCHAR" />
    <result column="DEPARTUREDATE" property="departureDate" jdbcType="TIMESTAMP" />
    <result column="FEE" property="fee" jdbcType="VARCHAR" />
    <result column="TITLE" property="title" jdbcType="VARCHAR" />
    <result column="DAYS" property="days" jdbcType="VARCHAR" />
    <result column="COVERSIMAGEURL" property="coversImageUrl" jdbcType="VARCHAR" />
    <result column="NOW_TIME" property="nowTime" jdbcType="VARCHAR" />
    <result column="USERID" property="userId" jdbcType="DECIMAL" />
    <result column="CREATEUSERTYPE" property="createUserType" jdbcType="DECIMAL" />
    <result column="PERSONS" property="persons" jdbcType="VARCHAR" />
	<result column="READ_COUNT" property="readCount" jdbcType="DECIMAL" />
	<result column="PRAISE_COUNT" property="praiseCount" jdbcType="DECIMAL" />
	<result column="COMMENT_COUNT" property="commentCount" jdbcType="DECIMAL" />
	<result column="COLLECTION_COUNT" property="collectionCount" jdbcType="DECIMAL" />
	<result column="PRAISED" property="praised" jdbcType="DECIMAL" />
	<result column="COLLECTED" property="collected" jdbcType="DECIMAL" />
	<result column="STATUS" property="status" jdbcType="DECIMAL" />
	<result column="CREATE_TIME" property="createTime" jdbcType="TIMESTAMP" />
	<result column="SUBTITLE" property="subTitle" jdbcType="VARCHAR" />
    <collection property="travelnotesdetailsList" column="ID" ofType="com.spring.scenic.travelnotes.domain.vo.TravelNotesDetailsVo"  
		select="com.spring.scenic.travelnotes.infrastructure.TravelNotesdetailsMapper.selectTravelNotesDetailsVo">  
	</collection> 
  </resultMap>
  
    <resultMap id="BaseResultIndexTravelNotesUserCommentslVoMap" type="com.spring.scenic.travelnotes.domain.vo.IndexTravelNotesUserCommentslVo">
    <id column="ID" property="id" jdbcType="DECIMAL" />
    <result column="NAME" property="name" jdbcType="VARCHAR" />
    <result column="IMAGEURL" property="imageUrl" jdbcType="VARCHAR" />
    <result column="COMMENTS" property="comments" jdbcType="VARCHAR" />
    <result column="NOW_TIME" property="nowTime" jdbcType="VARCHAR" />
  </resultMap>
  
  <resultMap id="BaseResultTravelNotesCountVoMap" type="com.spring.scenic.travelnotes.domain.vo.TravelNotesCountVo">
    <result column="CGTYPE" property="cgtype" jdbcType="DECIMAL" />
    <result column="DSHTYPE" property="dshtype" jdbcType="DECIMAL" />
    <result column="SHTGTYPE" property="shtgtype" jdbcType="DECIMAL" />
    <result column="WTGTYPE" property="wtgtype" jdbcType="DECIMAL" />
  </resultMap>
  
  
  <sql id="Base_Column_List" >
    ID, TITLE, AUTHOR_NAME, TYPE, COVERS_IMAGE_URL, COVERS_IMAGE_NAME, DEPARTURE_DATE, 
    FEE, PERSONS, DAYS, VALID, STATUS, PUBLISH_DATE, REVIEWED_USER, CREATE_TIME, CREATE_USER, 
    UPDATE_TIME, UPDATE_USER, READ_COUNT, CREATE_USER_TYPE
  </sql>
  
  <select id="selectByPrimaryKey" resultMap="BaseResultMap" parameterType="java.lang.Integer" >
    select 
    <include refid="Base_Column_List" />
    from TB_TRAVEL_NOTES
    where ID = #{id,jdbcType=DECIMAL}
  </select>
  
  <delete id="deleteByPrimaryKey" parameterType="java.lang.Integer" >
    delete from TB_TRAVEL_NOTES
    where ID = #{id,jdbcType=DECIMAL}
  </delete>
  
  <insert id="insert" parameterType="com.spring.scenic.travelnotes.domain.TravelNotes" >
    insert into TB_TRAVEL_NOTES (ID, TITLE, AUTHOR_NAME, 
      TYPE, COVERS_IMAGE_URL, COVERS_IMAGE_NAME, 
      DEPARTURE_DATE, FEE, PERSONS, 
      DAYS, VALID, STATUS, 
      PUBLISH_DATE, REVIEWED_USER, CREATE_TIME, 
      CREATE_USER, UPDATE_TIME, UPDATE_USER, 
      READ_COUNT, CREATE_USER_TYPE)
    values (#{id,jdbcType=DECIMAL}, #{title,jdbcType=VARCHAR}, #{authorName,jdbcType=VARCHAR}, 
      #{type,jdbcType=DECIMAL}, #{coversImageUrl,jdbcType=VARCHAR}, #{coversImageName,jdbcType=VARCHAR}, 
      #{departureDate,jdbcType=TIMESTAMP}, #{fee,jdbcType=VARCHAR}, #{persons,jdbcType=VARCHAR}, 
      #{days,jdbcType=VARCHAR}, #{valid,jdbcType=DECIMAL}, #{status,jdbcType=DECIMAL}, 
      #{publishDate,jdbcType=TIMESTAMP}, #{reviewedUser,jdbcType=DECIMAL}, #{createTime,jdbcType=TIMESTAMP}, 
      #{createUser,jdbcType=DECIMAL}, #{updateTime,jdbcType=TIMESTAMP}, #{updateUser,jdbcType=DECIMAL}, 
      #{readCount,jdbcType=DECIMAL}, #{createUserType,jdbcType=DECIMAL})
  </insert>
  
  <insert id="insertSelective" parameterType="com.spring.scenic.travelnotes.domain.TravelNotes" >
   <selectKey  keyProperty="id" order="BEFORE" resultType="java.lang.Integer" >
      	SELECT SEQ_TB_TRAVEL_NOTES.nextval FROM dual
      </selectKey>
    insert into TB_TRAVEL_NOTES
    <trim prefix="(" suffix=")" suffixOverrides="," >
      <if test="id != null" >
        ID,
      </if>
      <if test="title != null" >
        TITLE,
      </if>
      <if test="authorName != null" >
        AUTHOR_NAME,
      </if>
      <if test="type != null" >
        TYPE,
      </if>
      <if test="coversImageUrl != null" >
        COVERS_IMAGE_URL,
      </if>
      <if test="coversImageName != null" >
        COVERS_IMAGE_NAME,
      </if>
      <if test="departureDate != null" >
        DEPARTURE_DATE,
      </if>
      <if test="fee != null" >
        FEE,
      </if>
      <if test="persons != null" >
        PERSONS,
      </if>
      <if test="days != null" >
        DAYS,
      </if>
      <if test="valid != null" >
        VALID,
      </if>
      <if test="status != null" >
        STATUS,
      </if>
        PUBLISH_DATE,
      <if test="reviewedUser != null" >
        REVIEWED_USER,
      </if>
        CREATE_TIME,
      <if test="createUser != null" >
        CREATE_USER,
      </if>
        UPDATE_TIME,
      <if test="updateUser != null" >
        UPDATE_USER,
      </if>
      <if test="readCount != null" >
        READ_COUNT,
      </if>
      <if test="createUserType != null" >
        CREATE_USER_TYPE,
      </if>
    </trim>
    <trim prefix="values (" suffix=")" suffixOverrides="," >
      <if test="id != null" >
        #{id,jdbcType=DECIMAL},
      </if>
      <if test="title != null" >
        #{title,jdbcType=VARCHAR},
      </if>
      <if test="authorName != null" >
        #{authorName,jdbcType=VARCHAR},
      </if>
      <if test="type != null" >
        #{type,jdbcType=DECIMAL},
      </if>
      <if test="coversImageUrl != null" >
        #{coversImageUrl,jdbcType=VARCHAR},
      </if>
      <if test="coversImageName != null" >
        #{coversImageName,jdbcType=VARCHAR},
      </if>
      <if test="departureDate != null" >
        #{departureDate,jdbcType=TIMESTAMP},
      </if>
      <if test="fee != null" >
        #{fee,jdbcType=VARCHAR},
      </if>
      <if test="persons != null" >
        #{persons,jdbcType=VARCHAR},
      </if>
      <if test="days != null" >
        #{days,jdbcType=VARCHAR},
      </if>
      <if test="valid != null" >
        #{valid,jdbcType=DECIMAL},
      </if>
      <if test="status != null" >
        #{status,jdbcType=DECIMAL},
      </if>
<!--       <if test="publishDate != null" > -->
<!--         #{publishDate,jdbcType=TIMESTAMP}, -->
<!--       </if> -->
<!-- 保证在取数据库的日期统一一致 -->
		sysdate,
      <if test="reviewedUser != null" >
        #{reviewedUser,jdbcType=DECIMAL},
      </if>
<!--       <if test="createTime != null" > -->
<!--         #{createTime,jdbcType=TIMESTAMP}, -->
<!--       </if> -->
<!-- 保证在取数据库的日期统一一致 -->
		sysdate,
      <if test="createUser != null" >
        #{createUser,jdbcType=DECIMAL},
      </if>
<!--       <if test="updateTime != null" > -->
<!--         #{updateTime,jdbcType=TIMESTAMP}, -->
<!--       </if> -->
sysdate,
      <if test="updateUser != null" >
        #{updateUser,jdbcType=DECIMAL},
      </if>
      <if test="readCount != null" >
        #{readCount,jdbcType=DECIMAL},
      </if>
      <if test="createUserType != null" >
        #{createUserType,jdbcType=DECIMAL},
      </if>
    </trim>
  </insert>
  
  <update id="updateByPrimaryKeySelective" parameterType="com.spring.scenic.travelnotes.domain.TravelNotes" >
    update TB_TRAVEL_NOTES
    <set >
      <if test="title != null" >
        TITLE = #{title,jdbcType=VARCHAR},
      </if>
      <if test="authorName != null" >
        AUTHOR_NAME = #{authorName,jdbcType=VARCHAR},
      </if>
      <if test="type != null" >
        TYPE = #{type,jdbcType=DECIMAL},
      </if>
      <if test="coversImageUrl != null" >
        COVERS_IMAGE_URL = #{coversImageUrl,jdbcType=VARCHAR},
      </if>
      <if test="coversImageName != null" >
        COVERS_IMAGE_NAME = #{coversImageName,jdbcType=VARCHAR},
      </if>
      <if test="departureDate != null" >
        DEPARTURE_DATE = #{departureDate,jdbcType=TIMESTAMP},
      </if>
      <if test="fee != null" >
        FEE = #{fee,jdbcType=VARCHAR},
      </if>
      <if test="persons != null" >
        PERSONS = #{persons,jdbcType=VARCHAR},
      </if>
      <if test="days != null" >
        DAYS = #{days,jdbcType=VARCHAR},
      </if>
      <if test="valid != null" >
        VALID = #{valid,jdbcType=DECIMAL},
      </if>
      <if test="status != null" >
        STATUS = #{status,jdbcType=DECIMAL},
      </if>
      <if test="publishDate != null" >
        PUBLISH_DATE = #{publishDate,jdbcType=TIMESTAMP},
      </if>
      <if test="reviewedUser != null" >
        REVIEWED_USER = #{reviewedUser,jdbcType=DECIMAL},
      </if>
      <if test="createTime != null" >
        CREATE_TIME = #{createTime,jdbcType=TIMESTAMP},
      </if>
      <if test="createUser != null" >
        CREATE_USER = #{createUser,jdbcType=DECIMAL},
      </if>
      <if test="updateTime != null" >
        UPDATE_TIME = #{updateTime,jdbcType=TIMESTAMP},
      </if>
      <if test="updateUser != null" >
        UPDATE_USER = #{updateUser,jdbcType=DECIMAL},
      </if>
      <if test="readCount != null" >
        READ_COUNT = #{readCount,jdbcType=DECIMAL},
      </if>
      <if test="createUserType != null" >
        CREATE_USER_TYPE = #{createUserType,jdbcType=DECIMAL},
      </if>
    </set>
    where ID = #{id,jdbcType=DECIMAL}
  </update>
  
  <update id="updateByPrimaryKey" parameterType="com.spring.scenic.travelnotes.domain.TravelNotes" >
    update TB_TRAVEL_NOTES
    set TITLE = #{title,jdbcType=VARCHAR},
      AUTHOR_NAME = #{authorName,jdbcType=VARCHAR},
      TYPE = #{type,jdbcType=DECIMAL},
      COVERS_IMAGE_URL = #{coversImageUrl,jdbcType=VARCHAR},
      COVERS_IMAGE_NAME = #{coversImageName,jdbcType=VARCHAR},
      DEPARTURE_DATE = #{departureDate,jdbcType=TIMESTAMP},
      FEE = #{fee,jdbcType=VARCHAR},
      PERSONS = #{persons,jdbcType=VARCHAR},
      DAYS = #{days,jdbcType=VARCHAR},
      VALID = #{valid,jdbcType=DECIMAL},
      STATUS = #{status,jdbcType=DECIMAL},
      PUBLISH_DATE =sysdate,
      REVIEWED_USER = #{reviewedUser,jdbcType=DECIMAL},
      CREATE_TIME = sysdate,
      CREATE_USER = #{createUser,jdbcType=DECIMAL},
      UPDATE_TIME = sysdate,
      UPDATE_USER = #{updateUser,jdbcType=DECIMAL},
      READ_COUNT = #{readCount,jdbcType=DECIMAL},
      CREATE_USER_TYPE = #{createUserType,jdbcType=DECIMAL}
    where ID = #{id,jdbcType=DECIMAL}
  </update>
  
   <select id="selectmytravelsList" resultMap="BaseResultTravelNotesVoMap" parameterType="com.spring.scenic.travelnotes.domain.vo.TravelNotesVo" >
   
      select id,title,create_time,status type,create_user mememberId,COVERS_IMAGE_URL coversImageUrl,
       (select  t.words subTitle from tb_travel_notes_details t where t.type=1 and t.travel_notes_id=ttn.id  and rownum=1) subTitle,
       (select count(0) from tb_travel_notes_details ttnd where ttnd.TYPE=2 and ttnd.travel_notes_id=ttn.id) ISSHOWPIC
        from tb_travel_notes ttn 
      where create_user_type=1
      <if test="mememberId != null" >
            and CREATE_USER = #{mememberId,jdbcType=DECIMAL}
      </if>
      <if test="type != null" >
          <if test="type ==1" >
            and (status = 1 or status =3)
          </if>
          <if test="type ==0" >
            and status = 0
          </if>
          <if test="type ==2" >
            and status =2 
          </if>
      </if>
      <if test="id != null" >
            and id = #{id,jdbcType=DECIMAL}
      </if>
	  order by create_time desc 
  </select>

  
  <!-- 游记攻略名称、标签查找值找到游记 -->
  <select  id="searchTravelNoteList" resultMap="BaseResultMap" parameterType="com.spring.scenic.travelnotes.domain.TravelNotes">
    select * from ( select ttn.id ID,
        ttn.author_name,
        ttn.type,
        ttn.title,
        ttn.create_user,
        ttn.create_user_type,
        ttn.covers_image_url,
        (select  t.words subTitle from tb_travel_notes_details t where t.type=1 and t.travel_notes_id=ttn.id  and rownum=1) subTitle,
        (select   count(tpp.id)  from tb_push_praise tpp where tpp.praise_type=1  and ttn.id=tpp.praise_content_id  ) PRAISE_COUNT,
        (select  count(ttnc.id)  from TB_TRAVEL_NOTES_COMMENT  ttnc where  ttn.id=ttnc.travelnote_id ) COMMENT_COUNT,
        (select count(1) from tb_member_collection where collection_type=2 and collection_content_id=ttn.id) COLLECTION_COUNT,
        TO_NUMBER(nvl(ttn.read_count,0)) READ_COUNT,
        to_char(ROUND(TO_NUMBER(sysdate - to_date(to_char(ttn.create_time,'yyyy-MM-dd HH24:mi:ss'),'YYYY-MM-DD hh24:mi:ss')) * 24 * 60)) NOW_TIME
        ,tk.name cityName,
        <if test="sessionId ==null or sessionId==''">
       	 0 as PRAISED,
        </if>
        <if test="sessionId !=null">
        (select count(0) from tb_push_praise tpp  where   tpp.praise_type=1  
             and tpp.praise_content_id=ttn.id
             and tpp.session_id=#{sessionId,jdbcType=VARCHAR}
        ) as PRAISED,
       </if>
       <if test="userId ==null or userId==''">
         0 as COLLECTED
       </if>
         <if test="userId !=null">
        (select count(1) from tb_member_collection where collection_type=2 and collection_content_id=ttn.id   
          and create_user=#{userId,jdbcType=DECIMAL}
        ) as COLLECTED
        </if>
        from tb_travel_notes ttn left join (
          select tkr.out_related_id id,listagg(tk.name, ',') within group(order by tk.id) name from tb_keyword_ref tkr 
          inner join tb_keyword tk on tk.id=tkr.keyword_id    where tkr.out_related_type=1 and tk.valid=1
          group by  tkr.out_related_id 
        ) tk on ttn.id=tk.id
 		where ttn.status=2  
 		<if test="keyword !=null and keyword!=''">
    	and (ttn.title like  '%'||TRIM(#{keyword,jdbcType=VARCHAR})||'%' or tk.name like '%'||TRIM(#{keyword,jdbcType=VARCHAR})||'%') 
       </if>
   		order by TO_NUMBER(nvl(ttn.read_count,0)) desc) t1 where cityName like '%'||#{cityName,jdbcType=VARCHAR}||'%'
 		union all
 		select * from ( select ttn.id ID,
	        ttn.author_name,
	        ttn.type,
	        ttn.title,
	        ttn.create_user,
	        ttn.create_user_type,
	        ttn.covers_image_url,
	        (select  t.words subTitle from tb_travel_notes_details t where t.type=1 and t.travel_notes_id=ttn.id  and rownum=1) subTitle,
	        (select   count(tpp.id)  from tb_push_praise tpp where tpp.praise_type=1  and ttn.id=tpp.praise_content_id  ) PRAISE_COUNT,
	        (select  count(ttnc.id)  from TB_TRAVEL_NOTES_COMMENT  ttnc where  ttn.id=ttnc.travelnote_id ) COMMENT_COUNT,
	        (select count(1) from tb_member_collection where collection_type=2 and collection_content_id=ttn.id) COLLECTION_COUNT,
	        TO_NUMBER(nvl(ttn.read_count,0)) READ_COUNT,
	        to_char(ROUND(TO_NUMBER(sysdate - to_date(to_char(ttn.create_time,'yyyy-MM-dd HH24:mi:ss'),'YYYY-MM-DD hh24:mi:ss')) * 24 * 60)) NOW_TIME
	        ,tk.name cityName,
		   <if test="sessionId ==null or sessionId==''">
       	 0 as PRAISED,
        </if>
        <if test="sessionId !=null">
	        (select count(0) from tb_push_praise tpp  where   tpp.praise_type=1  
	             and tpp.praise_content_id=ttn.id
	             and tpp.session_id=#{sessionId,jdbcType=VARCHAR}
	        ) as PRAISED,
       	</if>
	       <if test="userId ==null or userId==''">
	         0 as COLLECTED
	       </if>
         <if test="userId !=null">
	        (select count(1) from tb_member_collection where collection_type=2 and collection_content_id=ttn.id   
	          and create_user=#{userId,jdbcType=DECIMAL}
	        ) as COLLECTED	
        	</if>
            from tb_travel_notes ttn left join (
              select tkr.out_related_id id,listagg(tk.name, ',') within group(order by tk.id) name from tb_keyword_ref tkr 
              inner join tb_keyword tk on tk.id=tkr.keyword_id    where tkr.out_related_type=1 and tk.valid=1
              group by  tkr.out_related_id 
            ) tk on ttn.id=tk.id
           where ttn.status=2  
           	<if test="keyword !=null and keyword!=''">
    			and (ttn.title like  '%'||TRIM(#{keyword,jdbcType=VARCHAR})||'%' or tk.name like '%'||TRIM(#{keyword,jdbcType=VARCHAR})||'%') 
      		</if>
           order by TO_NUMBER(nvl(ttn.read_count,0)) desc) t2 where cityName not like '%'||#{cityName,jdbcType=VARCHAR}||'%'  or  cityName  is null
  </select>
  
    <select id="selectBydetailMytravel" resultMap="BaseselectBydetailMytravelMap" parameterType="java.lang.Integer" >
      select ttn.id,
         null     name,
         null    imageUrl,
         ttn.title,
         ttn.publish_date publishDate,
         ttn.covers_image_url,
         nvl(ttn.read_count,0) READ_COUNT,
         ttn.create_user CREATEUSER,
         ttn.type, ttn.create_user_type CREATEUSERTYPE
    from tb_travel_notes ttn where  ttn.id =#{id,jdbcType=DECIMAL}
  </select>
  
   <select id="selectByDetailStrategyVo" resultMap="BaseResultsTravelNotesDetailStrategyVoMap"  parameterType="java.lang.Integer" >
	select * from (
	select tp.id,tp.product_name productName,tc.name, to_char(ROUND(TO_NUMBER(sysdate - to_date(to_char(tp.create_time,'yyyy-MM-dd HH24:mi:ss'),'YYYY-MM-DD hh24:mi:ss')) * 24 * 60)) NOW_TIME,
	    nvl(c.order_count,0) saleNum,null fileUrl, tp.price  MINPRICE,tp.product_type PRODUCTTYPE ,nvl(c.order_count,0) saled_num from tb_product tp 
		inner join tb_city  tc on tp.city_id=tc.id
	    inner join tb_busi_seller tbs on tp.seller_id= tbs.id  and tbs.valid=1
	    left join (SELECT t.product_id,
                           sum(decode(t.order_type,
                                      1,
                                      t.order_count,
                                      2,
                                      t.order_count,
                                      3,
                                      t.adult_count + t.child_count)) order_count
                      FROM tb_order t where add_months(sysdate,-6) &lt;=t.create_time
                     group by t.product_id) c
            on tp.id = c.product_id
	 where  tc.name in (select k.name from tb_keyword_ref r ,tb_keyword k where k.valid=1 and r.out_related_type=1 and r.keyword_id = k.id and r.out_related_id=#{id,jdbcType=DECIMAL})
	 and tp.is_sale=1 
	 order by nvl(c.order_count,0) desc
    ) t where  <![CDATA[ rownum<=4 ]]>
  </select>
  
  <!-- 查看游记主要信息（非detail子表数据） -->
  <select id="getTravelNote" resultMap="BaseResultTraveNotesDetailMap"  parameterType="com.spring.scenic.travelnotes.domain.vo.TravelNotesVo">
	  select ttn.id,
	  	  ttn.title,
          ttn.departure_date DEPARTUREDATE,
          ttn.fee FEE,
          ttn.days DAYS,
          ttn.type,
          ttn.covers_image_url COVERSIMAGEURL,
          ( select count(tpp.id) from tb_push_praise tpp where tpp.praise_content_id=ttn.id and tpp.praise_type=1) PRAISE_COUNT,
          ( select count(ttnc.id) from tb_travel_notes_comment ttnc where ttnc.travelnote_id=ttn.id) COMMENT_COUNT,
          ( select count(tmc.id) from tb_member_collection tmc where tmc.collection_content_id=ttn.id and tmc.collection_type=2) COLLECTION_COUNT,
          to_char(ROUND(TO_NUMBER(sysdate - to_date(to_char(ttn.create_time,'yyyy-MM-dd HH24:mi:ss'),'YYYY-MM-DD hh24:mi:ss')) * 24 * 60)) NOW_TIME,
          nvl(ttn.read_count,0) READ_COUNT,
          ttn.create_user_type CREATEUSERTYPE,
          ttn.create_user USERID,
          ttn.persons,
          ttn.status,
		 <if test="sessionId ==null or sessionId==''">
		 	0 as PRAISED,
		 </if>
		 <if test="sessionId !=null">
	      (select count(0) from tb_push_praise tpp where tpp.praise_type=1  and tpp.praise_content_id=ttn.id
		   		and  session_id=#{sessionId,jdbcType=VARCHAR}
		  ) as PRAISED,
		 </if>
		 <if test="userId ==null or userId==''">
		 	0 as COLLECTED
		 </if>
	     <if test="userId !=null">
			(select count(1) from tb_member_collection where collection_type=2 and collection_content_id=ttn.id   
				and create_user=#{userId,jdbcType=DECIMAL}
			) as COLLECTED
	     </if>
	     from tb_travel_notes ttn
	     where ttn.id= #{id,jdbcType=DECIMAL}
  </select>
  
    <!-- 查看我的第一篇游记主要信息（非detail子表数据） -->
  <select id="selectMyFirstTravelNote" resultMap="BaseResultTraveNotesDetailMap"  parameterType="com.spring.scenic.travelnotes.domain.vo.TravelNotesVo">
	  select * from 
	   (select ttn.id,
          ttn.departure_date DEPARTUREDATE,
          ttn.fee FEE,
          ttn.title,
          ttn.days DAYS,
          ttn.STATUS,
          ttn.CREATE_TIME,
          ttn.covers_image_url COVERSIMAGEURL,
          (select ttnd.words subTitle from tb_travel_notes_details ttnd where ttnd.type=1 and ttnd.travel_notes_id=ttn.id and rownum=1) SUBTITLE,
          (select count(tpp.id) from tb_push_praise tpp where tpp.praise_content_id=ttn.id and tpp.praise_type=1) PRAISE_COUNT,
          (select count(ttnc.id) from tb_travel_notes_comment ttnc where ttnc.travelnote_id=ttn.id) COMMENT_COUNT,
          (select count(tmc.id) from tb_member_collection tmc where tmc.collection_content_id=ttn.id and tmc.collection_type=2) COLLECTION_COUNT,
          to_char(ROUND(TO_NUMBER(sysdate - to_date(to_char(ttn.create_time,'yyyy-MM-dd HH24:mi:ss'),'YYYY-MM-DD hh24:mi:ss')) * 24 * 60)) NOW_TIME,
          nvl(ttn.read_count,0) READ_COUNT,
          ttn.create_user_type CREATEUSERTYPE,
          ttn.create_user USERID,
          ttn.persons,
		 <if test="sessionId ==null or sessionId==''">
		 	0 as PRAISED,
		 </if>
		 <if test="sessionId !=null">
	      (select count(1) from tb_push_praise tpp where tpp.praise_type=1  and tpp.praise_content_id=ttn.id
		   		and  session_id=#{sessionId,jdbcType=VARCHAR}
		  ) as PRAISED,
		 </if>
		 <if test="userId ==null or userId==''">
		 	0 as COLLECTED
		 </if>
	     <if test="userId !=null">
			(select count(1) from tb_member_collection where collection_type=2 and collection_content_id=ttn.id   
				and create_user=#{userId,jdbcType=DECIMAL}
			) as COLLECTED
	     </if>
	     from tb_travel_notes ttn
	     where ttn.STATUS != 3
	     and   ttn.CREATE_USER_TYPE = 1
	     and   ttn.CREATE_USER = #{userId,jdbcType=DECIMAL}
	     order by ttn.STATUS desc,ttn.CREATE_TIME desc) A
	     where <![CDATA[rownum = 1]]>
  </select>
  
      <!-- 查看我的第一篇游记（未通过）（非detail子表数据） -->
  <select id="selectMyFirstTravelNoteNotPass" resultMap="BaseResultTraveNotesDetailMap"  parameterType="com.spring.scenic.travelnotes.domain.vo.TravelNotesVo">
	  select * from 
	   (select ttn.id,
          ttn.departure_date DEPARTUREDATE,
          ttn.fee FEE,
          ttn.title,
          ttn.days DAYS,
          ttn.STATUS,
          ttn.CREATE_TIME,
          ttn.covers_image_url COVERSIMAGEURL,
          (select ttnd.words subTitle from tb_travel_notes_details ttnd where ttnd.type=1 and ttnd.travel_notes_id=ttn.id and rownum=1) SUBTITLE,
          to_char(ROUND(TO_NUMBER(sysdate - to_date(to_char(ttn.create_time,'yyyy-MM-dd HH24:mi:ss'),'YYYY-MM-DD hh24:mi:ss')) * 24 * 60)) NOW_TIME,
          ttn.create_user USERID,
          ttn.persons
	     from tb_travel_notes ttn
	     where ttn.STATUS = 3
	     and   ttn.CREATE_USER_TYPE = 1
	     and   ttn.CREATE_USER = #{userId,jdbcType=DECIMAL}
	     order by ttn.CREATE_TIME desc) A
	     where <![CDATA[rownum = 1]]>
  </select>
  
  <select id="selectByIndexTravelNotesUserCommentslVo" resultMap="BaseResultIndexTravelNotesUserCommentslVoMap"  parameterType="java.lang.Integer">
 	 select     ttnc.id,tmb.name,tmb.IMAGEURL,ttnc.comments COMMENTS, to_char(ROUND(TO_NUMBER(sysdate - to_date(to_char(ttnc.comment_time,'yyyy-MM-dd HH24:mi:ss'),'YYYY-MM-DD hh24:mi:ss')) * 24 * 60)) NOW_TIME  from tb_travel_notes_comment ttnc
      left join ( select tmb.id,tmdi.name_ch name,tmb.image_url IMAGEURL from tb_member_basic tmb inner  join  tb_member_detail_info tmdi on tmb.id=tmdi.fk_id where tmdi.type=1) tmb
        on ttnc.comment_user = tmb.id
        where ttnc.travelnote_id=#{id,jdbcType=DECIMAL} 
        order by ttnc.comment_time desc
  </select>
  
  <update id="updateReadCountTravelNote"  parameterType="java.lang.Integer">
    update TB_TRAVEL_NOTES
    set READ_COUNT = nvl(READ_COUNT,0)+1
    where ID = #{id,jdbcType=DECIMAL}
  </update>
  
   <select id="selectTravelNoteCount" resultMap="BaseResultTravelNotesCountVoMap"  parameterType="java.lang.Integer">
 	  select (select count(1) from tb_travel_notes where  status=0 and create_user_type=1 and create_user=#{id,jdbcType=DECIMAL}) cgtype,
 	         (select count(1) from tb_travel_notes where  status=1 and create_user_type=1 and create_user=#{id,jdbcType=DECIMAL}) dshtype,
             (select count(1) from tb_travel_notes where  status=2 and create_user_type=1 and create_user=#{id,jdbcType=DECIMAL}) shtgtype, 
             (select count(1) from tb_travel_notes where  status=3 and create_user_type=1 and create_user=#{id,jdbcType=DECIMAL}) wtgtype
       from dual
  </select>
  
</mapper>