<?xml version="1.0" encoding="UTF-8" ?>
<!DOCTYPE mapper PUBLIC "-//mybatis.org//DTD Mapper 3.0//EN" "http://mybatis.org/dtd/mybatis-3-mapper.dtd" >
<mapper namespace="com.spring.scenic.comment.infrastructure.ProductCommentMapper">
	<resultMap id="BaseResultMap" type="com.spring.scenic.comment.domain.ProductComment">
		<!-- WARNING - @mbggenerated This element is automatically generated by 
			MyBatis Generator, do not modify. This element was generated on Sat Apr 01 
			13:19:14 CST 2017. -->
		<id column="ID" property="id" jdbcType="DECIMAL" />
		<result column="ORDER_ID" property="orderId" jdbcType="VARCHAR" />
		<result column="CONTENT" property="content" jdbcType="VARCHAR" />
		<result column="GREAD" property="gread" jdbcType="DECIMAL" />
		<result column="IS_RECOMMEND" property="isRecommend" jdbcType="DECIMAL" />
		<result column="SELLER_ID" property="sellerId" jdbcType="DECIMAL" />
		<result column="PRODUCT_ID" property="productId" jdbcType="DECIMAL" />
		<result column="PRODUCT_NAME" property="productName" jdbcType="VARCHAR" />
		<result column="SRC" property="src" jdbcType="DECIMAL" />
		<result column="SELLER_COMTENT" property="sellerComtent" jdbcType="VARCHAR" />
		<result column="CREATE_USER" property="createUser" jdbcType="DECIMAL" />
		<result column="CREATE_TIME" property="createTime" jdbcType="TIMESTAMP" />
		<result column="UPDATE_USER" property="updateUser" jdbcType="DECIMAL" />
		<result column="UPDATE_TIME" property="updateTime" jdbcType="TIMESTAMP" />
	</resultMap>

	<resultMap id="productCommentVolistMap" type="com.spring.scenic.comment.domain.vo.ProductCommentVo" extends="BaseResultMap">

		<result column="ID" property="id" jdbcType="DECIMAL" />
		<result column="ORDER_ID" property="orderId" jdbcType="VARCHAR" />
		<result column="PRODUCT_ID" property="productId" jdbcType="DECIMAL" />
		<result column="SRC" property="src" jdbcType="DECIMAL" />
		<result column="GREAD" property="gread" jdbcType="DECIMAL" />
		<result column="IS_RECOMMEND" property="isRecommend" jdbcType="DECIMAL" />
		<result column="SELLER_COMTENT" property="sellerComtent" jdbcType="VARCHAR" />
		<result column="CONTENT" property="content" jdbcType="VARCHAR" />
		<result column="PRODUCT_NAME" property="productName" jdbcType="VARCHAR" />
		<result column="CREATE_TIME" property="createTime" jdbcType="TIMESTAMP" />
		<result column="NAME" property="name" jdbcType="VARCHAR" />
		<result column="URLIMAGE" property="urlImage" jdbcType="VARCHAR" />
		<result column="ISPICTURECOMMENT" property="isPictureComment" jdbcType="VARCHAR" />
		<result column="CREATE_USER" property="createUser" jdbcType="DECIMAL" />
<!-- 		<association property="id" column="ID" select="com.spring.scenic.comment.infrastructure.ProductCommentFileMapper.selectByProcutIdProductCommentFile" /> -->
	</resultMap>
	
   <resultMap id="productCommentFileVolistMap" extends="productCommentVolistMap"  type="com.spring.scenic.comment.domain.vo.ProductCommentVo">  
 		<collection property="productcommentfile" column="ID" ofType="com.spring.scenic.comment.domain.ProductCommentFile"  
  		select="com.spring.scenic.comment.infrastructure.ProductCommentFileMapper.selectByProcutIdProductCommentFile">  
 		</collection> 
 	</resultMap>    


 <!-- 订单带提醒和详细 -->
<!--   <resultMap id="BaseResultMapOrderWithDetail" extends="BaseResultMapOrderWithWarn"  type="com.spring.scenic.order.domain.Order" >
	<collection property="orderPayRecords" column="ORDER_NO" ofType="com.spring.scenic.order.domain.OrderPayRecord" 
		select="com.spring.scenic.order.infrastructure.OrderPayRecordMapper.getOrderPayRecords">  
	</collection>
	<collection property="orderMoneyChanges" column="ORDER_NO" ofType="com.spring.scenic.order.domain.OrderMoneyChangeRec" 
		select="com.spring.scenic.order.infrastructure.OrderMoneyChangeRecMapper.getOrderMoneyChangeRecs">  
	</collection>
  </resultMap> -->


	<sql id="Base_Column_List">
		<!-- WARNING - @mbggenerated This element is automatically generated by 
			MyBatis Generator, do not modify. This element was generated on Sat Apr 01 
			13:19:14 CST 2017. -->
		ID, ORDER_ID, CONTENT, GREAD, IS_RECOMMEND, SELLER_ID, PRODUCT_ID,
		PRODUCT_NAME, SRC,
		SELLER_COMTENT, CREATE_USER, CREATE_TIME, UPDATE_USER, UPDATE_TIME
	</sql>

	<sql id="productCommentVo_Column_list">
		tpc.ID ID,tpc.order_no ORDER_ID,tpc.PRODUCT_ID,t2.name SRC,tpc.GREAD,tpc.IS_RECOMMEND,tpc.SELLER_COMTENT,tpc.CONTENT,(tpc.product_name||case when nvl(t.meals_name,null) is not null then '('||t.meals_name||')' else '' end) PRODUCT_NAME,tpc.CREATE_TIME,t.name NAME
	</sql>

	<select id="selectByPrimaryKey" resultMap="BaseResultMap" parameterType="java.lang.Integer">
		select
		<include refid="Base_Column_List" />
		from TB_PRODUCT_COMMENT
		where ID = #{id,jdbcType=DECIMAL}
	</select>

	<select id="productCommentVolist" resultMap="productCommentFileVolistMap" parameterType="com.spring.scenic.comment.domain.vo.ProductCommentVo">
		select
		<include refid="productCommentVo_Column_list" />
		,listagg(tpcf.file_url, ',') within group(order by tpc.id) as URLIMAGE,'' as  ISPICTURECOMMENT
		 from (select tor.order_no,tpc.* from tb_order tor inner join TB_PRODUCT_COMMENT tpc on tor.id=tpc.order_id) tpc 
		inner join (select  nvl(tmdi.NAME_CH,tmb.member_account) NAME,toder.order_no,toder.id,toder.meals_name from TB_MEMBER_DETAIL_INFO tmdi 
		            inner join TB_MEMBER_BASIC tmb  on tmdi.fk_id=tmb.id 
		            inner join TB_ORDER toder on tmdi.fk_id=toder.member_id
		            where tmdi.type=1) t  on tpc.order_id =t.id
		            inner join (select td.value id,td.name name from TB_DICTIONARY td where td.parent_id=15) t2  on tpc.src=t2.id
  		            left join tb_product_comment_file tpcf on tpc.id=tpcf.PRODUCT_COMMENT_ID  
		            
		where 1=1

		<if test="orderId !=null ">
			and tpc.ORDER_ID = #{orderId,jdbcType=VARCHAR}
		</if>

		<if test="productId != null">
			and tpc.PRODUCT_ID = #{productId,jdbcType=DECIMAL}
		</if>
		<if test="src != null">
			and tpc.SRC = #{src,jdbcType=DECIMAL}
		</if>
		<if test="gread != null">
			<!--  页面传过来值为1 则为5分好评-->
			<if test="gread==1">
				and (tpc.GREAD =5 or GREAD=4)
			</if>
			<!--  页面传过来值为2 则为 中评 3分和4分-->
			<if test="gread==2">
				and (tpc.GREAD =2 or GREAD=3)
			</if>
			<!--  页面传过来值为3 则为 差评 1分和2分-->
			<if test="gread==3">
				and tpc.GREAD =1
			</if>
		</if>
		<if test="isRecommend != null">
			<if test="isRecommend==1">
				and tpc.IS_RECOMMEND=1
			</if>
			<if test="isRecommend==0">
				and (tpc.IS_RECOMMEND=0 or tpc.IS_RECOMMEND is null)
			</if>
		</if>
		<if test="sellerComtent != null">
           	<if test="sellerComtent==1">
			 	and tpc.SELLER_COMTENT is not null
		    </if>
			<if test="sellerComtent==0">
				 and tpc.SELLER_COMTENT is null
			</if>  
		</if>
		<if test="isPictureComment ==1">
			 and  tpcf.file_url  is not null
		</if>
		<if test="createUser != null" >
       	 	and tpc.SELLER_ID = #{createUser,jdbcType=DECIMAL}
     	 </if>
		 
		 group by tpc.ID,tpc.order_no,tpc.PRODUCT_ID,t2.name,tpc.GREAD,tpc.IS_RECOMMEND,tpc.SELLER_COMTENT,tpc.CONTENT,(tpc.product_name||case when nvl(t.meals_name,null) is not null then '('||t.meals_name||')' else '' end),tpc.CREATE_TIME,t.name
		 order by tpc.create_time desc
	</select>

	<delete id="deleteByPrimaryKey" parameterType="java.lang.Integer">
		<!-- WARNING - @mbggenerated This element is automatically generated by 
			MyBatis Generator, do not modify. This element was generated on Sat Apr 01 
			13:19:14 CST 2017. -->
		delete from TB_PRODUCT_COMMENT
		where ID = #{id,jdbcType=DECIMAL}
	</delete>
	<insert id="insert" parameterType="com.spring.scenic.comment.domain.ProductComment">
		<!-- WARNING - @mbggenerated This element is automatically generated by 
			MyBatis Generator, do not modify. This element was generated on Sat Apr 01 
			13:19:14 CST 2017. -->
		insert into TB_PRODUCT_COMMENT (ID, ORDER_ID, CONTENT,
		GREAD, IS_RECOMMEND, SELLER_ID,
		PRODUCT_ID, PRODUCT_NAME, SRC,
		SELLER_COMTENT, CREATE_USER, CREATE_TIME,
		UPDATE_USER, UPDATE_TIME)
		values (#{id,jdbcType=DECIMAL}, #{orderId,jdbcType=VARCHAR},
		#{content,jdbcType=VARCHAR},
		#{gread,jdbcType=DECIMAL}, #{isRecommend,jdbcType=DECIMAL}, #{sellerId,jdbcType=DECIMAL},
		#{productId,jdbcType=DECIMAL}, #{productName,jdbcType=VARCHAR},
		#{src,jdbcType=DECIMAL},
		#{sellerComtent,jdbcType=VARCHAR}, #{createUser,jdbcType=DECIMAL}, #{createTime,jdbcType=TIMESTAMP},
		#{updateUser,jdbcType=DECIMAL}, #{updateTime,jdbcType=TIMESTAMP})
	</insert>
	<insert id="insertSelective" parameterType="com.spring.scenic.comment.domain.ProductComment">
		<!-- WARNING - @mbggenerated This element is automatically generated by 
			MyBatis Generator, do not modify. This element was generated on Sat Apr 01 
			13:19:14 CST 2017. -->
		insert into TB_PRODUCT_COMMENT
		<trim prefix="(" suffix=")" suffixOverrides=",">
			<if test="id != null">
				ID,
			</if>
			<if test="orderId != null">
				ORDER_ID,
			</if>
			<if test="content != null">
				CONTENT,
			</if>
			<if test="gread != null">
				GREAD,
			</if>
			<if test="isRecommend != null">
				IS_RECOMMEND,
			</if>
			<if test="sellerId != null">
				SELLER_ID,
			</if>
			<if test="productId != null">
				PRODUCT_ID,
			</if>
			<if test="productName != null">
				PRODUCT_NAME,
			</if>
			<if test="src != null">
				SRC,
			</if>
			<if test="sellerComtent != null">
				SELLER_COMTENT,
			</if>
			<if test="createUser != null">
				CREATE_USER,
			</if>
			<if test="createTime != null">
				CREATE_TIME,
			</if>
			<if test="updateUser != null">
				UPDATE_USER,
			</if>
			<if test="updateTime != null">
				UPDATE_TIME,
			</if>
		</trim>
		<trim prefix="values (" suffix=")" suffixOverrides=",">
			<if test="id != null">
				#{id,jdbcType=DECIMAL},
			</if>
			<if test="orderId != null">
				#{orderId,jdbcType=VARCHAR},
			</if>
			<if test="content != null">
				#{content,jdbcType=VARCHAR},
			</if>
			<if test="gread != null">
				#{gread,jdbcType=DECIMAL},
			</if>
			<if test="isRecommend != null">
				#{isRecommend,jdbcType=DECIMAL},
			</if>
			<if test="sellerId != null">
				#{sellerId,jdbcType=DECIMAL},
			</if>
			<if test="productId != null">
				#{productId,jdbcType=DECIMAL},
			</if>
			<if test="productName != null">
				#{productName,jdbcType=VARCHAR},
			</if>
			<if test="src != null">
				#{src,jdbcType=DECIMAL},
			</if>
			<if test="sellerComtent != null">
				#{sellerComtent,jdbcType=VARCHAR},
			</if>
			<if test="createUser != null">
				#{createUser,jdbcType=DECIMAL},
			</if>
			<if test="createTime != null">
				#{createTime,jdbcType=TIMESTAMP},
			</if>
			<if test="updateUser != null">
				#{updateUser,jdbcType=DECIMAL},
			</if>
			<if test="updateTime != null">
				#{updateTime,jdbcType=TIMESTAMP},
			</if>
		</trim>
	</insert>
	<update id="updateByPrimaryKeySelective" parameterType="com.spring.scenic.comment.domain.ProductComment">
		<!-- WARNING - @mbggenerated This element is automatically generated by 
			MyBatis Generator, do not modify. This element was generated on Sat Apr 01 
			13:19:14 CST 2017. -->
		update TB_PRODUCT_COMMENT
		<set>
			<if test="orderId != null">
				ORDER_ID = #{orderId,jdbcType=VARCHAR},
			</if>
			<if test="content != null">
				CONTENT = #{content,jdbcType=VARCHAR},
			</if>
			<if test="gread != null">
				GREAD = #{gread,jdbcType=DECIMAL},
			</if>
			<if test="isRecommend != null">
				IS_RECOMMEND = #{isRecommend,jdbcType=DECIMAL},
			</if>
			<if test="sellerId != null">
				SELLER_ID = #{sellerId,jdbcType=DECIMAL},
			</if>
			<if test="productId != null">
				PRODUCT_ID = #{productId,jdbcType=DECIMAL},
			</if>
			<if test="productName != null">
				PRODUCT_NAME = #{productName,jdbcType=VARCHAR},
			</if>
			<if test="src != null">
				SRC = #{src,jdbcType=DECIMAL},
			</if>
			<if test="sellerComtent != null">
				SELLER_COMTENT = #{sellerComtent,jdbcType=VARCHAR},
			</if>
			<if test="createUser != null">
				CREATE_USER = #{createUser,jdbcType=DECIMAL},
			</if>
			<if test="createTime != null">
				CREATE_TIME = #{createTime,jdbcType=TIMESTAMP},
			</if>
			<if test="updateUser != null">
				UPDATE_USER = #{updateUser,jdbcType=DECIMAL},
			</if>
			<if test="updateTime != null">
				UPDATE_TIME = #{updateTime,jdbcType=TIMESTAMP},
			</if>
		</set>
		where ID = #{id,jdbcType=DECIMAL}
	</update>
	<update id="updateByPrimaryKey" parameterType="com.spring.scenic.comment.domain.ProductComment">
		update TB_PRODUCT_COMMENT
		set ORDER_ID = #{orderId,jdbcType=VARCHAR},
		CONTENT = #{content,jdbcType=VARCHAR},
		GREAD = #{gread,jdbcType=DECIMAL},
		IS_RECOMMEND = #{isRecommend,jdbcType=DECIMAL},
		SELLER_ID = #{sellerId,jdbcType=DECIMAL},
		PRODUCT_ID = #{productId,jdbcType=DECIMAL},
		PRODUCT_NAME = #{productName,jdbcType=VARCHAR},
		SRC = #{src,jdbcType=DECIMAL},
		SELLER_COMTENT = #{sellerComtent,jdbcType=VARCHAR},
		CREATE_USER = #{createUser,jdbcType=DECIMAL},
		CREATE_TIME = #{createTime,jdbcType=TIMESTAMP},
		UPDATE_USER = #{updateUser,jdbcType=DECIMAL},
		UPDATE_TIME = #{updateTime,jdbcType=TIMESTAMP}
		where ID = #{id,jdbcType=DECIMAL}
	</update>
</mapper>