<?xml version="1.0" encoding="UTF-8"?>
<!DOCTYPE mapper PUBLIC "-//mybatis.org//DTD Mapper 3.0//EN" "http://mybatis.org/dtd/mybatis-3-mapper.dtd">
<mapper namespace="com.spring.scenic.system.infrastructure.AuthRoleMapper">

  <resultMap id="BaseResultMap" type="com.spring.scenic.system.domain.AuthRole" >
    <id column="ID" property="id" jdbcType="DECIMAL" />
    <result column="ROLE_NAME" property="roleName" jdbcType="VARCHAR" />
    <result column="VALID" property="valid" jdbcType="DECIMAL" />
    <result column="REMARKS" property="remarks" jdbcType="VARCHAR" />
    <result column="GUID" property="guid" jdbcType="VARCHAR" />
    <result column="ROLE_CODE" property="roleCode" jdbcType="VARCHAR" />
    <result column="CREATE_TIME" property="createTime" jdbcType="TIMESTAMP" />
    <result column="CREATE_USER" property="createUser" jdbcType="DECIMAL" />
    <result column="UPDATE_TIME" property="updateTime" jdbcType="TIMESTAMP" />
    <result column="UPDATE_USER" property="updateUser" jdbcType="DECIMAL" />
  </resultMap>
  
  <resultMap id="BaseResultMapUserInfo" type="com.spring.scenic.system.domain.AuthRole" extends="BaseResultMap">
  	<result column="createUserName" property="createUserName" jdbcType="VARCHAR" />
    <result column="updateUserName" property="updateUserName" jdbcType="VARCHAR" />
  </resultMap>
  
  <sql id="Base_Column_List" >
    t.ID, t.ROLE_NAME, t.VALID, t.REMARKS, t.GUID, t.ROLE_CODE, t.CREATE_TIME, t.CREATE_USER, 
    t.UPDATE_TIME, t.UPDATE_USER
  </sql>
  
  <sql id="BaseColumnListUserInfo" >
      au1.truename createUserName,au.truename updateUserName
  </sql>
  
  <select id="getRole" resultMap="BaseResultMap" parameterType="com.spring.scenic.system.domain.AuthRole" >
    select 
    <include refid="Base_Column_List" />
    from TB_AUTH_ROLE t
    where id = #{id} 
  </select>
  
  <select id="getRoleList" resultMap="BaseResultMap" parameterType="com.spring.scenic.system.domain.AuthRole" >
    select 
    <include refid="Base_Column_List" />
    from TB_AUTH_ROLE t
    where 1=1 
  </select>
  
  <select id="getRoleListByResource" resultMap="BaseResultMap" parameterType="com.spring.scenic.system.domain.AuthResource" >
    select 
    <include refid="Base_Column_List" />
    from TB_AUTH_ROLE t
    where t.ID in (select p.role_id from tb_auth_permission p where p.resource_id = #{id,jdbcType=DECIMAL})
  </select>
  
  
  <select id="selectByPrimaryKey" resultMap="BaseResultMap" parameterType="java.lang.Integer" >
    select 
    <include refid="Base_Column_List" />
    from TB_AUTH_ROLE t
    where ID = #{id,jdbcType=DECIMAL}
  </select>
  
  <select id="getRoleListByUser" resultMap="BaseResultMap" parameterType="com.spring.scenic.system.domain.AuthUser">
	select 
	<include refid="Base_Column_List" />
	from tb_auth_role t where id in (
		select ur.role_id from tb_auth_userrole ur where ur.user_id= #{id} 
	)
  </select>
  	
  <select id="queryRoleList" resultMap="BaseResultMapUserInfo">
		select
		  <include refid="Base_Column_List" />
		  ,<include refid="BaseColumnListUserInfo" /> 
	  from tb_auth_role t
	  left join tb_auth_user au on au.id = t.update_user
	  left join tb_auth_user au1 on au1.id = t.create_user
	  where 1=1
	  	<if test="roleName !=null  and roleName !='' ">
			and t.role_name like '%' ||TRIM(#{roleName})|| '%'
		</if>
		<if test="roleCode !=null  and roleCode !='' ">
			and t.role_code like '%' ||TRIM(#{roleCode})|| '%'
		</if>
		order by t.create_time desc
	</select>
  
	<select id="setlectRoleByUserId" resultMap="BaseResultMap">
	    select 
	    <include refid="Base_Column_List" />
	    from TB_AUTH_ROLE t
	    where t.id in
	      (select a.role_id from tb_auth_userrole a where a.user_id = #{id})
	</select>
	
	
</mapper>