<?xml version="1.0" encoding="UTF-8" ?>
<!DOCTYPE mapper PUBLIC "-//mybatis.org//DTD Mapper 3.0//EN" "http://mybatis.org/dtd/mybatis-3-mapper.dtd" >
<mapper namespace="com.spring.scenic.system.infrastructure.CityMapper" >
  <resultMap id="BaseResultMap" type="com.spring.scenic.system.domain.City" >
    <id column="ID" property="id" jdbcType="DECIMAL" />
    <result column="NAME" property="name" jdbcType="VARCHAR" />
    <result column="PROVINCE_ID" property="provinceId" jdbcType="DECIMAL" />
    <result column="COUNTRY_ID" property="countryId" jdbcType="DECIMAL" />
    <result column="EN_NAME" property="enName" jdbcType="VARCHAR" />
    <result column="VALID" property="valid" jdbcType="DECIMAL" />
    <result column="CODE" property="code" jdbcType="VARCHAR" />
    <result column="PINYIN" property="pinyin" jdbcType="VARCHAR" />
    <result column="CREATE_TIME" property="createTime" jdbcType="TIMESTAMP" />
    <result column="CREATE_USER" property="createUser" jdbcType="DECIMAL" />
    <result column="UPDATE_TIME" property="updateTime" jdbcType="TIMESTAMP" />
    <result column="UPDATE_USER" property="updateUser" jdbcType="DECIMAL" />
    <result column="JIANPIN" property="jianpin" jdbcType="VARCHAR" />
    <result column="INITIAL_LETTER" property="initialLetter" jdbcType="VARCHAR" />
  </resultMap>
  <sql id="Base_Column_List" >
    ID, NAME, PROVINCE_ID, COUNTRY_ID, EN_NAME, VALID, CODE, PINYIN, CREATE_TIME, CREATE_USER, 
    UPDATE_TIME, UPDATE_USER, JIANPIN, INITIAL_LETTER
  </sql>
  
  <!-- 城市首字母分组 -->
  <select id="getInitialLetterGroup" resultMap="BaseResultMap" >
	select distinct upper(c.initial_letter) initial_letter from tb_city c where c.valid=1 and c.initial_letter is not null  group by c.initial_letter  order by initial_letter 
  </select>
  
  <!-- 城市首字母分组 -->
  <select id="getGourpCitysByInitialLetter" resultMap="BaseResultMap" parameterType="com.spring.scenic.system.domain.City" >
	select NAME,upper(initial_letter) initialLetter,upper(pinyin) pinyin,upper(jianpin)jianpin from tb_city c where c.valid=1 
	<if test="initialLetter != null and initialLetter!=''" >
		and  upper(c.initial_letter) =  upper(#{initialLetter})
	</if>
  </select>
  
  	<select id="selectCityList" resultType="com.spring.scenic.system.domain.City">
		 select id,name,province_id provinceId,country_id countryId,valid from tb_city
	</select>
  <select id="selectByPrimaryKey" resultType="com.spring.scenic.system.domain.City">
   select id,name,province_id provinceId,country_id countryId,valid from tb_city  where ID = #{id,jdbcType=DECIMAL}
  </select>
  
  <delete id="deleteByPrimaryKey" parameterType="java.lang.Integer" >
    delete from TB_CITY
    where ID = #{id,jdbcType=DECIMAL}
  </delete>
  <insert id="insert" parameterType="com.spring.scenic.system.domain.City" >
    <!--
      WARNING - @mbggenerated
      This element is automatically generated by MyBatis Generator, do not modify.
      This element was generated on Tue Dec 06 11:07:48 CST 2016.
    -->
    insert into TB_CITY (ID, NAME, PROVINCE_ID, 
      COUNTRY_ID, EN_NAME, VALID, 
      CODE, PINYIN, CREATE_TIME, 
      CREATE_USER, UPDATE_TIME, UPDATE_USER, 
      JIANPIN, INITIAL_LETTER)
    values (#{id,jdbcType=DECIMAL}, #{name,jdbcType=VARCHAR}, #{provinceId,jdbcType=DECIMAL}, 
      #{countryId,jdbcType=DECIMAL}, #{enName,jdbcType=VARCHAR}, #{valid,jdbcType=DECIMAL}, 
      #{code,jdbcType=VARCHAR}, #{pinyin,jdbcType=VARCHAR}, #{createTime,jdbcType=TIMESTAMP}, 
      #{createUser,jdbcType=DECIMAL}, #{updateTime,jdbcType=TIMESTAMP}, #{updateUser,jdbcType=DECIMAL}, 
      #{jianpin,jdbcType=VARCHAR}, #{initialLetter,jdbcType=VARCHAR})
  </insert>
  <insert id="insertSelective" parameterType="com.spring.scenic.system.domain.City" >
    <!--
      WARNING - @mbggenerated
      This element is automatically generated by MyBatis Generator, do not modify.
      This element was generated on Tue Dec 06 11:07:48 CST 2016.
    -->
    insert into TB_CITY
    <trim prefix="(" suffix=")" suffixOverrides="," >
      <if test="id != null" >
        ID,
      </if>
      <if test="name != null" >
        NAME,
      </if>
      <if test="provinceId != null" >
        PROVINCE_ID,
      </if>
      <if test="countryId != null" >
        COUNTRY_ID,
      </if>
      <if test="enName != null" >
        EN_NAME,
      </if>
      <if test="valid != null" >
        VALID,
      </if>
      <if test="code != null" >
        CODE,
      </if>
      <if test="pinyin != null" >
        PINYIN,
      </if>
      <if test="createTime != null" >
        CREATE_TIME,
      </if>
      <if test="createUser != null" >
        CREATE_USER,
      </if>
      <if test="updateTime != null" >
        UPDATE_TIME,
      </if>
      <if test="updateUser != null" >
        UPDATE_USER,
      </if>
      <if test="jianpin != null" >
        JIANPIN,
      </if>
      <if test="initialLetter != null" >
        INITIAL_LETTER,
      </if>
    </trim>
    <trim prefix="values (" suffix=")" suffixOverrides="," >
      <if test="id != null" >
        #{id,jdbcType=DECIMAL},
      </if>
      <if test="name != null" >
        #{name,jdbcType=VARCHAR},
      </if>
      <if test="provinceId != null" >
        #{provinceId,jdbcType=DECIMAL},
      </if>
      <if test="countryId != null" >
        #{countryId,jdbcType=DECIMAL},
      </if>
      <if test="enName != null" >
        #{enName,jdbcType=VARCHAR},
      </if>
      <if test="valid != null" >
        #{valid,jdbcType=DECIMAL},
      </if>
      <if test="code != null" >
        #{code,jdbcType=VARCHAR},
      </if>
      <if test="pinyin != null" >
        #{pinyin,jdbcType=VARCHAR},
      </if>
      <if test="createTime != null" >
        #{createTime,jdbcType=TIMESTAMP},
      </if>
      <if test="createUser != null" >
        #{createUser,jdbcType=DECIMAL},
      </if>
      <if test="updateTime != null" >
        #{updateTime,jdbcType=TIMESTAMP},
      </if>
      <if test="updateUser != null" >
        #{updateUser,jdbcType=DECIMAL},
      </if>
      <if test="jianpin != null" >
        #{jianpin,jdbcType=VARCHAR},
      </if>
      <if test="initialLetter != null" >
        #{initialLetter,jdbcType=VARCHAR},
      </if>
    </trim>
  </insert>
  <update id="updateByPrimaryKeySelective" parameterType="com.spring.scenic.system.domain.City" >
    <!--
      WARNING - @mbggenerated
      This element is automatically generated by MyBatis Generator, do not modify.
      This element was generated on Tue Dec 06 11:07:48 CST 2016.
    -->
    update TB_CITY
    <set >
      <if test="name != null" >
        NAME = #{name,jdbcType=VARCHAR},
      </if>
      <if test="provinceId != null" >
        PROVINCE_ID = #{provinceId,jdbcType=DECIMAL},
      </if>
      <if test="countryId != null" >
        COUNTRY_ID = #{countryId,jdbcType=DECIMAL},
      </if>
      <if test="enName != null" >
        EN_NAME = #{enName,jdbcType=VARCHAR},
      </if>
      <if test="valid != null" >
        VALID = #{valid,jdbcType=DECIMAL},
      </if>
      <if test="code != null" >
        CODE = #{code,jdbcType=VARCHAR},
      </if>
      <if test="pinyin != null" >
        PINYIN = #{pinyin,jdbcType=VARCHAR},
      </if>
      <if test="createTime != null" >
        CREATE_TIME = #{createTime,jdbcType=TIMESTAMP},
      </if>
      <if test="createUser != null" >
        CREATE_USER = #{createUser,jdbcType=DECIMAL},
      </if>
      <if test="updateTime != null" >
        UPDATE_TIME = #{updateTime,jdbcType=TIMESTAMP},
      </if>
      <if test="updateUser != null" >
        UPDATE_USER = #{updateUser,jdbcType=DECIMAL},
      </if>
      <if test="jianpin != null" >
        JIANPIN = #{jianpin,jdbcType=VARCHAR},
      </if>
      <if test="initialLetter != null" >
        INITIAL_LETTER = #{initialLetter,jdbcType=VARCHAR},
      </if>
    </set>
    where ID = #{id,jdbcType=DECIMAL}
  </update>
  <update id="updateByPrimaryKey" parameterType="com.spring.scenic.system.domain.City" >
    <!--
      WARNING - @mbggenerated
      This element is automatically generated by MyBatis Generator, do not modify.
      This element was generated on Tue Dec 06 11:07:48 CST 2016.
    -->
    update TB_CITY
    set NAME = #{name,jdbcType=VARCHAR},
      PROVINCE_ID = #{provinceId,jdbcType=DECIMAL},
      COUNTRY_ID = #{countryId,jdbcType=DECIMAL},
      EN_NAME = #{enName,jdbcType=VARCHAR},
      VALID = #{valid,jdbcType=DECIMAL},
      CODE = #{code,jdbcType=VARCHAR},
      PINYIN = #{pinyin,jdbcType=VARCHAR},
      CREATE_TIME = #{createTime,jdbcType=TIMESTAMP},
      CREATE_USER = #{createUser,jdbcType=DECIMAL},
      UPDATE_TIME = #{updateTime,jdbcType=TIMESTAMP},
      UPDATE_USER = #{updateUser,jdbcType=DECIMAL},
      JIANPIN = #{jianpin,jdbcType=VARCHAR},
      INITIAL_LETTER = #{initialLetter,jdbcType=VARCHAR}
    where ID = #{id,jdbcType=DECIMAL}
  </update>
</mapper>