<?xml version="1.0" encoding="UTF-8" ?>
<!DOCTYPE mapper PUBLIC "-//mybatis.org//DTD Mapper 3.0//EN" "http://mybatis.org/dtd/mybatis-3-mapper.dtd" >
<mapper namespace="com.spring.scenic.system.infrastructure.DictionaryMapper" >
  
  <!-- 系统字典 -->
  <resultMap id="BaseResultMapDictionary" type="com.spring.scenic.system.domain.Dictionary" >
    <id column="ID" property="id" jdbcType="DECIMAL" />
    <result column="CODE" property="code" jdbcType="VARCHAR" />
    <result column="NAME" property="name" jdbcType="VARCHAR" />
    <result column="VALID" property="valid" jdbcType="DECIMAL" />
    <result column="VALUE" property="value" jdbcType="VARCHAR" />
    <result column="SORT" property="sort" jdbcType="DECIMAL" />
    <result column="PARENT_ID" property="parentId" jdbcType="DECIMAL" />
    <result column="CREATE_TIME" property="createTime" jdbcType="TIMESTAMP" />
    <result column="CREATE_USER" property="createUser" jdbcType="DECIMAL" />
    <result column="UPDATE_TIME" property="updateTime" jdbcType="TIMESTAMP" />
    <result column="UPDATE_USER" property="updateUser" jdbcType="DECIMAL" />
  </resultMap>
  
  <!-- 创建人名 -->
  <resultMap id="BaseResultMapDictionaryWithCreateUserName" extends="BaseResultMapDictionary" type="com.spring.scenic.system.domain.Dictionary" >
		<result column="CREATE_USER_NAME" property="createUserName" jdbcType="VARCHAR"/>
  </resultMap>
  
  <!-- 修改人名 -->
  <resultMap id="BaseResultMapDictionaryWithCreateUserNameAndUpdateUserName" extends="BaseResultMapDictionaryWithCreateUserName" type="com.spring.scenic.system.domain.Dictionary" >
		<result column="UPDATE_USER_NAME" property="updateUserName" jdbcType="VARCHAR"/>
  </resultMap>
  
  <!-- 字典表查询字段 -->
  <sql id="BaseColumnListDictionary" >
    D.ID, D.NAME, D.CODE, D.VALID, D.VALUE, D.SORT, D.PARENT_ID, D.CREATE_TIME, D.CREATE_USER, D.UPDATE_TIME, D.UPDATE_USER
  </sql>
  
  <!-- 查询字段 -->
  <sql id="BaseColumnListDictionaryWithCreateUserName" >
    U1.TRUENAME CREATE_USER_NAME
  </sql>
  
  <!-- 查询字段 -->
  <sql id="BaseColumnListDictionaryWithUpdateUserName" >
    U2.TRUENAME UPDATE_USER_NAME
  </sql>
  
	<!-- 根据父级编码查询子集字典数据 -->
	<select id="getDictionaryListByCode" resultMap="BaseResultMapDictionary" parameterType="com.spring.scenic.system.domain.Dictionary" >
		select 
		<include refid="BaseColumnListDictionary" />
		from TB_DICTIONARY D
		where d.parent_id in (select id from TB_DICTIONARY d where d.code=#{code})
	</select>
  
  <!-- 查询系统所有字典数据 -->
  <select id="getDictionaryList" resultMap="BaseResultMapDictionaryWithCreateUserNameAndUpdateUserName" parameterType="com.spring.scenic.system.domain.Dictionary" >
   select * from ( select 
    <include refid="BaseColumnListDictionary" />
    ,
    <include refid="BaseColumnListDictionaryWithCreateUserName" />
    ,
    <include refid="BaseColumnListDictionaryWithUpdateUserName" />
    from TB_DICTIONARY D
    left join TB_AUTH_USER U1
    	on D.CREATE_USER = U1.ID
    left join TB_AUTH_USER U2
    	on D.UPDATE_USER = U2.ID
    START WITH 1=1
    CONNECT BY PRIOR d.ID = d.PARENT_ID ) temp
    where 1=1
     <if test="name != null and name!=''" >
       AND temp.NAME LIKE '%'||TRIM(#{name})||'%'
    </if>
    <if test="code != null and code!=''" >
       AND temp.CODE LIKE '%'||TRIM(#{code})||'%'
    </if>
    <if test="valid != null" >
       AND temp.VALID = #{valid}
    </if>
    <if test="value != null" >
       AND temp.VALUE = #{value}
    </if>
    <if test="parentId != null" >
       AND temp.PARENT_ID = #{parentId}
    </if>
    	
    union
    
     select 
    <include refid="BaseColumnListDictionary" />
    ,
    <include refid="BaseColumnListDictionaryWithCreateUserName" />
    ,
    <include refid="BaseColumnListDictionaryWithUpdateUserName" />
    from TB_DICTIONARY D
    left join TB_AUTH_USER U1
    	on D.CREATE_USER = U1.ID
    left join TB_AUTH_USER U2
    	on D.UPDATE_USER = U2.ID
    START WITH 1=1
    <if test="name != null and name!=''" >
       AND D.NAME LIKE '%'||TRIM(#{name})||'%'
    </if>
    <if test="code != null and code!=''" >
       AND D.CODE LIKE '%'||TRIM(#{code})||'%'
    </if>
    <if test="valid != null" >
       AND D.VALID = #{valid}
    </if>
    <if test="value != null" >
       AND D.VALUE = #{value}
    </if>
    <if test="parentId != null" >
       AND D.PARENT_ID = #{parentId}
    </if>
    CONNECT BY PRIOR d.PARENT_ID = d.ID
    
  </select>
  
  <!-- 根据ID查询系统字典数据 -->
  <select id="getDictionary" resultMap="BaseResultMapDictionary" parameterType="com.spring.scenic.system.domain.Dictionary" >
    select 
    <include refid="BaseColumnListDictionary" />
    from TB_DICTIONARY D
    where 1=1 
    <if test="id != null" >
       AND D.ID = #{id}
    </if>
    <if test="code != null and code!='' " >
       AND D.CODE LIKE '%'||TRIM(#{code})||'%'
    </if>
  </select>
  
  <!-- 删除字典数据（及其子字典项） -->
  <delete id="deleteDictionary" parameterType="com.spring.scenic.system.domain.Dictionary" >
    delete from TB_DICTIONARY
    where ID = #{id,jdbcType=DECIMAL} or PARENT_ID = #{id,jdbcType=DECIMAL}
  </delete>
  
  <!-- 保存字典 -->
  <insert id="saveDictionary" parameterType="com.spring.scenic.system.domain.Dictionary" >
    insert into TB_DICTIONARY
    <trim prefix="(" suffix=")" suffixOverrides="," >
        ID,
      <if test="name != null" >
        NAME,
      </if>  
      <if test="code != null" >
        CODE,
      </if>
      <if test="valid != null" >
        VALID,
      </if>
      <if test="value != null" >
        VALUE,
      </if>
      <if test="sort != null" >
        SORT,
      </if>
      <if test="parentId != null" >
        PARENT_ID,
      </if>
      <if test="createTime != null" >
        CREATE_TIME,
      </if>
      <if test="createUser != null" >
        CREATE_USER,
      </if>
      <if test="updateTime != null" >
        UPDATE_TIME,
      </if>
      <if test="updateUser != null" >
        UPDATE_USER,
      </if>
    </trim>
    <trim prefix="values (" suffix=")" suffixOverrides="," >
		SEQ_TB_DICTIONARY.nextval,
      <if test="name != null" >
        #{name,jdbcType=VARCHAR},
      </if>
      <if test="code != null" >
        #{code,jdbcType=VARCHAR},
      </if>
      <if test="valid != null" >
        #{valid,jdbcType=DECIMAL},
      </if>
      <if test="value != null" >
        #{value,jdbcType=VARCHAR},
      </if>
      <if test="sort != null" >
        #{sort,jdbcType=DECIMAL},
      </if>
      <if test="parentId != null" >
        #{parentId,jdbcType=DECIMAL},
      </if>
      <if test="createTime != null" >
        #{createTime,jdbcType=TIMESTAMP},
      </if>
      <if test="createUser != null" >
        #{createUser,jdbcType=DECIMAL},
      </if>
      <if test="updateTime != null" >
        #{updateTime,jdbcType=TIMESTAMP},
      </if>
      <if test="updateUser != null" >
        #{updateUser,jdbcType=DECIMAL},
      </if>
    </trim>
  </insert>
  
  <!-- 修改字典 -->
  <update id="updateDictionary" parameterType="com.spring.scenic.system.domain.Dictionary" >
    update TB_DICTIONARY
    <set >
      <if test="name != null" >
        NAME = #{name,jdbcType=VARCHAR},
      </if>
      <if test="code != null" >
        CODE = #{code,jdbcType=VARCHAR},
      </if>
      <if test="valid != null" >
        VALID = #{valid,jdbcType=DECIMAL},
      </if>
      <if test="value != null" >
        VALUE = #{value,jdbcType=VARCHAR},
      </if>
      <if test="sort != null" >
        SORT = #{sort,jdbcType=DECIMAL},
      </if>
      <if test="parentId != null" >
        PARENT_ID = #{parentId,jdbcType=DECIMAL},
      </if>
      <if test="createTime != null" >
        CREATE_TIME = #{createTime,jdbcType=TIMESTAMP},
      </if>
      <if test="createUser != null" >
        CREATE_USER = #{createUser,jdbcType=DECIMAL},
      </if>
      <if test="updateTime != null" >
        UPDATE_TIME = #{updateTime,jdbcType=TIMESTAMP},
      </if>
      <if test="updateUser != null" >
        UPDATE_USER = #{updateUser,jdbcType=DECIMAL},
      </if>
    </set>
    where ID = #{id,jdbcType=DECIMAL}
  </update>
  
  <select id="getDictionnaryCountByCode" parameterType="com.spring.scenic.system.domain.Dictionary" resultType="java.lang.Integer">
		select count(1) from TB_DICTIONARY where code=#{code} 
		<if test="id != null" >
		 and id != #{id}
	 	</if>
	</select>
  
  <!-- 查询供应商产类型集合 -->
  <select id="getProductTypeList" resultMap="BaseResultMapDictionary">
	  select 
	  <include refid="BaseColumnListDictionary" />
	  from tb_dictionary a
	  ,tb_dictionary d
	  where a.id = d.parent_id
	  and a.code = 'SUPPLIERS_PRODUCT_TYPE'
  </select>
  
</mapper>