<?xml version="1.0" encoding="UTF-8" ?>
<!DOCTYPE mapper PUBLIC "-//mybatis.org//DTD Mapper 3.0//EN" "http://mybatis.org/dtd/mybatis-3-mapper.dtd" >
<mapper namespace="com.spring.scenic.cms.infrastructure.SysConfigPicMapper" >
  <resultMap id="BaseResultMap" type="com.spring.scenic.cms.domain.SysConfigPic" >
    <id column="ID" property="id" jdbcType="DECIMAL" />
    <result column="SYS_CONFIG_ID" property="sysConfigId" jdbcType="DECIMAL" />
    <result column="MATERIAL_ID" property="materialId" jdbcType="DECIMAL" />
    <result column="TITLE" property="title" jdbcType="VARCHAR" />
    <result column="SUB_TITLE" property="subTitle" jdbcType="VARCHAR" />
    <result column="PIC_SIZE" property="picSize" jdbcType="VARCHAR" />
    <result column="URL" property="url" jdbcType="VARCHAR" />
    <result column="START_TIME" property="startTime" jdbcType="TIMESTAMP" />
    <result column="END_TIME" property="endTime" jdbcType="TIMESTAMP" />
    <result column="ORD" property="ord" jdbcType="DECIMAL" />
    <result column="CREATE_USER" property="createUser" jdbcType="DECIMAL" />
    <result column="CREATE_TIME" property="createTime" jdbcType="TIMESTAMP" />
    <result column="UPDATE_USER" property="updateUser" jdbcType="DECIMAL" />
    <result column="UPDATE_TIME" property="updateTime" jdbcType="TIMESTAMP" />
    <result column="UPDATE_USER_NAME" property="updateUserName" jdbcType="VARCHAR" />
    <result column="PICTURE_URL" property="pictureUrl" jdbcType="VARCHAR" />
  </resultMap>
  <sql id="BaseColumnList" >
    M.ID, M.SYS_CONFIG_ID, M.MATERIAL_ID, M.TITLE, M.SUB_TITLE ,M.PIC_SIZE, M.URL, M.START_TIME, M.END_TIME, M.ORD, M.CREATE_USER, 
    M.CREATE_TIME, M.UPDATE_USER, M.UPDATE_TIME
  </sql>
  <!-- 更新人 -->
  <sql id="BaseColumnListAuthorizedUpdateUserName" >
    U.TRUENAME UPDATE_USER_NAME
  </sql>
   <!-- 图片地址 -->
  <sql id="BaseColumnListPictureUrl" >
    P.URL PICTURE_URL
  </sql>
  <select id="getSysConfigPic" resultMap="BaseResultMap" parameterType="com.spring.scenic.cms.domain.SysConfigPic" >
    select 
    <include refid="BaseColumnList" />
    ,
    <include refid="BaseColumnListAuthorizedUpdateUserName" />
    from TB_SYS_CONFIG_PIC M
    left join TB_AUTH_USER U
   	on M.UPDATE_USER = U.ID
    where M.SYS_CONFIG_ID = #{sysConfigId,jdbcType=DECIMAL}
    order by M.UPDATE_TIME desc
  </select>
  <!-- 根据id查询图文链接信息 -->
  <select id="getSysConfigPicInfoById" parameterType="com.spring.scenic.cms.domain.SysConfigPic"
  	resultMap="BaseResultMap" >
  	 select 
    <include refid="BaseColumnList" />
    ,
    <include refid="BaseColumnListPictureUrl" />
    from TB_SYS_CONFIG_PIC M
    left join TB_MATERIAL P
   	on M.MATERIAL_ID = P.ID
    where M.ID = #{id,jdbcType=DECIMAL}
  	</select>
  <delete id="deleteSysConfigPic" parameterType="com.spring.scenic.cms.domain.SysConfigPic" >
    delete from TB_SYS_CONFIG_PIC
    where ID = #{id,jdbcType=DECIMAL}
  </delete>
  <insert id="insert" parameterType="com.spring.scenic.cms.domain.SysConfigPic" >
    insert into TB_SYS_CONFIG_PIC (ID, SYS_CONFIG_ID, TITLE, SUB_TITLE
      PIC_SIZE, URL, START_TIME, 
      END_TIME, ORD, CREATE_USER, 
      CREATE_TIME, UPDATE_USER, UPDATE_TIME
      )
    values (#{id,jdbcType=DECIMAL}, #{sysConfigId,jdbcType=DECIMAL}, #{title,jdbcType=VARCHAR}, #{subTitle,jdbcType=VARCHAR},
      #{picSize,jdbcType=VARCHAR}, #{url,jdbcType=VARCHAR}, #{startTime,jdbcType=TIMESTAMP}, 
      #{endTime,jdbcType=TIMESTAMP}, #{ord,jdbcType=DECIMAL}, #{createUser,jdbcType=DECIMAL}, 
      #{createTime,jdbcType=TIMESTAMP}, #{updateUser,jdbcType=DECIMAL}, #{updateTime,jdbcType=TIMESTAMP}
      )
  </insert>
  <insert id="addsysConfigPic" parameterType="com.spring.scenic.cms.domain.SysConfigPic" >
    <!-- 返回主键到sequence -->
    <selectKey resultType="java.lang.Integer" order="BEFORE" keyProperty="sequence">
      select SEQ_TB_SYS_CONFIG_PIC.NEXTVAL from dual
    </selectKey>
    insert into TB_SYS_CONFIG_PIC
    <trim prefix="(" suffix=")" suffixOverrides="," >
      <if test="sequence != null" >
        ID,
      </if>
      <if test="sysConfigId != null" >
        SYS_CONFIG_ID,
      </if>
      <if test="materialId != null" >
        MATERIAL_ID,
      </if>
      <if test="title != null" >
        TITLE,
      </if>
      <if test="subTitle != null" >
        SUB_TITLE,
      </if>
      <if test="picSize != null" >
        PIC_SIZE,
      </if>
      <if test="url != null" >
        URL,
      </if>
      <if test="startTime != null" >
        START_TIME,
      </if>
      <if test="endTime != null" >
        END_TIME,
      </if>
      <if test="ord != null" >
        ORD,
      </if>
      <if test="createUser != null" >
        CREATE_USER,
      </if>
      <if test="createTime != null" >
        CREATE_TIME,
      </if>
      <if test="updateUser != null" >
        UPDATE_USER,
      </if>
      <if test="updateTime != null" >
        UPDATE_TIME,
      </if>
    </trim>
    <trim prefix="values (" suffix=")" suffixOverrides="," >
      <if test="sequence != null" >
        #{sequence,jdbcType=DECIMAL},
      </if>
      <if test="sysConfigId != null" >
        #{sysConfigId,jdbcType=DECIMAL},
      </if>
      <if test="materialId != null" >
        #{materialId,jdbcType=DECIMAL},
      </if>
      <if test="title != null" >
        #{title,jdbcType=VARCHAR},
      </if>
      <if test="subTitle != null" >
        #{subTitle,jdbcType=VARCHAR},
      </if>
      <if test="picSize != null" >
        #{picSize,jdbcType=VARCHAR},
      </if>
      <if test="url != null" >
        #{url,jdbcType=VARCHAR},
      </if>
      <if test="startTime != null" >
        #{startTime,jdbcType=TIMESTAMP},
      </if>
      <if test="endTime != null" >
        #{endTime,jdbcType=TIMESTAMP},
      </if>
      <if test="ord != null" >
        #{ord,jdbcType=DECIMAL},
      </if>
      <if test="createUser != null" >
        #{createUser,jdbcType=DECIMAL},
      </if>
      <if test="createTime != null" >
        #{createTime,jdbcType=TIMESTAMP},
      </if>
      <if test="updateUser != null" >
        #{updateUser,jdbcType=DECIMAL},
      </if>
      <if test="updateTime != null" >
        #{updateTime,jdbcType=TIMESTAMP},
      </if>
    </trim>
  </insert>
  <update id="updateByPrimaryKeySelective" parameterType="com.spring.scenic.cms.domain.SysConfigPic" >
    update TB_SYS_CONFIG_PIC
    <set >
      <if test="sysConfigId != null" >
        SYS_CONFIG_ID = #{sysConfigId,jdbcType=DECIMAL},
      </if>
      <if test="title != null" >
        TITLE = #{title,jdbcType=VARCHAR},
      </if>
      <if test="subTitle != null" >
        SUB_TITLE = #{subTitle,jdbcType=VARCHAR},
      </if>
      <if test="picSize != null" >
        PIC_SIZE = #{picSize,jdbcType=VARCHAR},
      </if>
      <if test="url != null" >
        URL = #{url,jdbcType=VARCHAR},
      </if>
      <if test="startTime != null" >
        START_TIME = #{startTime,jdbcType=TIMESTAMP},
      </if>
      <if test="endTime != null" >
        END_TIME = #{endTime,jdbcType=TIMESTAMP},
      </if>
      <if test="ord != null" >
        ORD = #{ord,jdbcType=DECIMAL},
      </if>
      <if test="createUser != null" >
        CREATE_USER = #{createUser,jdbcType=DECIMAL},
      </if>
      <if test="createTime != null" >
        CREATE_TIME = #{createTime,jdbcType=TIMESTAMP},
      </if>
      <if test="updateUser != null" >
        UPDATE_USER = #{updateUser,jdbcType=DECIMAL},
      </if>
      <if test="updateTime != null" >
        UPDATE_TIME = #{updateTime,jdbcType=TIMESTAMP},
      </if>
    </set>
    where ID = #{id,jdbcType=DECIMAL}
  </update>
  <update id="updateSysConfigPic" parameterType="com.spring.scenic.cms.domain.SysConfigPic" >
    update TB_SYS_CONFIG_PIC
    set SYS_CONFIG_ID = #{sysConfigId,jdbcType=DECIMAL},
      MATERIAL_ID = #{materialId,jdbcType=DECIMAL},
      TITLE = #{title,jdbcType=VARCHAR},
      SUB_TITLE = #{subTitle,jdbcType=VARCHAR},
      PIC_SIZE = #{picSize,jdbcType=VARCHAR},
      URL = #{url,jdbcType=VARCHAR},
      START_TIME = #{startTime,jdbcType=TIMESTAMP},
      END_TIME = #{endTime,jdbcType=TIMESTAMP},
      ORD = #{ord,jdbcType=DECIMAL},
      CREATE_USER = #{createUser,jdbcType=DECIMAL},
      CREATE_TIME = #{createTime,jdbcType=TIMESTAMP},
      UPDATE_USER = #{updateUser,jdbcType=DECIMAL},
      UPDATE_TIME = #{updateTime,jdbcType=TIMESTAMP}
    where ID = #{id,jdbcType=DECIMAL}
  </update>
</mapper>