<?xml version="1.0" encoding="UTF-8" ?>
<!DOCTYPE mapper PUBLIC "-//mybatis.org//DTD Mapper 3.0//EN" "http://mybatis.org/dtd/mybatis-3-mapper.dtd" >
<mapper namespace="com.spring.scenic.cms.infrastructure.SysConfigMapper" >
  <resultMap id="BaseResultMap" type="com.spring.scenic.cms.domain.SysConfig" >
    <id column="ID" property="id" jdbcType="DECIMAL" />
    <result column="SYS_TYPE" property="sysType" jdbcType="DECIMAL" />
    <result column="LOCATION_NAME" property="locationName" jdbcType="VARCHAR" />
    <result column="LOCATION_CODE" property="locationCode" jdbcType="VARCHAR" />
    <result column="LOCATION_TYPE" property="locationType" jdbcType="DECIMAL" />
    <result column="VALID" property="valid" jdbcType="DECIMAL" />
    <result column="REMARK" property="remark" jdbcType="VARCHAR" />
    <result column="CREATE_USER" property="createUser" jdbcType="DECIMAL" />
    <result column="CREATE_TIME" property="createTime" jdbcType="TIMESTAMP" />
    <result column="UPDATE_USER" property="updateUser" jdbcType="DECIMAL" />
    <result column="UPDATE_TIME" property="updateTime" jdbcType="TIMESTAMP" />
    <result column="UPDATE_USER_NAME" property="updateUserName" jdbcType="VARCHAR" />
  </resultMap>
  
  <sql id="BaseColumnList" >
    M.ID, M.SYS_TYPE, M.LOCATION_NAME, M.LOCATION_CODE, M.LOCATION_TYPE, M.VALID, M.REMARK, M.CREATE_USER, M.CREATE_TIME, 
    M.UPDATE_USER, M.UPDATE_TIME
  </sql>
  
  <!-- 更新人 -->
  <sql id="BaseColumnListAuthorizedUpdateUserName" >
    U.TRUENAME UPDATE_USER_NAME
  </sql>
  <!--  -->
  <select id="getsysConfigList" parameterType="com.spring.scenic.cms.domain.SysConfig" resultMap="BaseResultMap" >
    select 
    <include refid="BaseColumnList" />
    ,
    <include refid="BaseColumnListAuthorizedUpdateUserName" />
    from TB_SYS_CONFIG M
    left join TB_AUTH_USER U
   	on M.UPDATE_USER = U.ID
   	WHERE 1=1
   	<if test="sysType!=null and sysType!=''">
		AND M.SYS_TYPE = #{sysType}
	</if>
	<if test="locationType!=null and locationType!=''">
		AND M.LOCATION_TYPE = #{locationType}
	</if>
	<if test="locationName!=null and locationName!=''">
		AND M.LOCATION_NAME LIKE '%'||TRIM(#{locationName})||'%'
	</if>
	<if test="locationCode!=null and locationCode!=''">
		AND M.LOCATION_CODE LIKE '%'||TRIM(#{locationCode})||'%'
	</if>
	<if test="valid!=null">
		AND M.VALID = #{valid}
	</if>
	order by M.UPDATE_TIME desc
  </select>
  
  <!-- 根据id查询系统配置信息 -->
  <select id="getSysConfigInfoById" parameterType="com.spring.scenic.cms.domain.SysConfig" 
  resultMap="BaseResultMap">
  	select 
    	<include refid="BaseColumnList" />
    from TB_SYS_CONFIG M
    where M.ID = #{id,jdbcType=DECIMAL}
  </select>
  
  <!-- 根据图文链接的id查询系统配置位置名称 -->
  <select id="getSysConfigInfoByPicId" parameterType="java.lang.Integer" 
  resultMap="BaseResultMap">
  	select 
    	<include refid="BaseColumnList" />
    FROM TB_SYS_CONFIG_PIC A 
    LEFT JOIN TB_SYS_CONFIG M
	ON A.SYS_CONFIG_ID=M.ID 
	WHERE A.ID=#{id,jdbcType=DECIMAL}
  </select>
  
  <delete id="deleteByPrimaryKey" parameterType="java.lang.Integer" >
    delete from TB_SYS_CONFIG
    where ID = #{id,jdbcType=DECIMAL}
  </delete>
  
  <insert id="insert" parameterType="com.spring.scenic.cms.domain.SysConfig" >
    insert into TB_SYS_CONFIG (ID, SYS_TYPE, LOCATION_NAME, 
      LOCATION_CODE, LOCATION_TYPE, VALID, 
      REMARK, CREATE_USER, CREATE_TIME, 
      UPDATE_USER, UPDATE_TIME)
    values (#{id,jdbcType=DECIMAL}, #{sysType,jdbcType=DECIMAL}, #{locationName,jdbcType=VARCHAR}, 
      #{locationCode,jdbcType=VARCHAR}, #{locationType,jdbcType=DECIMAL}, #{valid,jdbcType=DECIMAL}, 
      #{remark,jdbcType=VARCHAR}, #{createUser,jdbcType=DECIMAL}, #{createTime,jdbcType=TIMESTAMP}, 
      #{updateUser,jdbcType=DECIMAL}, #{updateTime,jdbcType=TIMESTAMP})
  </insert>
  
  <insert id="addSysConfig" parameterType="com.spring.scenic.cms.domain.SysConfig" >
   	<!-- 返回主键到sequence -->
    <selectKey resultType="java.lang.Integer" order="BEFORE" keyProperty="sequence">
      	select SEQ_TB_SYS_CONFIG.NEXTVAL from dual
    </selectKey>
    	insert into TB_SYS_CONFIG
    <trim prefix="(" suffix=")" suffixOverrides="," >
      <if test="sequence != null" >
        ID,
      </if>
      <if test="sysType != null" >
        SYS_TYPE,
      </if>
      <if test="locationName != null" >
        LOCATION_NAME,
      </if>
      <if test="locationCode != null" >
        LOCATION_CODE,
      </if>
      <if test="locationType != null" >
        LOCATION_TYPE,
      </if>
      <if test="valid != null" >
        VALID,
      </if>
      <if test="remark != null" >
        REMARK,
      </if>
      <if test="createUser != null" >
        CREATE_USER,
      </if>
      <if test="createTime != null" >
        CREATE_TIME,
      </if>
      <if test="updateUser != null" >
        UPDATE_USER,
      </if>
      <if test="updateTime != null" >
        UPDATE_TIME,
      </if>
    </trim>
    <trim prefix="values (" suffix=")" suffixOverrides="," >
      <if test="sequence != null" >
        #{sequence,jdbcType=DECIMAL},
      </if>
      <if test="sysType != null" >
        #{sysType,jdbcType=DECIMAL},
      </if>
      <if test="locationName != null" >
        #{locationName,jdbcType=VARCHAR},
      </if>
      <if test="locationCode != null" >
        #{locationCode,jdbcType=VARCHAR},
      </if>
      <if test="locationType != null" >
        #{locationType,jdbcType=DECIMAL},
      </if>
      <if test="valid != null" >
        #{valid,jdbcType=DECIMAL},
      </if>
      <if test="remark != null" >
        #{remark,jdbcType=VARCHAR},
      </if>
      <if test="createUser != null" >
        #{createUser,jdbcType=DECIMAL},
      </if>
      <if test="createTime != null" >
        #{createTime,jdbcType=TIMESTAMP},
      </if>
      <if test="updateUser != null" >
        #{updateUser,jdbcType=DECIMAL},
      </if>
      <if test="updateTime != null" >
        #{updateTime,jdbcType=TIMESTAMP},
      </if>
    </trim>
  </insert>
  
  <update id="updateByPrimaryKeySelective" parameterType="com.spring.scenic.cms.domain.SysConfig" >
    update TB_SYS_CONFIG
    <set >
      <if test="sysType != null" >
        SYS_TYPE = #{sysType,jdbcType=DECIMAL},
      </if>
      <if test="locationName != null" >
        LOCATION_NAME = #{locationName,jdbcType=VARCHAR},
      </if>
      <if test="locationCode != null" >
        LOCATION_CODE = #{locationCode,jdbcType=VARCHAR},
      </if>
      <if test="locationType != null" >
        LOCATION_TYPE = #{locationType,jdbcType=DECIMAL},
      </if>
      <if test="valid != null" >
        VALID = #{valid,jdbcType=DECIMAL},
      </if>
      <if test="remark != null" >
        REMARK = #{remark,jdbcType=VARCHAR},
      </if>
      <if test="createUser != null" >
        CREATE_USER = #{createUser,jdbcType=DECIMAL},
      </if>
      <if test="createTime != null" >
        CREATE_TIME = #{createTime,jdbcType=TIMESTAMP},
      </if>
      <if test="updateUser != null" >
        UPDATE_USER = #{updateUser,jdbcType=DECIMAL},
      </if>
      <if test="updateTime != null" >
        UPDATE_TIME = #{updateTime,jdbcType=TIMESTAMP},
      </if>
    </set>
    where ID = #{id,jdbcType=DECIMAL}
  </update>
  <update id="updateSysConfig" parameterType="com.spring.scenic.cms.domain.SysConfig" >
    update TB_SYS_CONFIG
    set SYS_TYPE = #{sysType,jdbcType=DECIMAL},
      LOCATION_NAME = #{locationName,jdbcType=VARCHAR},
      LOCATION_CODE = #{locationCode,jdbcType=VARCHAR},
      LOCATION_TYPE = #{locationType,jdbcType=DECIMAL},
      VALID = #{valid,jdbcType=DECIMAL},
      REMARK = #{remark,jdbcType=VARCHAR},
      CREATE_USER = #{createUser,jdbcType=DECIMAL},
      CREATE_TIME = #{createTime,jdbcType=TIMESTAMP},
      UPDATE_USER = #{updateUser,jdbcType=DECIMAL},
      UPDATE_TIME = #{updateTime,jdbcType=TIMESTAMP}
    where ID = #{id,jdbcType=DECIMAL}
  </update>
  <update id="updateSysConfigStatus" parameterType="com.spring.scenic.cms.domain.SysConfig" >
    update TB_SYS_CONFIG
    set
      VALID = #{valid,jdbcType=DECIMAL},
      UPDATE_USER = #{updateUser,jdbcType=DECIMAL},
      UPDATE_TIME = #{updateTime,jdbcType=TIMESTAMP}
    where ID = #{id,jdbcType=DECIMAL}
  </update>
</mapper>