<?xml version="1.0" encoding="UTF-8" ?>
<!DOCTYPE mapper PUBLIC "-//mybatis.org//DTD Mapper 3.0//EN" "http://mybatis.org/dtd/mybatis-3-mapper.dtd" >
<mapper namespace="com.spring.scenic.cms.infrastructure.SysConfigProductMapper" >
  <resultMap id="BaseResultMap" type="com.spring.scenic.cms.domain.SysConfigProduct" >
    <!--
      WARNING - @mbggenerated
      This element is automatically generated by MyBatis Generator, do not modify.
      This element was generated on Mon Mar 06 14:07:28 CST 2017.
    -->
    <id column="ID" property="id" jdbcType="DECIMAL" />
    <result column="SYS_CONFIG_ID" property="sysConfigId" jdbcType="DECIMAL" />
    <result column="PRODUCT_ID" property="productId" jdbcType="DECIMAL" />
  </resultMap>
  <sql id="Base_Column_List" >
    <!--
      WARNING - @mbggenerated
      This element is automatically generated by MyBatis Generator, do not modify.
      This element was generated on Mon Mar 06 14:07:28 CST 2017.
    -->
    ID, SYS_CONFIG_ID, PRODUCT_ID
  </sql>
  <select id="selectByPrimaryKey" resultMap="BaseResultMap" parameterType="java.lang.Integer" >
    <!--
      WARNING - @mbggenerated
      This element is automatically generated by MyBatis Generator, do not modify.
      This element was generated on Mon Mar 06 14:07:28 CST 2017.
    -->
    select 
    <include refid="Base_Column_List" />
    from TB_SYS_CONFIG_PRODUCT
    where ID = #{id,jdbcType=DECIMAL}
  </select>
  <delete id="deleteByPrimaryKey" parameterType="java.lang.Integer" >
    <!--
      WARNING - @mbggenerated
      This element is automatically generated by MyBatis Generator, do not modify.
      This element was generated on Mon Mar 06 14:07:28 CST 2017.
    -->
    delete from TB_SYS_CONFIG_PRODUCT
    where ID = #{id,jdbcType=DECIMAL}
  </delete>
  <insert id="insert" parameterType="com.spring.scenic.cms.domain.SysConfigProduct" >
    <!--
      WARNING - @mbggenerated
      This element is automatically generated by MyBatis Generator, do not modify.
      This element was generated on Mon Mar 06 14:07:28 CST 2017.
    -->
    insert into TB_SYS_CONFIG_PRODUCT (ID, SYS_CONFIG_ID, PRODUCT_ID
      )
    values (#{id,jdbcType=DECIMAL}, #{sysConfigId,jdbcType=DECIMAL}, #{productId,jdbcType=DECIMAL}
      )
  </insert>
  <insert id="insertSelective" parameterType="com.spring.scenic.cms.domain.SysConfigProduct" >
    <!--
      WARNING - @mbggenerated
      This element is automatically generated by MyBatis Generator, do not modify.
      This element was generated on Mon Mar 06 14:07:28 CST 2017.
    -->
    insert into TB_SYS_CONFIG_PRODUCT
    <trim prefix="(" suffix=")" suffixOverrides="," >
      <if test="id != null" >
        ID,
      </if>
      <if test="sysConfigId != null" >
        SYS_CONFIG_ID,
      </if>
      <if test="productId != null" >
        PRODUCT_ID,
      </if>
    </trim>
    <trim prefix="values (" suffix=")" suffixOverrides="," >
      <if test="id != null" >
        #{id,jdbcType=DECIMAL},
      </if>
      <if test="sysConfigId != null" >
        #{sysConfigId,jdbcType=DECIMAL},
      </if>
      <if test="productId != null" >
        #{productId,jdbcType=DECIMAL},
      </if>
    </trim>
  </insert>
  <update id="updateByPrimaryKeySelective" parameterType="com.spring.scenic.cms.domain.SysConfigProduct" >
    <!--
      WARNING - @mbggenerated
      This element is automatically generated by MyBatis Generator, do not modify.
      This element was generated on Mon Mar 06 14:07:28 CST 2017.
    -->
    update TB_SYS_CONFIG_PRODUCT
    <set >
      <if test="sysConfigId != null" >
        SYS_CONFIG_ID = #{sysConfigId,jdbcType=DECIMAL},
      </if>
      <if test="productId != null" >
        PRODUCT_ID = #{productId,jdbcType=DECIMAL},
      </if>
    </set>
    where ID = #{id,jdbcType=DECIMAL}
  </update>
  <update id="updateByPrimaryKey" parameterType="com.spring.scenic.cms.domain.SysConfigProduct" >
    <!--
      WARNING - @mbggenerated
      This element is automatically generated by MyBatis Generator, do not modify.
      This element was generated on Mon Mar 06 14:07:28 CST 2017.
    -->
    update TB_SYS_CONFIG_PRODUCT
    set SYS_CONFIG_ID = #{sysConfigId,jdbcType=DECIMAL},
      PRODUCT_ID = #{productId,jdbcType=DECIMAL}
    where ID = #{id,jdbcType=DECIMAL}
  </update>
</mapper>