<?xml version="1.0" encoding="UTF-8" ?>
<!DOCTYPE mapper PUBLIC "-//mybatis.org//DTD Mapper 3.0//EN" "http://mybatis.org/dtd/mybatis-3-mapper.dtd" >
<mapper namespace="com.spring.scenic.cms.infrastructure.SysConfigKeywordMapper" >
  <resultMap id="BaseResultMap" type="com.spring.scenic.cms.domain.SysConfigKeyword" >
    <id column="ID" property="id" jdbcType="DECIMAL" />
    <result column="KEYWORD_ID" property="keywordId" jdbcType="DECIMAL" />
    <result column="SYS_CONFIG_ID" property="sysConfigId" jdbcType="DECIMAL" />
    <result column="ORD" property="ord" jdbcType="DECIMAL" />
    <result column="CREATE_USER" property="createUser" jdbcType="DECIMAL" />
    <result column="CREATE_TIME" property="createTime" jdbcType="TIMESTAMP" />
    <result column="UPDATE_USER" property="updateUser" jdbcType="DECIMAL" />
    <result column="UPDATE_TIME" property="updateTime" jdbcType="TIMESTAMP" />
  </resultMap>
  <sql id="Base_Column_List" >
    M.ID, M.KEYWORD_ID, M.SYS_CONFIG_ID, M.ORD, M.CREATE_USER, M.CREATE_TIME,M.UPDATE_USER, M.UPDATE_TIME
  </sql>
  <select id="selectByPrimaryKey" resultMap="BaseResultMap" parameterType="java.lang.Integer" >
    select 
    <include refid="Base_Column_List" />
    from TB_SYS_CONFIG_KEYWORD
    where ID = #{id,jdbcType=DECIMAL}
  </select>
  <delete id="deleteByPrimaryKey" parameterType="java.lang.Integer" >
    delete from TB_SYS_CONFIG_KEYWORD
    where ID = #{id,jdbcType=DECIMAL}
  </delete>
  <insert id="insert" parameterType="com.spring.scenic.cms.domain.SysConfigKeyword" >
    insert into TB_SYS_CONFIG_KEYWORD (ID, KEYWORD_ID, SYS_CONFIG_ID
      )
    values (#{id,jdbcType=DECIMAL}, #{keywordId,jdbcType=DECIMAL}, #{sysConfigId,jdbcType=DECIMAL}
      )
  </insert>
  
  <!-- 新增系统配置关键字 -->
  <insert id="saveSysConfigKeyword" parameterType="com.spring.scenic.cms.domain.SysConfigKeyword" >
    <!-- 返回主键到sequence -->
    <selectKey resultType="java.lang.Integer" order="BEFORE" keyProperty="sequence">
      	select SEQ_TB_SYS_CONFIG_KEYWORD.NEXTVAL from dual
    </selectKey>
    	insert into TB_SYS_CONFIG_KEYWORD
    <trim prefix="(" suffix=")" suffixOverrides="," >
      <if test="sequence != null" >
        ID,
      </if>
      <if test="keywordId != null" >
        KEYWORD_ID,
      </if>
      <if test="sysConfigId != null" >
        SYS_CONFIG_ID,
      </if>
      <if test="ord != null" >
        ORD,
      </if>
       <if test="createUser != null" >
        CREATE_USER,
      </if>
      <if test="createTime != null" >
        CREATE_TIME,
      </if>
      <if test="updateUser != null" >
        UPDATE_USER,
      </if>
      <if test="updateTime != null" >
        UPDATE_TIME,
      </if>
    </trim>
    <trim prefix="values (" suffix=")" suffixOverrides="," >
      <if test="sequence != null" >
        #{sequence,jdbcType=DECIMAL},
      </if>
      <if test="keywordId != null" >
        #{keywordId,jdbcType=DECIMAL},
      </if>
      <if test="sysConfigId != null" >
        #{sysConfigId,jdbcType=DECIMAL},
      </if>
      <if test="ord != null" >
        #{ord,jdbcType=DECIMAL},
      </if>
       <if test="createUser != null" >
        #{createUser,jdbcType=DECIMAL},
      </if>
      <if test="createTime != null" >
        #{createTime,jdbcType=TIMESTAMP},
      </if>
      <if test="updateUser != null" >
        #{updateUser,jdbcType=DECIMAL},
      </if>
      <if test="updateTime != null" >
        #{updateTime,jdbcType=TIMESTAMP},
      </if>
    </trim>
  </insert>
  
  <!-- 查询系统配置关键字的数量,用于得到排序序号-->
  <select id="getSysConfigKeywordCount"  resultType="java.lang.Integer" >
    select count(1)
    from TB_SYS_CONFIG_KEYWORD
  </select>
  
  <update id="updateByPrimaryKeySelective" parameterType="com.spring.scenic.cms.domain.SysConfigKeyword" >
    <!--
      WARNING - @mbggenerated
      This element is automatically generated by MyBatis Generator, do not modify.
      This element was generated on Mon Mar 06 14:07:28 CST 2017.
    -->
    update TB_SYS_CONFIG_KEYWORD
    <set >
      <if test="keywordId != null" >
        KEYWORD_ID = #{keywordId,jdbcType=DECIMAL},
      </if>
      <if test="sysConfigId != null" >
        SYS_CONFIG_ID = #{sysConfigId,jdbcType=DECIMAL},
      </if>
    </set>
    where ID = #{id,jdbcType=DECIMAL}
  </update>
  <update id="updateByPrimaryKey" parameterType="com.spring.scenic.cms.domain.SysConfigKeyword" >
    <!--
      WARNING - @mbggenerated
      This element is automatically generated by MyBatis Generator, do not modify.
      This element was generated on Mon Mar 06 14:07:28 CST 2017.
    -->
    update TB_SYS_CONFIG_KEYWORD
    set KEYWORD_ID = #{keywordId,jdbcType=DECIMAL},
      SYS_CONFIG_ID = #{sysConfigId,jdbcType=DECIMAL}
    where ID = #{id,jdbcType=DECIMAL}
  </update>
</mapper>