<?xml version="1.0" encoding="UTF-8" ?>
<!DOCTYPE mapper PUBLIC "-//mybatis.org//DTD Mapper 3.0//EN" "http://mybatis.org/dtd/mybatis-3-mapper.dtd" >
<mapper namespace="com.spring.scenic.search.infrastructure.SearchMapper" >
  <resultMap id="BaseResultMap" type="com.spring.scenic.product.domain.Product" >
    <id column="ID" property="id" jdbcType="DECIMAL" />
    <result column="PRODUCT_NAME" property="productName" jdbcType="VARCHAR" />
    <result column="PRODUCT_CODE" property="productCode" jdbcType="VARCHAR" />
    <result column="PRODUCT_TYPE" property="productType" jdbcType="DECIMAL" />
    <result column="PRODUCT_SUB_TYPE" property="productSubType" jdbcType="DECIMAL" />
    <result column="IS_SALE" property="isSale" jdbcType="DECIMAL" />
    <result column="SALES_TIME" property="salesTime" jdbcType="TIMESTAMP" />
    <result column="VALID" property="valid" jdbcType="DECIMAL" />
    <result column="MIN_COUNT" property="minCount" jdbcType="DECIMAL" />
    <result column="MAX_COUNT" property="maxCount" jdbcType="DECIMAL" />
    <result column="LAST_ORDER_DAY" property="lastOrderDay" jdbcType="DECIMAL" />
    <result column="LAST_ORDER_TIME" property="lastOrderTime" jdbcType="DECIMAL" />
    <result column="SELLER_ID" property="sellerId" jdbcType="DECIMAL" />
    <result column="PRICE" property="price" jdbcType="DECIMAL" />
    <result column="TOTAL_NUM" property="totalNum" jdbcType="DECIMAL" />
    <result column="SALE_NUM" property="saleNum" jdbcType="DECIMAL" />
    <result column="GOODS_TYPE" property="goodsType" jdbcType="DECIMAL" />
    <result column="CITY_ID" property="cityId" jdbcType="DECIMAL" />
    <result column="TAKE_ADDRESS" property="takeAddress" jdbcType="VARCHAR" />
    <result column="cityName" property="cityName" jdbcType="VARCHAR" />
    <result column="CONFIRM_HOUR" property="confirmHour" jdbcType="DECIMAL" />
    <result column="OPERATE_TIME" property="operateTime" jdbcType="TIMESTAMP"  />
    <result column="OPERATE_USER" property="operateUser" jdbcType="DECIMAL" />
    <result column="CREATE_USER" property="createUser" jdbcType="DECIMAL" />
    <result column="CREATE_TIME" property="createTime" jdbcType="TIMESTAMP" />
    <result column="UPDATE_USER" property="updateUser" jdbcType="DECIMAL" />
    <result column="UPDATE_TIME" property="updateTime" jdbcType="TIMESTAMP" />
  </resultMap>
  
  <sql id="Base_Column_List" >
    ID, PRODUCT_NAME, PRODUCT_CODE, PRODUCT_TYPE, PRODUCT_SUB_TYPE, IS_SALE, SALES_TIME, 
    VALID, MIN_COUNT, MAX_COUNT, LAST_ORDER_DAY, LAST_ORDER_TIME, SELLER_ID, PRICE, TOTAL_NUM, 
    SALE_NUM, GOODS_TYPE, CITY_ID, TAKE_ADDRESS, CONFIRM_HOUR, OPERATE_TIME, OPERATE_USER, 
    CREATE_USER, CREATE_TIME, UPDATE_USER, UPDATE_TIME
  </sql>
  
  <!-- 获取产品列表 -->
  <select id="getProductList"  resultMap="BaseResultMap" parameterType="com.spring.scenic.product.domain.Product">
	select b.name cityName,
	    T.ID, T.PRODUCT_NAME, T.PRODUCT_CODE, T.PRODUCT_TYPE, T.PRODUCT_SUB_TYPE, T.IS_SALE, SALES_TIME, 
	    T.VALID, T.MIN_COUNT, T.MAX_COUNT, T.LAST_ORDER_DAY, T.LAST_ORDER_TIME, T.SELLER_ID, T.PRICE, T.TOTAL_NUM, 
	    T.SALE_NUM, T.GOODS_TYPE, T.city_Id, T.TAKE_ADDRESS, T.CONFIRM_HOUR, T.OPERATE_TIME, T.OPERATE_USER, 
	    T.CREATE_USER, T.CREATE_TIME, T.UPDATE_USER, T.UPDATE_TIME
	    from TB_PRODUCT T   inner join tb_city b on t.city_id = b.id
    WHERE 1=1
	<if test="isSale != null">
    	and T.is_sale = #{isSale,jdbcType=DECIMAL}
    </if>
    <if test="id != null ">
    	and T.ID = #{id,jdbcType=DECIMAL}
    </if>
    <if test="sellerId != null">
    	and T.SELLER_ID = #{sellerId,jdbcType=DECIMAL}
    </if>
    <if test="productName != null and productName !=''">
    	and T.product_Name like '%'||#{productName,jdbcType=DECIMAL}||'%' 
    </if>
    <![CDATA[  ]]>
    <if test="saleStartTime != null and saleStartTime !=''"> 
     	<![CDATA[ AND T.SALES_TIME > #{saleStartTime}  ]]>
    </if> 
    <if test="saleEndTime != null"> 
     	<![CDATA[ AND T.SALES_TIME  <= #{saleEndTime} +1 ]]>
 	</if> 
 	<if test="createStartTime != null"> 
 		<![CDATA[ AND T.CREATE_TIME > #{createStartTime}  ]]>
     </if> 
     <if test="createEndTime != null"> 
     	<![CDATA[ AND T.CREATE_TIME  <= #{createEndTime} +1   ]]>
 	</if> 
    <if test="productType != null" >
        and T.product_type =  #{productType,jdbcType=DECIMAL}
    </if>
    <if test="productSubType != null" >
        and T.PRODUCT_SUB_TYPE =  #{productSubType,jdbcType=DECIMAL}
    </if>
  </select>
  
 	<!-- 根据各维度搜索产品 -->
 	<select id="searchProductList" resultMap="BaseResultMap" parameterType="com.spring.scenic.product.domain.Product">
		select * from (
		    select p.* from(
		       select r.*,nvl(s.saled_num,0)saled_num from (
		             select p.*,c.name cityName from tb_product p,tb_city c
		             	<!-- 有搜索关键字的，带上搜索条件匹配范围 -->
							<if test="keyword != null and keyword!=''" >
		             		,(
				              <!-- 1、根据景点找商户找产品 -->
				              select t.id from tb_product t where t.valid=1 and t.is_sale=1 and t.seller_id in(
				                select s.id from tb_busi_seller s where s.valid=1 and s.scenic_seller_id in (
				                   select id from tb_scenic_seller s where s.valid=1 and s.name like '%'||TRIM(#{keyword})||'%' 
				                )
				              )
				              union
				              <!-- 2、根据商户找产品 -->
				              select t.id from tb_product t where t.valid=1 and t.is_sale=1 and t.seller_id in(
				                select s.id from tb_busi_seller s where s.valid=1 and (s.seller_name like '%'||TRIM(#{keyword})||'%' or s.remark like '%'||TRIM(#{keyword})||'%' )
				              )
				              union
				              <!-- 3、根据产品名称、标签、经理推荐、一级类别、二级类别、城市、套餐名称。根据查找值找到产品 -->
				              select p1.id from (
				                select p.*,d.name productType from tb_product p inner join (
				                       select id,name,value from tb_dictionary d where d.parent_id = (select id from tb_dictionary d where d.code='PRODUCT_TYPE')
				                ) d  on p.product_type= d.value
				              ) p1 inner join (
				                
				                select p.id,jd.name productSubType  from tb_product p 
				                inner join (
				                       select id,name,value from tb_dictionary d where d.parent_id = (select id from tb_dictionary d where d.code='PRODUCT_TYPE_SCENIC')
				                ) jd on p.product_sub_type  = jd.value
				                and p.product_type=1
				                union all
				                select p.id,jd.name productSubType from tb_product p 
				                inner join (
				                       select id,name,value from tb_dictionary d where d.parent_id = (select id from tb_dictionary d where d.code='PRODUCT_TYPE_SHOPPING')
				                ) jd on p.product_sub_type  = jd.value
				                and p.product_type=2
				                union all
				                select p.id,jd.name productSubType from tb_product p 
				                inner join (
				                       select id,name,value from tb_dictionary d where d.parent_id = (select id from tb_dictionary d where d.code='PRODUCT_TYPE_LINE')
				                ) jd on p.product_sub_type  = jd.value
				                and p.product_type=3
				                
				              ) p2 on p1.id=p2.id where (
				                <!-- 一级类别 -->
				                productType like '%'||TRIM(#{keyword})||'%' 
				                <!-- 二级类别 -->
				                or productSubType like '%'||TRIM(#{keyword})||'%' 
				                <!-- 产品名称 -->
				                or p1.PRODUCT_NAME like '%'||TRIM(#{keyword})||'%' 
				                <!-- 经理推荐 -->
				                or p1.RECOMMEND like '%'||TRIM(#{keyword})||'%'  
				              )
				              union 
				              <!-- 城市、套餐、标签 -->
				              <!-- 匹配标签的产品 -->
				              select r.out_related_id id from tb_keyword_ref r ,tb_keyword k where k.valid=1 and r.out_related_type=3 and r.keyword_id = k.id and k.name like '%'||TRIM(#{keyword})||'%'     
				              union   
				              <!-- 匹配城市的产品 -->
				              select p.id from tb_product p ,tb_city c where c.valid=1 and p.city_id = c.id and c.name like '%'||TRIM(#{keyword})||'%' 
				              union
				              <!-- 匹配套餐的产品 -->
				              select p.id  from tb_product p ,tb_product_meals m where p.id=m.product_id and m.meals_name like '%'||TRIM(#{keyword})||'%' 
				            )s where p.id=s.id and 
				            </if>
				            <if test="keyword == null or keyword==''" >
				            	where
				            </if>
				            	p.is_sale = 1 and p.city_id = c.id
						    <if test="productType != null" >
						        and p.product_type =  #{productType,jdbcType=DECIMAL}
						    </if>
						    <if test="productSubType != null" >
						        and p.PRODUCT_SUB_TYPE =  #{productSubType,jdbcType=DECIMAL}
						    </if>
		        )r 
		        left join (
		          select product_id,saled_num from (
		           select o.product_id, sum(case order_type 
		              when 1  then ORDER_COUNT
		              when 2  then ORDER_COUNT 
		              when 3  then (o.adult_count+o.child_count) else 0 end) saled_num
		            from tb_order o where o.create_time >= add_months(sysdate,-6) group by product_id
		          )
		        ) s 
		        on r.id=s.product_id 
		        
		        inner join tb_city c 
		        on r.city_id=c.id and c.name  like  '%'||TRIM(#{cityName})||'%' 
		    )p order by p.saled_num desc
		)
		   
		union all
		   
		select * from (
		    select p.* from(
		       select r.*,nvl(s.saled_num,0)saled_num from (
		             select p.*,c.name cityName from tb_product p,tb_city c
		             	<!-- 有搜索关键字的，带上搜索条件匹配范围 -->
							<if test="keyword != null and keyword!=''" >
		             		,(
				              <!-- 1、根据景点找商户找产品 -->
				              select t.id from tb_product t where t.valid=1 and t.is_sale=1 and t.seller_id in(
				                select s.id from tb_busi_seller s where s.valid=1 and s.scenic_seller_id in (
				                   select id from tb_scenic_seller s where s.valid=1 and s.name like '%'||TRIM(#{keyword})||'%' 
				                )
				              )
				              union
				              <!-- 2、根据商户找产品 -->
				              select t.id from tb_product t where t.valid=1 and t.is_sale=1 and t.seller_id in(
				                select s.id from tb_busi_seller s where s.valid=1 and (s.seller_name like '%'||TRIM(#{keyword})||'%' or s.remark like '%'||TRIM(#{keyword})||'%' )
				              )
				              union
				              <!-- 3、根据产品名称、标签、经理推荐、一级类别、二级类别、城市、套餐名称。根据查找值找到产品 -->
				              select p1.id from (
				                select p.*,d.name productType from tb_product p inner join (
				                       select id,name,value from tb_dictionary d where d.parent_id = (select id from tb_dictionary d where d.code='PRODUCT_TYPE')
				                ) d  on p.product_type= d.value
				              ) p1 inner join (
				                
				                select p.id,jd.name productSubType  from tb_product p 
				                inner join (
				                       select id,name,value from tb_dictionary d where d.parent_id = (select id from tb_dictionary d where d.code='PRODUCT_TYPE_SCENIC')
				                ) jd on p.product_sub_type  = jd.value
				                and p.product_type=1
				                union all
				                select p.id,jd.name productSubType from tb_product p 
				                inner join (
				                       select id,name,value from tb_dictionary d where d.parent_id = (select id from tb_dictionary d where d.code='PRODUCT_TYPE_SHOPPING')
				                ) jd on p.product_sub_type  = jd.value
				                and p.product_type=2
				                union all
				                select p.id,jd.name productSubType from tb_product p 
				                inner join (
				                       select id,name,value from tb_dictionary d where d.parent_id = (select id from tb_dictionary d where d.code='PRODUCT_TYPE_LINE')
				                ) jd on p.product_sub_type  = jd.value
				                and p.product_type=3
				                
				              ) p2 on p1.id=p2.id where (
				                <!-- 一级类别 -->
				                productType like '%'||TRIM(#{keyword})||'%' 
				                <!-- 二级类别 -->
				                or productSubType like '%'||TRIM(#{keyword})||'%' 
				                <!-- 产品名称 -->
				                or p1.PRODUCT_NAME like '%'||TRIM(#{keyword})||'%' 
				                <!-- 经理推荐 -->
				                or p1.RECOMMEND like '%'||TRIM(#{keyword})||'%'  
				              )
				              union 
				              <!-- 城市、套餐、标签 -->
				              <!-- 匹配标签的产品 -->
				              select r.out_related_id id from tb_keyword_ref r ,tb_keyword k where k.valid=1 and r.out_related_type=3 and r.keyword_id = k.id and k.name like '%'||TRIM(#{keyword})||'%'     
				              union   
				              <!-- 匹配城市的产品 -->
				              select p.id from tb_product p ,tb_city c where c.valid=1 and p.city_id = c.id and c.name like '%'||TRIM(#{keyword})||'%' 
				              union
				              <!-- 匹配套餐的产品 -->
				              select p.id  from tb_product p ,tb_product_meals m where p.id=m.product_id and m.meals_name like '%'||TRIM(#{keyword})||'%' 
				            )s where p.id=s.id and 
				            </if>
				            <if test="keyword == null or keyword==''" >
				            	where
				            </if>
				            	p.is_sale = 1 and p.city_id = c.id
						    <if test="productType != null" >
						        and p.product_type =  #{productType,jdbcType=DECIMAL}
						    </if>
						    <if test="productSubType != null" >
						        and p.PRODUCT_SUB_TYPE =  #{productSubType,jdbcType=DECIMAL}
						    </if>
		        )r 
		        left join (
		          select product_id,saled_num from (
		           select o.product_id, sum(case order_type 
		              when 1  then ORDER_COUNT
		              when 2  then ORDER_COUNT 
		              when 3  then (o.adult_count+o.child_count) else 0 end) saled_num
		            from tb_order o where o.create_time >= add_months(sysdate,-6) group by product_id
		          )
		        ) s 
		        on r.id=s.product_id 
		        
		        inner join tb_city c 
		        on r.city_id=c.id and c.name not like  '%'||TRIM(#{cityName})||'%' 
		    )p order by p.saled_num desc
		)
 	</select>
 	
 	<!-- 获取产品当前日期后某月内的最低价格 -->
 	<select id="getProductMinPrice" parameterType="java.lang.Integer" resultType="java.math.BigDecimal">
		select nvl(min(s.adult_price),0) price from tb_product_stock s
		   where s.meals_id in (select m.id from tb_product_meals m where 1 = 1 and m.product_id = #{productId})
		   and s.adult_price is not null
		   and to_char(play_day, 'yyyymmdd') &gt;= to_char(sysdate, 'yyyymmdd')
		   and to_char(play_day, 'yyyymmdd') &lt;= to_char(add_months(sysdate, 1), 'yyyymmdd')
 	</select>
 	
 	
 	
</mapper>