<?xml version="1.0" encoding="UTF-8" ?>
<!DOCTYPE mapper PUBLIC "-//mybatis.org//DTD Mapper 3.0//EN" "http://mybatis.org/dtd/mybatis-3-mapper.dtd" >
<mapper namespace="com.spring.scenic.order.infrastructure.OrderMapper" >
  
  <resultMap id="BaseResultMapOrderStatistic" type="com.spring.scenic.order.domain.vo.OrderStatistic" >
  	<result column="STATUS" property="status" jdbcType="DECIMAL" />
  	<result column="COUNT" property="count" jdbcType="DECIMAL" />
  </resultMap>
  
  <resultMap id="BaseResultMapOrder" type="com.spring.scenic.order.domain.Order" >
    <id column="ID" property="id" jdbcType="DECIMAL" />
    <result column="ORDER_NO" property="orderNo" jdbcType="VARCHAR" />
    <result column="THIRD_NO" property="thirdNo" jdbcType="VARCHAR" />
    <result column="THIRD_FROM" property="thirdFrom" jdbcType="VARCHAR" />
    <result column="PRODUCT_NAME" property="productName" jdbcType="VARCHAR" />
    <result column="PRODUCT_CODE" property="productCode" jdbcType="VARCHAR" />
    <result column="PRODUCT_ID" property="productId" jdbcType="DECIMAL" />
    <result column="MEALS_NAME" property="mealsName" jdbcType="VARCHAR" />
    <result column="MEALS_ID" property="mealsId" jdbcType="DECIMAL" />
    <result column="ORDER_STATUS" property="orderStatus" jdbcType="DECIMAL" />
    <result column="PAY_STATUS" property="payStatus" jdbcType="DECIMAL" />
    <result column="LINK_MAN" property="linkMan" jdbcType="VARCHAR" />
    <result column="PHONE" property="phone" jdbcType="VARCHAR" />
    <result column="EMAIL" property="email" jdbcType="VARCHAR" />
    <result column="ORDER_PRICE" property="orderPrice" jdbcType="DECIMAL" />
    <result column="ORDER_COUNT" property="orderCount" jdbcType="DECIMAL" />
    <result column="ORDER_TYPE" property="orderType" jdbcType="DECIMAL" />
    <result column="REMARK" property="remark" jdbcType="VARCHAR" />
    <result column="SELLER_REMARK" property="sellerRemark" jdbcType="VARCHAR" />
    <result column="PRODUCT_PRICE" property="productPrice" jdbcType="DECIMAL" />
    <result column="ADULT_PRICE" property="adultPrice" jdbcType="DECIMAL" />
    <result column="ADULT_COUNT" property="adultCount" jdbcType="DECIMAL" />
    <result column="CHILD_PRICE" property="childPrice" jdbcType="DECIMAL" />
    <result column="CHILD_COUNT" property="childCount" jdbcType="DECIMAL" />
    <result column="SRC" property="src" jdbcType="DECIMAL" />
    <result column="CONFIRM_TIME" property="confirmTime" jdbcType="TIMESTAMP" />
    <result column="USER_KNOW" property="userKnow" jdbcType="VARCHAR" />
    <result column="CREATE_USER" property="createUser" jdbcType="DECIMAL" />
    <result column="CREATE_TIME" property="createTime" jdbcType="TIMESTAMP" />
    <result column="UPDATE_USER" property="updateUser" jdbcType="DECIMAL" />
    <result column="UPDATE_TIME" property="updateTime" jdbcType="TIMESTAMP" />
    <result column="SELLER_ID" property="sellerId" jdbcType="DECIMAL" />
    <result column="MEMBER_ID" property="memberId" jdbcType="DECIMAL" />
    <result column="MEMBER_ACCOUNT" property="memberAccount" jdbcType="VARCHAR" />
    <result column="TRAVEL_TIME" property="travelTime" jdbcType="TIMESTAMP" />
    <result column="NEED_INVOICE" property="needInvoice" jdbcType="DECIMAL" />
    <result column="PAY_PRICE" property="payPrice" jdbcType="DECIMAL" />
    <result column="PAYED_PRICE" property="payedPrice" jdbcType="DECIMAL" />
    <result column="SINGLEROOM_PRICE" property="singleroomPrice" jdbcType="DECIMAL" />
    <result column="MAKE_USER" property="makeUser" jdbcType="DECIMAL" />
    <result column="CANCEL_TIME" property="cancelTime" jdbcType="TIMESTAMP" />
    <result column="weixin" property="weixin" jdbcType="VARCHAR" />
    <association property="product" column="PRODUCT_ID" select="com.spring.scenic.product.infrastructure.ProductMapper.selectByPrimaryKey" />
  	<association property="invoice" column="ORDER_NO" select="com.spring.scenic.order.infrastructure.OrderInvoiceMapper.selectByOrderNo" />
  </resultMap>
  
  <!-- 订单带提醒 -->
  <resultMap id="BaseResultMapOrderWithWarn" extends="BaseResultMapOrder" type="com.spring.scenic.order.domain.Order">
    <result column="WARN" property="warn" jdbcType="DECIMAL" />
  </resultMap>
  
  <!-- 订单带提醒和详细 -->
  <resultMap id="BaseResultMapOrderWithDetail" extends="BaseResultMapOrderWithWarn"  type="com.spring.scenic.order.domain.Order" >
	<collection property="orderPayRecords" column="ORDER_NO" ofType="com.spring.scenic.order.domain.OrderPayRecord" 
		select="com.spring.scenic.order.infrastructure.OrderPayRecordMapper.getOrderPayRecords">  
	</collection>
	<collection property="orderMoneyChanges" column="ORDER_NO" ofType="com.spring.scenic.order.domain.OrderMoneyChangeRec" 
		select="com.spring.scenic.order.infrastructure.OrderMoneyChangeRecMapper.getOrderMoneyChangeList">  
	</collection>
  </resultMap>
   <!-- 订单及发票 -->
  <resultMap id="OrderAndInvoice" type="com.spring.scenic.order.domain.vo.OrderAndInvoice" >
    <result column="ORDER_NO" property="orderNo" jdbcType="VARCHAR" />
    <result column="CREATE_TIME" property="createTime" jdbcType="TIMESTAMP" />
    <result column="ORDER_STATUS" property="orderStatus" jdbcType="DECIMAL" />
    <result column="PRODUCT_NAME" property="productName" jdbcType="VARCHAR" />
    <result column="MEALS_NAME" property="mealsName" jdbcType="VARCHAR" />
    <result column="TRAVEL_TIME" property="travelTime" jdbcType="TIMESTAMP" />
    <result column="LINK_MAN" property="linkMan" jdbcType="VARCHAR" />
    <result column="PHONE" property="phone" jdbcType="VARCHAR" />
    <result column="EMAIL" property="email" jdbcType="VARCHAR" />
    <result column="ORDER_PRICE" property="orderPrice" jdbcType="DECIMAL" />
    <result column="PAY_PRICE" property="payPrice" jdbcType="DECIMAL" />
    <result column="PAYED_PRICE" property="payedPrice" jdbcType="DECIMAL" />
    <result column="NEED_INVOICE" property="needInvoice" jdbcType="DECIMAL" />
    <result column="INVOICE_PHONE" property="invoicePhone" jdbcType="VARCHAR" />
    <result column="TITLE" property="title" jdbcType="VARCHAR" />
    <result column="INVOICE_EMAIL" property="invoiceEmail" jdbcType="VARCHAR" />
    <result column="SELLER_ID" property="sellerId" jdbcType="DECIMAL" />
    <result column="MEMBER_ACCOUNT" property="memberAccount" jdbcType="VARCHAR" />
    <result column="PRODUCT_ID" property="productId" jdbcType="DECIMAL" />
   </resultMap>
   
   <sql id="OrderAndInvoiceMap">
     too.ORDER_NO,too.CREATE_TIME,too.ORDER_STATUS,too.PRODUCT_NAME,too.MEALS_NAME,too.TRAVEL_TIME,too.LINK_MAN,too.PHONE,too.EMAIL,too.ORDER_PRICE,too.PAY_PRICE,too.PAYED_PRICE,too.NEED_INVOICE,
     (toi.PHONE)INVOICE_PHONE,toi.TITLE,(toi.EMAIL)INVOICE_EMAIL,too.SELLER_ID
   </sql>
  
  <sql id="BaseColumnListOrder" >
    ID, ORDER_NO, THIRD_NO, THIRD_FROM, PRODUCT_NAME, PRODUCT_CODE, PRODUCT_ID, MEALS_NAME, MEALS_ID, 
    ORDER_STATUS, PAY_STATUS, LINK_MAN, PHONE, EMAIL, ORDER_PRICE, ORDER_COUNT, ORDER_TYPE, 
    REMARK, SELLER_REMARK, PRODUCT_PRICE, ADULT_PRICE, ADULT_COUNT, CHILD_PRICE, CHILD_COUNT, 
    SRC, CONFIRM_TIME, USER_KNOW, CREATE_USER, CREATE_TIME, UPDATE_USER, UPDATE_TIME,SELLER_ID,
    MEMBER_ID,MEMBER_ACCOUNT,TRAVEL_TIME,NEED_INVOICE,PAY_PRICE,PAYED_PRICE,SINGLEROOM_PRICE,MAKE_USER,CANCEL_TIME,WEIXIN
  </sql>
  <!-- 查询订单及发票 -->
  <select id="selectOrderAndInvoice" resultMap="OrderAndInvoice" parameterType="com.spring.scenic.order.domain.vo.OrderAndInvoice">
     select <include refid="OrderAndInvoiceMap" />
     from TB_ORDER too left join TB_ORDER_INVOICE toi on too.ORDER_NO = toi.ORDER_NO where 1=1 and too.SELLER_ID=#{sellerId,jdbcType=DECIMAL}
    <if test="orderNo != null and orderNo !=''" >
      AND too.ORDER_NO LIKE concat(concat('%',#{orderNo}),'%')
    </if>
    <if test="memberAccount != null and memberAccount !=''" >
      AND too.MEMBER_ACCOUNT LIKE concat(concat('%',#{memberAccount}),'%')
    </if>
    <if test="linkMan != null and linkMan !=''" >
      AND too.LINK_MAN LIKE concat(concat('%',#{linkMan}),'%')
    </if>
    <if test="phone != null and phone !=''" >
      AND too.PHONE = #{phone,jdbcType=VARCHAR}
    </if>
    <if test="productId != null" >
      AND too.PRODUCT_ID LIKE concat(concat('%',#{productId}),'%')
    </if>
    <if test="productName != null and productName !=''" >
      AND too.PRODUCT_NAME LIKE concat(concat('%',#{productName}),'%')
    </if>
    <if test="createTimeStart != null" >
      AND too.CREATE_TIME &gt;= #{createTimeStart,jdbcType=TIMESTAMP}
    </if>
    <if test="createTimeEnd != null" >
      AND too.CREATE_TIME &lt;= #{createTimeEnd,jdbcType=TIMESTAMP}
    </if>
    <if test="travelTimeStart != null" >
      AND too.TRAVEL_TIME &gt;= #{travelTimeStart,jdbcType=TIMESTAMP}
    </if>
    <if test="travelTimeEnd != null" >
      AND too.TRAVEL_TIME &lt;= #{travelTimeEnd,jdbcType=TIMESTAMP}
    </if>
    <if test="statuses != null" >
      AND too.ORDER_STATUS in 
      <foreach collection="statuses" item="item" index="index" 
		  open="(" separator="," close=")">#{item}
	  </foreach>
    </if>
  </select>
  <!-- 查询单个订单(带提醒 ) -->
  <select id="getOrder" resultMap="BaseResultMapOrderWithDetail" parameterType="com.spring.scenic.order.domain.Order" >
    select 
	    <include refid="BaseColumnListOrder" />
	    ,
	    case
	    when order_status=3 and (pay_status = 1 or pay_status = 2)
	    then case when (sysdate &gt; travel_time or ((travel_time -sysdate) &lt; 2)) then 1 else 0 end
	    else 0 end  as warn
    from TB_ORDER t
    where 1=1
    <if test="id != null" >
      AND ID = #{id,jdbcType=DECIMAL}
    </if>
    <if test="orderNo != null and orderNo !=''" >
      AND ORDER_NO = #{orderNo,jdbcType=VARCHAR}
    </if>
    <if test="memberAccount != null and memberAccount !=''" >
      AND MEMBER_ACCOUNT = #{memberAccount,jdbcType=VARCHAR}
    </if>
    <if test="linkMan != null and linkMan !=''" >
      AND LINK_MAN = #{linkMan,jdbcType=VARCHAR}
    </if>
    <if test="phone != null and phone !=''" >
      AND PHONE = #{phone,jdbcType=VARCHAR}
    </if>
    <if test="productId != null" >
      AND PRODUCT_ID = #{productId,jdbcType=DECIMAL}
    </if>
    <if test="productName != null and productName !=''" >
      AND PRODUCT_NAME = #{productName,jdbcType=VARCHAR}
    </if>
    <if test="createTimeStart != null" >
      AND CREATE_TIME &gt;= #{createTimeStart,jdbcType=TIMESTAMP}
    </if>
    <if test="createTimeEnd != null" >
      AND CREATE_TIME &lt;= #{createTimeStart,jdbcType=TIMESTAMP}
    </if>
    <if test="travelTimeStart != null" >
      AND TRAVEL_TIME &gt;= #{travelTimeStart,jdbcType=TIMESTAMP}
    </if>
    <if test="travelTimeEnd != null" >
      AND TRAVEL_TIME &lt;= #{travelTimeEnd,jdbcType=TIMESTAMP}
    </if>
    <if test="orderStatus != null" >
      AND ORDER_STATUS = #{orderStatus,jdbcType=DECIMAL}
    </if>
    <if test="sellerId != null" >
      AND SELLER_ID = #{sellerId,jdbcType=DECIMAL}
    </if>
    
  </select>
  
  <!-- 查询订单(带提醒 )分页-->
  <select id="getOrderListWithWarn" resultMap="BaseResultMapOrderWithWarn" parameterType="com.spring.scenic.order.domain.Order" >
		  select
	      <include refid="BaseColumnListOrder" />
	      ,
	      case
	      when order_status=3 and (pay_status = 1 or pay_status = 2)
	      then case when (sysdate &gt; travel_time or ((travel_time -sysdate) &lt; 2)) then 1 else 0 end
	      else 0 end  as warn
	from  TB_ORDER t
	where 1=1
    <if test="id != null" >
      AND ID = #{id,jdbcType=DECIMAL}
    </if>
    <if test="orderNo != null and orderNo !=''" >
      AND ORDER_NO LIKE concat(concat('%',#{orderNo}),'%')
    </if>
    <if test="memberAccount != null and memberAccount !=''" >
      AND MEMBER_ACCOUNT LIKE concat(concat('%',#{memberAccount}),'%')
    </if>
    <if test="linkMan != null and linkMan !=''" >
      AND LINK_MAN LIKE concat(concat('%',#{linkMan}),'%')
    </if>
    <if test="phone != null and phone !=''" >
      AND PHONE = #{phone,jdbcType=VARCHAR}
    </if>
    <if test="productId != null" >
      AND PRODUCT_ID LIKE concat(concat('%',#{productId}),'%')
    </if>
    <if test="productName != null and productName !=''" >
      AND PRODUCT_NAME LIKE concat(concat('%',#{productName}),'%')
    </if>
    <if test="createTimeStart != null" >
      AND CREATE_TIME &gt;= #{createTimeStart,jdbcType=TIMESTAMP}
    </if>
    <if test="createTimeEnd != null" >
      AND CREATE_TIME &lt;= #{createTimeEnd,jdbcType=TIMESTAMP}
    </if>
    <if test="travelTimeStart != null" >
      AND TRAVEL_TIME &gt;= #{travelTimeStart,jdbcType=TIMESTAMP}
    </if>
    <if test="travelTimeEnd != null" >
      AND TRAVEL_TIME &lt;= #{travelTimeEnd,jdbcType=TIMESTAMP}
    </if>
    <if test="statuses != null" >
      AND ORDER_STATUS in 
      <foreach collection="statuses" item="item" index="index" 
		  open="(" separator="," close=")">#{item}
	  </foreach>
    </if>
    <if test="sellerId != null" >
      AND SELLER_ID = #{sellerId,jdbcType=DECIMAL}
    </if>
    ORDER BY CREATE_TIME DESC
  </select>
  
   <!-- 查询订单状态已确认 支付状态已支付或超额支付 出了出行日期的-->
  <select id="getOrderListForQuartz" resultMap="BaseResultMapOrder" parameterType="com.spring.scenic.order.domain.Order" >
    select 
    <include refid="BaseColumnListOrder" />
    from TB_ORDER
    where order_status = 3 and (pay_status = 3 or pay_status = 4) and  TRAVEL_TIME &lt;= sysdate
    </select>
    <!-- 查询订单状态新单 且超时未确认-->
  <select id="selectUnConfirm" resultMap="BaseResultMapOrder" parameterType="com.spring.scenic.order.domain.Order" >
    select 
    <include refid="BaseColumnListOrder" />
    from TB_ORDER 
    WHERE order_status = 1 and confirm_time   &lt;= sysdate
    </select>
  <!-- 查询订单分页 -->
  <select id="getOrderList" resultMap="BaseResultMapOrder" parameterType="com.spring.scenic.order.domain.Order" >
    select 
    <include refid="BaseColumnListOrder" />
    from TB_ORDER
    where 1=1 
    <if test="id != null" >
      AND ID = #{id,jdbcType=DECIMAL}
    </if>
    <if test="orderNo != null and orderNo !=''" >
      AND ORDER_NO = #{orderNo,jdbcType=VARCHAR}
    </if>
    <if test="memberAccount != null and memberAccount !=''" >
      AND MEMBER_ACCOUNT = #{memberAccount,jdbcType=VARCHAR}
    </if>
    <if test="linkMan != null and linkMan !=''" >
      AND LINK_MAN = #{linkMan,jdbcType=VARCHAR}
    </if>
    <if test="phone != null and phone !=''" >
      AND PHONE = #{phone,jdbcType=VARCHAR}
    </if>
    <if test="productId != null" >
      AND PRODUCT_ID = #{productId,jdbcType=DECIMAL}
    </if>
    <if test="productName != null and productName !=''" >
      AND PRODUCT_NAME = #{productName,jdbcType=VARCHAR}
    </if>
    <if test="createTimeStart != null" >
      AND CREATE_TIME &gt;= #{createTimeStart,jdbcType=TIMESTAMP}
    </if>
    <if test="createTimeEnd != null" >
      AND CREATE_TIME &lt;= #{createTimeStart,jdbcType=TIMESTAMP}
    </if>
    <if test="travelTimeStart != null" >
      AND TRAVEL_TIME &gt;= #{travelTimeStart,jdbcType=TIMESTAMP}
    </if>
    <if test="travelTimeEnd != null" >
      AND TRAVEL_TIME &lt;= #{travelTimeEnd,jdbcType=TIMESTAMP}
    </if>
    <if test="orderStatus != null" >
      AND ORDER_STATUS = #{orderStatus,jdbcType=DECIMAL}
    </if>
    <if test="sellerId != null" >
      AND SELLER_ID = #{sellerId,jdbcType=DECIMAL}
    </if>
  </select>
  
  <!-- 获取当天订单各状态统计 -->
  <select id="getOrderStatisticToday" resultMap="BaseResultMapOrderStatistic" parameterType="com.spring.scenic.busi.domain.BusiSellerUser" >
	select nvl(STATUS,0) STATUS,COUNT from (
		select t.order_status STATUS,count(0) COUNT from TB_ORDER t 
		where t.seller_id = #{sellerId} 
		and to_char(t.create_time,'yyyy-MM-dd') = to_char(sysdate,'yyyy-MM-dd') 
		group by rollup(order_status)
	)
  </select>
  
  <!-- 所有订单各状态统计 -->
  <select id="getOrderStatisticTotal" resultMap="BaseResultMapOrderStatistic" parameterType="com.spring.scenic.busi.domain.BusiSellerUser" >
	select t.order_status STATUS,count(0) COUNT from TB_ORDER t 
	where t.seller_id = #{sellerId} 
	group by t.order_status
  </select>
  
  <delete id="deleteByPrimaryKey" parameterType="java.lang.Integer" >
    delete from TB_ORDER
    where ID = #{id,jdbcType=DECIMAL}
  </delete>
  
  <insert id="saveOrder" parameterType="com.spring.scenic.order.domain.Order" >
    insert into TB_ORDER
    <trim prefix="(" suffix=")" suffixOverrides="," >
      <if test="id != null" >
        ID,
      </if>
      <if test="orderNo != null" >
        ORDER_NO,
      </if>
      <if test="thirdNo != null" >
        THIRD_NO,
      </if>
      <if test="productName != null" >
        PRODUCT_NAME,
      </if>
      <if test="productCode != null" >
        PRODUCT_CODE,
      </if>
      <if test="productId != null" >
        PRODUCT_ID,
      </if>
      <if test="mealsName != null" >
        MEALS_NAME,
      </if>
      <if test="mealsId != null" >
        MEALS_ID,
      </if>
      <if test="orderStatus != null" >
        ORDER_STATUS,
      </if>
      <if test="payStatus != null" >
        PAY_STATUS,
      </if>
      <if test="linkMan != null" >
        LINK_MAN,
      </if>
      <if test="phone != null" >
        PHONE,
      </if>
      <if test="email != null" >
        EMAIL,
      </if>
      <if test="orderPrice != null" >
        TOTAL_PRICE,
      </if>
      <if test="orderCount != null" >
        ORDER_COUNT,
      </if>
      <if test="orderType != null" >
        ORDER_TYPE,
      </if>
      <if test="remark != null" >
        REMARK,
      </if>
      <if test="sellerRemark != null" >
        SELLER_REMARK,
      </if>
      <if test="productPrice != null" >
        PRICE,
      </if>
      <if test="adultPrice != null" >
        ADULT_PRICE,
      </if>
      <if test="adultCount != null" >
        ADULT_COUNT,
      </if>
      <if test="childPrice != null" >
        CHILD_PRICE,
      </if>
      <if test="childCount != null" >
        CHILD_COUNT,
      </if>
      <if test="src != null" >
        SRC,
      </if>
      <if test="confirmTime != null" >
        CONFIRM_TIME,
      </if>
      <if test="userKnow != null" >
        USER_KNOW,
      </if>
      <if test="createUser != null" >
        CREATE_USER,
      </if>
      <if test="createTime != null" >
        CREATE_TIME,
      </if>
      <if test="updateUser != null" >
        UPDATE_USER,
      </if>
      <if test="updateTime != null" >
        UPDATE_TIME,
      </if>
    </trim>
    <trim prefix="values (" suffix=")" suffixOverrides="," >
      <if test="id != null" >
        #{id,jdbcType=DECIMAL},
      </if>
      <if test="orderNo != null" >
        #{orderNo,jdbcType=VARCHAR},
      </if>
      <if test="thirdNo != null" >
        #{thirdNo,jdbcType=VARCHAR},
      </if>
      <if test="productName != null" >
        #{productName,jdbcType=VARCHAR},
      </if>
      <if test="productCode != null" >
        #{productCode,jdbcType=VARCHAR},
      </if>
      <if test="productId != null" >
        #{productId,jdbcType=DECIMAL},
      </if>
      <if test="mealsName != null" >
        #{mealsName,jdbcType=VARCHAR},
      </if>
      <if test="mealsId != null" >
        #{mealsId,jdbcType=DECIMAL},
      </if>
      <if test="orderStatus != null" >
        #{orderStatus,jdbcType=DECIMAL},
      </if>
      <if test="payStatus != null" >
        #{payStatus,jdbcType=DECIMAL},
      </if>
      <if test="linkMan != null" >
        #{linkMan,jdbcType=VARCHAR},
      </if>
      <if test="phone != null" >
        #{phone,jdbcType=VARCHAR},
      </if>
      <if test="email != null" >
        #{email,jdbcType=VARCHAR},
      </if>
      <if test="orderPrice != null" >
        #{orderPrice,jdbcType=DECIMAL},
      </if>
      <if test="orderCount != null" >
        #{orderCount,jdbcType=DECIMAL},
      </if>
      <if test="orderType != null" >
        #{orderType,jdbcType=DECIMAL},
      </if>
      <if test="remark != null" >
        #{remark,jdbcType=VARCHAR},
      </if>
      <if test="sellerRemark != null" >
        #{sellerRemark,jdbcType=VARCHAR},
      </if>
      <if test="productPrice != null" >
        #{productPrice,jdbcType=DECIMAL},
      </if>
      <if test="adultPrice != null" >
        #{adultPrice,jdbcType=DECIMAL},
      </if>
      <if test="adultCount != null" >
        #{adultCount,jdbcType=DECIMAL},
      </if>
      <if test="childPrice != null" >
        #{childPrice,jdbcType=DECIMAL},
      </if>
      <if test="childCount != null" >
        #{childCount,jdbcType=DECIMAL},
      </if>
      <if test="src != null" >
        #{src,jdbcType=DECIMAL},
      </if>
      <if test="confirmTime != null" >
        #{confirmTime,jdbcType=TIMESTAMP},
      </if>
      <if test="userKnow != null" >
        #{userKnow,jdbcType=VARCHAR},
      </if>
      <if test="createUser != null" >
        #{createUser,jdbcType=DECIMAL},
      </if>
      <if test="createTime != null" >
        #{createTime,jdbcType=TIMESTAMP},
      </if>
      <if test="updateUser != null" >
        #{updateUser,jdbcType=DECIMAL},
      </if>
      <if test="updateTime != null" >
        #{updateTime,jdbcType=TIMESTAMP},
      </if>
    </trim>
  </insert>
 
  <!-- 修改订单状态为指定状态 -->
  <update id="updateOrderStatus" parameterType="com.spring.scenic.order.domain.Order" >
  	update TB_ORDER set ORDER_STATUS = #{orderStatus,jdbcType=DECIMAL} where ID = #{id,jdbcType=DECIMAL} 
  </update>
  
  <!-- 修改订单应付金额 -->
  <update id="updateOrderPayPrice" parameterType="com.spring.scenic.order.domain.Order" >
  	update TB_ORDER set PAY_PRICE = #{payPrice,jdbcType=DECIMAL},PAY_STATUS = #{payStatus,jdbcType=DECIMAL} where ID = #{id,jdbcType=DECIMAL} 
  </update>
  
  <!-- 修改订单备注 -->
  <update id="saveSellerRemark" parameterType="com.spring.scenic.order.domain.Order" >
  	update TB_ORDER set SELLER_REMARK = #{sellerRemark,jdbcType=VARCHAR} where ID = #{id,jdbcType=DECIMAL} 
  </update>
  
  <update id="updateOrder" parameterType="com.spring.scenic.order.domain.Order" >
    update TB_ORDER
    set ORDER_NO = #{orderNo,jdbcType=VARCHAR},
      THIRD_NO = #{thirdNo,jdbcType=VARCHAR},
      PRODUCT_NAME = #{productName,jdbcType=VARCHAR},
      PRODUCT_CODE = #{productCode,jdbcType=VARCHAR},
      PRODUCT_ID = #{productId,jdbcType=DECIMAL},
      MEALS_NAME = #{mealsName,jdbcType=VARCHAR},
      MEALS_ID = #{mealsId,jdbcType=DECIMAL},
      ORDER_STATUS = #{orderStatus,jdbcType=DECIMAL},
      PAY_STATUS = #{payStatus,jdbcType=DECIMAL},
      LINK_MAN = #{linkMan,jdbcType=VARCHAR},
      PHONE = #{phone,jdbcType=VARCHAR},
      EMAIL = #{email,jdbcType=VARCHAR},
      TOTAL_PRICE = #{orderPrice,jdbcType=DECIMAL},
      ORDER_COUNT = #{orderCount,jdbcType=DECIMAL},
      ORDER_TYPE = #{orderType,jdbcType=DECIMAL},
      REMARK = #{remark,jdbcType=VARCHAR},
      SELLER_REMARK = #{sellerRemark,jdbcType=VARCHAR},
      PRICE = #{productPrice,jdbcType=DECIMAL},
      ADULT_PRICE = #{adultPrice,jdbcType=DECIMAL},
      ADULT_COUNT = #{adultCount,jdbcType=DECIMAL},
      CHILD_PRICE = #{childPrice,jdbcType=DECIMAL},
      CHILD_COUNT = #{childCount,jdbcType=DECIMAL},
      SRC = #{src,jdbcType=DECIMAL},
      CONFIRM_TIME = #{confirmTime,jdbcType=TIMESTAMP},
      USER_KNOW = #{userKnow,jdbcType=VARCHAR},
      CREATE_USER = #{createUser,jdbcType=DECIMAL},
      CREATE_TIME = #{createTime,jdbcType=TIMESTAMP},
      UPDATE_USER = #{updateUser,jdbcType=DECIMAL},
      UPDATE_TIME = #{updateTime,jdbcType=TIMESTAMP}
    where ID = #{id,jdbcType=DECIMAL}
  </update>
  
   <update id="updateOrderStatusForQuartz" parameterType = "java.util.List">
   	   <foreach collection="list" item="item" index="index" separator=";" open="begin" close=";end;" >
				update TB_ORDER 
				<set>
				  ORDER_STATUS = ${item.orderStatus}, update_user = 2,
						update_time = sysdate
				</set>
				where id = ${item.id}
	   </foreach>
  </update>
  
  <select id="selectByOrderNo" resultMap="BaseResultMapOrder" parameterType="java.lang.Integer">
    select   <include refid="BaseColumnListOrder" /> 
          from tb_order where 1=1 and ORDER_NO= #{orderId,jdbcType=DECIMAL}
  </select>
</mapper>