<?xml version="1.0" encoding="UTF-8" ?>
<!DOCTYPE mapper PUBLIC "-//mybatis.org//DTD Mapper 3.0//EN" "http://mybatis.org/dtd/mybatis-3-mapper.dtd" >
<mapper namespace="com.spring.scenic.busi.infrastructure.BusiSellerUserMapper" >
  <resultMap id="BaseResultMap" type="com.spring.scenic.busi.domain.BusiSellerUser" >
    <id column="ID" property="id" jdbcType="DECIMAL" />
    <result column="USERNAME" property="username" jdbcType="VARCHAR" />
    <result column="PWD" property="pwd" jdbcType="VARCHAR" />
    <result column="SELLER_ID" property="sellerId" jdbcType="DECIMAL" />
    <result column="TRUENAME" property="truename" jdbcType="VARCHAR" />
    <result column="VALID" property="valid" jdbcType="DECIMAL" />
    <result column="TEL" property="tel" jdbcType="VARCHAR" />
    <result column="PHONE" property="phone" jdbcType="VARCHAR" />
    <result column="QQ" property="qq" jdbcType="VARCHAR" />
    <result column="EMAIL" property="email" jdbcType="VARCHAR" />
    <result column="WEIXIN" property="weixin" jdbcType="VARCHAR" />
    <result column="CREATE_TIME" property="createTime" jdbcType="TIMESTAMP" />
    <result column="CREATE_USER" property="createUser" jdbcType="DECIMAL" />
    <result column="UPDATE_USER" property="updateUser" jdbcType="DECIMAL" />
    <result column="UPDATE_TIME" property="updateTime" jdbcType="TIMESTAMP" />
    <result column="SCENIC_NAME" property="sellerName" jdbcType="VARCHAR" />
  </resultMap>
  
  <!-- 账号信息 -->
  <sql id="BaseColumnList" >
    A.ID, A.USERNAME, A.PWD, A.SELLER_ID, A.TRUENAME, A.VALID, A.TEL, A.PHONE, A.QQ, A.EMAIL, A.WEIXIN, 
    A.CREATE_TIME, A.CREATE_USER, A.UPDATE_USER, A.UPDATE_TIME
  </sql>
  
  <!-- 带商户信息 -->
  <sql id="BaseColumnScenicName">
 	B.SELLER_NAME SELLER_NAME
  </sql>
  
  <!-- 根据商户id查询账号信息 -->
  <select id="getSellerAccountById" resultMap="BaseResultMap" parameterType="java.lang.Integer" >
    select 
    <include refid="BaseColumnList" />
    ,<include refid="BaseColumnScenicName" />
    from TB_BUSI_SELLER_USER A
    left join TB_BUSI_SELLER B
    on A.SELLER_ID = B.ID
    where A.SELLER_ID = #{id,jdbcType=DECIMAL}
  </select>
  
  <!-- 根据主键id查询账号信息 -->
  <select id="getSellerAccount" resultMap="BaseResultMap" parameterType="com.spring.scenic.busi.domain.BusiSellerUser" >
    select 
    <include refid="BaseColumnList" />
    from TB_BUSI_SELLER_USER A
    where A.ID = #{id,jdbcType=DECIMAL}
  </select>
  
  <!--  -->
  <select id="selectAccountCountByParam" parameterType="com.spring.scenic.busi.domain.BusiSellerUser" resultType="java.lang.Integer" >
    select count(1)
    from TB_BUSI_SELLER_USER A
    where A.USERNAME = #{username,jdbcType=VARCHAR}
    <if test="id != null" >
		 and id != #{id,jdbcType=DECIMAL}
	</if>
  </select>
  
  <!-- 新增商户账号信息 -->
  <insert id="addBusiSellerUser" parameterType="com.spring.scenic.busi.domain.BusiSellerUser" >
    <!-- 返回主键到sequence -->
    <selectKey resultType="java.lang.Integer" order="BEFORE" keyProperty="sequence">
      	select SEQ_TB_BUSI_SELLER_USER.NEXTVAL from dual
    </selectKey>
    insert into TB_BUSI_SELLER_USER
    <trim prefix="(" suffix=")" suffixOverrides="," >
      <if test="sequence != null" >
        ID,
      </if>
      <if test="username != null" >
        USERNAME,
      </if>
      <if test="pwd != null" >
        PWD,
      </if>
      <if test="sellerId != null" >
        SELLER_ID,
      </if>
      <if test="truename != null" >
        TRUENAME,
      </if>
      <if test="valid != null" >
        VALID,
      </if>
      <if test="tel != null" >
        TEL,
      </if>
      <if test="phone != null" >
        PHONE,
      </if>
      <if test="qq != null" >
        QQ,
      </if>
      <if test="email != null" >
        EMAIL,
      </if>
      <if test="weixin != null" >
        WEIXIN,
      </if>
      <if test="createTime != null" >
        CREATE_TIME,
      </if>
      <if test="createUser != null" >
        CREATE_USER,
      </if>
      <if test="updateUser != null" >
        UPDATE_USER,
      </if>
      <if test="updateTime != null" >
        UPDATE_TIME,
      </if>
    </trim>
    <trim prefix="values (" suffix=")" suffixOverrides="," >
      <if test="sequence != null" >
        #{sequence,jdbcType=DECIMAL},
      </if>
      <if test="username != null" >
        #{username,jdbcType=VARCHAR},
      </if>
      <if test="pwd != null" >
        #{pwd,jdbcType=VARCHAR},
      </if>
      <if test="sellerId != null" >
        #{sellerId,jdbcType=DECIMAL},
      </if>
      <if test="truename != null" >
        #{truename,jdbcType=VARCHAR},
      </if>
      <if test="valid != null" >
        #{valid,jdbcType=DECIMAL},
      </if>
      <if test="tel != null" >
        #{tel,jdbcType=VARCHAR},
      </if>
      <if test="phone != null" >
        #{phone,jdbcType=VARCHAR},
      </if>
      <if test="qq != null" >
        #{qq,jdbcType=VARCHAR},
      </if>
      <if test="email != null" >
        #{email,jdbcType=VARCHAR},
      </if>
      <if test="weixin != null" >
        #{weixin,jdbcType=VARCHAR},
      </if>
      <if test="createTime != null" >
        #{createTime,jdbcType=TIMESTAMP},
      </if>
      <if test="createUser != null" >
        #{createUser,jdbcType=DECIMAL},
      </if>
      <if test="updateUser != null" >
        #{updateUser,jdbcType=DECIMAL},
      </if>
      <if test="updateTime != null" >
        #{updateTime,jdbcType=TIMESTAMP},
      </if>
    </trim>
  </insert>
  
  <!-- 更新商户账号信息 -->
  <update id="updateBusiSellerUser" parameterType="com.spring.scenic.busi.domain.BusiSellerUser" >
    update TB_BUSI_SELLER_USER
    set USERNAME = #{username,jdbcType=VARCHAR},
      PWD = #{pwd,jdbcType=VARCHAR},
      SELLER_ID = #{sellerId,jdbcType=DECIMAL},
      TRUENAME = #{truename,jdbcType=VARCHAR},
      VALID = #{valid,jdbcType=DECIMAL},
      TEL = #{tel,jdbcType=VARCHAR},
      PHONE = #{phone,jdbcType=VARCHAR},
      QQ = #{qq,jdbcType=VARCHAR},
      EMAIL = #{email,jdbcType=VARCHAR},
      WEIXIN = #{weixin,jdbcType=VARCHAR},
      CREATE_TIME = #{createTime,jdbcType=TIMESTAMP},
      CREATE_USER = #{createUser,jdbcType=DECIMAL},
      UPDATE_USER = #{updateUser,jdbcType=DECIMAL},
      UPDATE_TIME = #{updateTime,jdbcType=TIMESTAMP}
    where ID = #{id,jdbcType=DECIMAL}
  </update>
</mapper>