<?xml version="1.0" encoding="UTF-8" ?>
<!DOCTYPE mapper PUBLIC "-//mybatis.org//DTD Mapper 3.0//EN" "http://mybatis.org/dtd/mybatis-3-mapper.dtd" >
<mapper namespace="com.spring.scenic.busi.infrastructure.BusiSellerMapper" >
  <resultMap id="BaseResultMap" type="com.spring.scenic.busi.domain.BusiSeller" >
    <id column="ID" property="id" jdbcType="DECIMAL" />
    <result column="SELLER_NAME" property="sellerName" jdbcType="VARCHAR" />
    <result column="SCENIC_SELLER_ID" property="scenicSellerId" jdbcType="DECIMAL" />
    <result column="REMARK" property="remark" jdbcType="VARCHAR" />
    <result column="VALID" property="valid" jdbcType="DECIMAL" />
    <result column="CREATE_USER" property="createUser" jdbcType="DECIMAL" />
    <result column="CREATE_TIME" property="createTime" jdbcType="TIMESTAMP" />
    <result column="UPDATE_USER" property="updateUser" jdbcType="DECIMAL" />
    <result column="UPDATE_TIME" property="updateTime" jdbcType="TIMESTAMP" />
    <result column="UPDATE_USER_NAME" property="updateUserName" jdbcType="VARCHAR" />
    <result column="SCENIC_NAME" property="scenicName" jdbcType="VARCHAR" />
  </resultMap>
  
  <sql id="BaseColumnList" >
    M.ID, M.SELLER_NAME, M.SCENIC_SELLER_ID, M.REMARK, M.VALID, M.CREATE_USER, M.CREATE_TIME, 
    M.UPDATE_USER, M.UPDATE_TIME
  </sql>
  
   <!-- 更新人 -->
  <sql id="BaseColumnListUpdateUserName" >
    U.TRUENAME UPDATE_USER_NAME
  </sql>
  
  <!-- 所属景区 -->
  <sql id="BaseColumnScenicName">
 	S.NAME SCENIC_NAME
  </sql>
  
  <!-- 查询商户管理信息列表 -->
  <select id="getBusiSellerList" resultMap="BaseResultMap" parameterType="com.spring.scenic.busi.domain.BusiSeller" >
    select 
    <include refid="BaseColumnList" />
    ,<include refid="BaseColumnListUpdateUserName" />
    ,<include refid="BaseColumnScenicName" />
    from TB_BUSI_SELLER M
    left join TB_AUTH_USER U
   	on M.UPDATE_USER = U.ID
   	left join TB_SCENIC_SELLER S
    on M.SCENIC_SELLER_ID = S.ID
   	WHERE 1=1
    <if test="sellerName!=null and sellerName!=''">
		AND M.SELLER_NAME LIKE '%'||TRIM(#{sellerName})||'%'
	</if>
	<if test="valid!=null">
		AND M.VALID = #{valid}
	</if>
	order by M.UPDATE_TIME desc
  </select>
  
  <!-- 根据id查询商户信息 -->
  <select id="getBusiSellerById" parameterType="com.spring.scenic.busi.domain.BusiSeller"
  resultMap="BaseResultMap">
  	select 
    <include refid="BaseColumnList" />
    ,<include refid="BaseColumnScenicName" />
    from TB_BUSI_SELLER M
    left join TB_SCENIC_SELLER S
    on M.SCENIC_SELLER_ID = S.ID
    WHERE M.ID = #{id}
  </select>
  
  <!-- 新增商户 -->
  <insert id="addBusiSeller" parameterType="com.spring.scenic.busi.domain.BusiSeller" >
   	<!-- 返回主键到sequence -->
    <selectKey resultType="java.lang.Integer" order="BEFORE" keyProperty="sequence">
      	select SEQ_TB_BUSI_SELLER.NEXTVAL from dual
    </selectKey>
    insert into TB_BUSI_SELLER
    <trim prefix="(" suffix=")" suffixOverrides="," >
      <if test="sequence != null" >
        ID,
      </if>
      <if test="sellerName != null" >
        SELLER_NAME,
      </if>
      <if test="scenicSellerId != null" >
        SCENIC_SELLER_ID,
      </if>
      <if test="remark != null" >
        REMARK,
      </if>
      <if test="valid != null" >
        VALID,
      </if>
      <if test="createUser != null" >
        CREATE_USER,
      </if>
      <if test="createTime != null" >
        CREATE_TIME,
      </if>
      <if test="updateUser != null" >
        UPDATE_USER,
      </if>
      <if test="updateTime != null" >
        UPDATE_TIME,
      </if>
    </trim>
    <trim prefix="values (" suffix=")" suffixOverrides="," >
      <if test="sequence != null" >
        #{sequence,jdbcType=DECIMAL},
      </if>
      <if test="sellerName != null" >
        #{sellerName,jdbcType=VARCHAR},
      </if>
      <if test="scenicSellerId != null" >
        #{scenicSellerId,jdbcType=DECIMAL},
      </if>
      <if test="remark != null" >
        #{remark,jdbcType=VARCHAR},
      </if>
      <if test="valid != null" >
        #{valid,jdbcType=DECIMAL},
      </if>
      <if test="sellerId != null" >
        #{sellerId,jdbcType=DECIMAL},
      </if>
      <if test="createUser != null" >
        #{createUser,jdbcType=DECIMAL},
      </if>
      <if test="createTime != null" >
        #{createTime,jdbcType=TIMESTAMP},
      </if>
      <if test="updateUser != null" >
        #{updateUser,jdbcType=DECIMAL},
      </if>
      <if test="updateTime != null" >
        #{updateTime,jdbcType=TIMESTAMP},
      </if>
    </trim>
  </insert>
  
  <!-- 更新商户状态（启用、禁用） -->
  <update id="updateBusiSellerStatus" parameterType="com.spring.scenic.busi.domain.BusiSeller" >
    update TB_BUSI_SELLER
    set VALID = #{valid,jdbcType=DECIMAL},
      UPDATE_USER = #{updateUser,jdbcType=DECIMAL},
      UPDATE_TIME = #{updateTime,jdbcType=TIMESTAMP}
    where ID = #{id,jdbcType=DECIMAL}
  </update>
  
  <update id="updateBusiSeller" parameterType="com.spring.scenic.busi.domain.BusiSeller" >
    update TB_BUSI_SELLER
    set SELLER_NAME = #{sellerName,jdbcType=VARCHAR},
      SCENIC_SELLER_ID = #{scenicSellerId,jdbcType=DECIMAL},
      REMARK = #{remark,jdbcType=VARCHAR},
      VALID = #{valid,jdbcType=DECIMAL},
      CREATE_USER = #{createUser,jdbcType=DECIMAL},
      CREATE_TIME = #{createTime,jdbcType=TIMESTAMP},
      UPDATE_USER = #{updateUser,jdbcType=DECIMAL},
      UPDATE_TIME = #{updateTime,jdbcType=TIMESTAMP}
    where ID = #{id,jdbcType=DECIMAL}
  </update>
</mapper>