<?xml version="1.0" encoding="UTF-8" ?>
<!DOCTYPE mapper PUBLIC "-//mybatis.org//DTD Mapper 3.0//EN" "http://mybatis.org/dtd/mybatis-3-mapper.dtd" >
<mapper namespace="com.spring.scenic.busi.infrastructure.BusiNoticeMapper" >
  <resultMap id="BaseResultMap" type="com.spring.scenic.busi.domain.BusiNotice" >
    <id column="ID" property="id" jdbcType="DECIMAL" />
    <result column="TITLE" property="title" jdbcType="VARCHAR" />
    <result column="OUTLINE" property="outline" jdbcType="VARCHAR" />
    <result column="FILE_NAME" property="fileName" jdbcType="VARCHAR" />
    <result column="FILE_URL" property="fileUrl" jdbcType="VARCHAR" />
    <result column="IS_TOP" property="isTop" jdbcType="DECIMAL" />
    <result column="READ_COUNT" property="readCount" jdbcType="DECIMAL" />
    <result column="VALID" property="valid" jdbcType="DECIMAL" />
    <result column="CREATE_USER" property="createUser" jdbcType="DECIMAL" />
    <result column="CREATE_TIME" property="createTime" jdbcType="TIMESTAMP" />
    <result column="UPDATE_USER" property="updateUser" jdbcType="DECIMAL" />
    <result column="UPDATE_TIME" property="updateTime" jdbcType="TIMESTAMP" />
    <result column="UPDATE_USER_NAME" property="updateUserName" jdbcType="VARCHAR" />
    <result column="CREATE_USER_NAME" property="createUserName" jdbcType="VARCHAR" />
  </resultMap>
  
  <resultMap id="ResultMapWithBLOBs" type="com.spring.scenic.busi.domain.BusiNotice" extends="BaseResultMap" >
    <result column="CONTENT" property="content" jdbcType="CLOB" />
  </resultMap>
  
  <sql id="BaseColumnList" >
    M.ID, M.TITLE, M.OUTLINE, M.FILE_NAME, M.FILE_URL, M.IS_TOP, M.READ_COUNT, M.VALID, M.CREATE_USER, 
    M.CREATE_TIME, M.UPDATE_USER, M.UPDATE_TIME
  </sql>
  
  <sql id="BlobColumnList" >
    M.CONTENT
  </sql>
  
   <!-- 创建人 -->
  <sql id="BaseColumnListCreateUserName" >
    C.TRUENAME CREATE_USER_NAME
  </sql>
  
   <!-- 更新人 -->
  <sql id="BaseColumnListUpdateUserName" >
    U.TRUENAME UPDATE_USER_NAME
  </sql>
  
  <select id="getBusiNoticeList" resultMap="ResultMapWithBLOBs" parameterType="java.lang.Integer" >
    select 
    <include refid="BaseColumnList" />
    ,
    <include refid="BlobColumnList" />
    ,
    <include refid="BaseColumnListCreateUserName" />
    ,
    <include refid="BaseColumnListUpdateUserName" />
    from TB_BUSI_NOTICE M
    left join TB_AUTH_USER U
   	on M.UPDATE_USER = U.ID
   	left join TB_AUTH_USER C
   	on M.CREATE_USER = C.ID
   	WHERE 1=1
    <if test="title!=null and title!=''">
		AND M.TITLE LIKE '%'||TRIM(#{title})||'%'
	</if>
	<if test="valid!=null">
		AND M.VALID = #{valid}
	</if>
   	order by m.is_top desc,m.create_time desc
  </select>
  
  <select id="getBusiNoticeById" resultMap="ResultMapWithBLOBs" parameterType="java.lang.Integer" >
    select 
    <include refid="BaseColumnList" />
    ,
    <include refid="BlobColumnList" />
    from TB_BUSI_NOTICE M
    where M.ID = #{id,jdbcType=DECIMAL}
  </select>
  
  
  <delete id="deleteByPrimaryKey" parameterType="java.lang.Integer" >
    delete from TB_BUSI_NOTICE
    where ID = #{id,jdbcType=DECIMAL}
  </delete>
  <insert id="insert" parameterType="com.spring.scenic.busi.domain.BusiNotice" >
    insert into TB_BUSI_NOTICE (ID, TITLE, OUTLINE, 
      FILE_NAME, FILE_URL, IS_TOP, 
      READ_COUNT, VALID, CREATE_USER, 
      CREATE_TIME, UPDATE_USER, UPDATE_TIME, 
      CONTENT)
    values (#{id,jdbcType=DECIMAL}, #{title,jdbcType=VARCHAR}, #{outline,jdbcType=VARCHAR}, 
      #{fileName,jdbcType=VARCHAR}, #{fileUrl,jdbcType=VARCHAR}, #{isTop,jdbcType=DECIMAL}, 
      #{readCount,jdbcType=DECIMAL}, #{valid,jdbcType=DECIMAL}, #{createUser,jdbcType=DECIMAL}, 
      #{createTime,jdbcType=TIMESTAMP}, #{updateUser,jdbcType=DECIMAL}, #{updateTime,jdbcType=TIMESTAMP}, 
      #{content,jdbcType=CLOB})
  </insert>
  <insert id="addBusiNotice" parameterType="com.spring.scenic.busi.domain.BusiNotice" >
    <!-- 返回主键到sequence -->
    <selectKey resultType="java.lang.Integer" order="BEFORE" keyProperty="sequence">
      	select SEQ_TB_BUSI_NOTICE.NEXTVAL from dual
    </selectKey>
    insert into TB_BUSI_NOTICE
    <trim prefix="(" suffix=")" suffixOverrides="," >
      <if test="sequence != null" >
        ID,
      </if>
      <if test="title != null" >
        TITLE,
      </if>
      <if test="outline != null" >
        OUTLINE,
      </if>
      <if test="fileName != null" >
        FILE_NAME,
      </if>
      <if test="fileUrl != null" >
        FILE_URL,
      </if>
      <if test="isTop != null" >
        IS_TOP,
      </if>
      <if test="readCount != null" >
        READ_COUNT,
      </if>
      <if test="valid != null" >
        VALID,
      </if>
      <if test="createUser != null" >
        CREATE_USER,
      </if>
      <if test="createTime != null" >
        CREATE_TIME,
      </if>
      <if test="updateUser != null" >
        UPDATE_USER,
      </if>
      <if test="updateTime != null" >
        UPDATE_TIME,
      </if>
      <if test="content != null" >
        CONTENT,
      </if>
    </trim>
    <trim prefix="values (" suffix=")" suffixOverrides="," >
      <if test="sequence != null" >
        #{sequence,jdbcType=DECIMAL},
      </if>
      <if test="title != null" >
        #{title,jdbcType=VARCHAR},
      </if>
      <if test="outline != null" >
        #{outline,jdbcType=VARCHAR},
      </if>
      <if test="fileName != null" >
        #{fileName,jdbcType=VARCHAR},
      </if>
      <if test="fileUrl != null" >
        #{fileUrl,jdbcType=VARCHAR},
      </if>
      <if test="isTop != null" >
        #{isTop,jdbcType=DECIMAL},
      </if>
      <if test="readCount != null" >
        #{readCount,jdbcType=DECIMAL},
      </if>
      <if test="valid != null" >
        #{valid,jdbcType=DECIMAL},
      </if>
      <if test="createUser != null" >
        #{createUser,jdbcType=DECIMAL},
      </if>
      <if test="createTime != null" >
        #{createTime,jdbcType=TIMESTAMP},
      </if>
      <if test="updateUser != null" >
        #{updateUser,jdbcType=DECIMAL},
      </if>
      <if test="updateTime != null" >
        #{updateTime,jdbcType=TIMESTAMP},
      </if>
      <if test="content != null" >
        #{content,jdbcType=CLOB},
      </if>
    </trim>
  </insert>
  <update id="updateByPrimaryKeySelective" parameterType="com.spring.scenic.busi.domain.BusiNotice" >
    update TB_BUSI_NOTICE
    <set >
      <if test="title != null" >
        TITLE = #{title,jdbcType=VARCHAR},
      </if>
      <if test="outline != null" >
        OUTLINE = #{outline,jdbcType=VARCHAR},
      </if>
      <if test="fileName != null" >
        FILE_NAME = #{fileName,jdbcType=VARCHAR},
      </if>
      <if test="fileUrl != null" >
        FILE_URL = #{fileUrl,jdbcType=VARCHAR},
      </if>
      <if test="isTop != null" >
        IS_TOP = #{isTop,jdbcType=DECIMAL},
      </if>
      <if test="readCount != null" >
        READ_COUNT = #{readCount,jdbcType=DECIMAL},
      </if>
      <if test="valid != null" >
        VALID = #{valid,jdbcType=DECIMAL},
      </if>
      <if test="createUser != null" >
        CREATE_USER = #{createUser,jdbcType=DECIMAL},
      </if>
      <if test="createTime != null" >
        CREATE_TIME = #{createTime,jdbcType=TIMESTAMP},
      </if>
      <if test="updateUser != null" >
        UPDATE_USER = #{updateUser,jdbcType=DECIMAL},
      </if>
      <if test="updateTime != null" >
        UPDATE_TIME = #{updateTime,jdbcType=TIMESTAMP},
      </if>
      <if test="content != null" >
        CONTENT = #{content,jdbcType=CLOB},
      </if>
    </set>
    where ID = #{id,jdbcType=DECIMAL}
  </update>
  
  <!-- 更新商户中心公告信息	 -->
  <update id="updateBusiNotice" parameterType="com.spring.scenic.busi.domain.BusiNotice" >
    update TB_BUSI_NOTICE
    set TITLE = #{title,jdbcType=VARCHAR},
      OUTLINE = #{outline,jdbcType=VARCHAR},
      FILE_NAME = #{fileName,jdbcType=VARCHAR},
      FILE_URL = #{fileUrl,jdbcType=VARCHAR},
      IS_TOP = #{isTop,jdbcType=DECIMAL},
      READ_COUNT = #{readCount,jdbcType=DECIMAL},
      VALID = #{valid,jdbcType=DECIMAL},
      CREATE_USER = #{createUser,jdbcType=DECIMAL},
      CREATE_TIME = #{createTime,jdbcType=TIMESTAMP},
      UPDATE_USER = #{updateUser,jdbcType=DECIMAL},
      UPDATE_TIME = #{updateTime,jdbcType=TIMESTAMP},
      CONTENT = #{content,jdbcType=CLOB}
    where ID = #{id,jdbcType=DECIMAL}
  </update>
  
  <!-- 取消置顶公告置顶	 -->
  <update id="updateBusiNoticeToCommon" parameterType="com.spring.scenic.busi.domain.BusiNotice" >
    update TB_BUSI_NOTICE
    set 
      IS_TOP = 0,
      UPDATE_USER = #{updateUser,jdbcType=DECIMAL},
      UPDATE_TIME = #{updateTime,jdbcType=TIMESTAMP}
    where IS_TOP = #{isTop,jdbcType=DECIMAL}
  </update>
  
</mapper>