<?xml version="1.0" encoding="UTF-8" ?>
<beans xmlns="http://www.springframework.org/schema/beans"
	xmlns:xsi="http://www.w3.org/2001/XMLSchema-instance" xmlns:p="http://www.springframework.org/schema/p"
	xmlns:tx="http://www.springframework.org/schema/tx" xmlns:aop="http://www.springframework.org/schema/aop"
	xmlns:context="http://www.springframework.org/schema/context"
	xmlns:jee="http://www.springframework.org/schema/jee" xmlns:mvc="http://www.springframework.org/schema/mvc"
	xsi:schemaLocation="http://www.springframework.org/schema/beans 
						http://www.springframework.org/schema/beans/spring-beans-3.0.xsd
     					http://www.springframework.org/schema/tx 
     					http://www.springframework.org/schema/tx/spring-tx-3.0.xsd
     					http://www.springframework.org/schema/aop
     					http://www.springframework.org/schema/aop/spring-aop-3.0.xsd
     					http://www.springframework.org/schema/context 
     					http://www.springframework.org/schema/context/spring-context-3.0.xsd 
     					http://www.springframework.org/schema/mvc 
     http://www.springframework.org/schema/mvc/spring-mvc-3.0.xsd">
	
	<context:annotation-config />
	<tx:annotation-driven />
	<aop:aspectj-autoproxy />
	
	<bean id="applicationContentUtil" class="com.spring.scenic.common.util.ApplicationContentUtil"></bean>
	
	<!-- 异常处理 -->
	<bean id="exceptionResolver" class="com.spring.scenic.common.exception.ExceptionHandler"></bean>

    <!--国际化-->
	<bean id="messageSource" class="org.springframework.context.support.ReloadableResourceBundleMessageSource">
        <property name="basename" value="classpath:properties/messages" />
    </bean>
    
	<!-- 多语言拦截器 -->
    <bean class="org.springframework.web.servlet.i18n.LocaleChangeInterceptor" />
    
    <!-- 基于session的多语言 -->
	<bean id="localeResolver" class="org.springframework.web.servlet.i18n.SessionLocaleResolver" />
	
	<!-- 多语言配置 end -->
	<bean class="org.springframework.web.servlet.mvc.annotation.DefaultAnnotationHandlerMapping" />
	<bean class="org.springframework.web.servlet.mvc.method.annotation.RequestMappingHandlerAdapter" />
	<bean class="org.springframework.web.servlet.mvc.HttpRequestHandlerAdapter" />
	 	
    <!-- 适配器 -->
	<bean class="org.springframework.web.servlet.mvc.annotation.AnnotationMethodHandlerAdapter">
		<property name="messageConverters">
			<list>
				<ref bean="mappingJacksonHttpMessageConverter" />
			</list>
		</property> 
	</bean>
	
	<!-- http message converter -->
	<bean id="mappingJacksonHttpMessageConverter"
		class="org.springframework.http.converter.json.MappingJackson2HttpMessageConverter">
		<property name="supportedMediaTypes">
			<list>
				<value>text/html;charset=UTF-8</value>
				<value>application/json; charset=UTF-8</value>
			</list>
		</property>
	</bean>
	
    <bean id="propertyConfigurer"
		class="org.springframework.beans.factory.config.PropertyPlaceholderConfigurer">
		<property name="locations">
			<list>
				<value>classpath:properties/runtime.properties</value>
			</list>
		</property>
	</bean>
	
	<!-- 扫描注解 bean -->
	<context:component-scan base-package="com.spring.scenic.security.authority" />  
	<context:component-scan base-package="com.spring.scenic.*.infrastructure" />
	<context:component-scan base-package="com.spring.scenic.*.application" />
	<context:component-scan base-package="com.spring.scenic.*.intreface.controller" /> 
	<context:component-scan base-package="com.spring.scenic.storage.*" /> 
	<context:component-scan base-package="com.spring.scenic.facade.*" /> 
	
	<!-- 数据源 -->
	<bean id="dataSource" class="org.apache.commons.dbcp.BasicDataSource"
		destroy-method="close">
		<property name="driverClassName">
			<value>${scenicweb.runtime.jdbc.driver}</value>
		</property>
		<property name="url">
			<value>${scenicweb.runtime.jdbc.url}</value>
		</property>
		<property name="username">
			<value>${scenicweb.runtime.jdbc.username}</value>
		</property>
		<property name="password">
			<value>${scenicweb.runtime.jdbc.password}</value>
		</property>
		<property name="testOnBorrow" value="true" />
		<property name="testOnReturn" value="false" />
		<property name="testWhileIdle" value="true" />
		<property name="initialSize" value="2" />
		<property name="maxActive" value="20" />
		<property name="maxIdle" value="20" />
		<property name="maxWait" value="60000" />
	</bean>
 
	<!-- mybatis -->
	<import resource="spring-mybatis.xml"/>
	
    <!-- 声明式事务管理 -->
	<bean id="transactionManager" class="org.springframework.jdbc.datasource.DataSourceTransactionManager">
		<property name="dataSource" ref="dataSource"></property>
	</bean>
	
	<!-- 事务通知 -->
	<tx:advice id="transactionAdvice" transaction-manager="transactionManager">
		<tx:attributes>
			<tx:method name="add*"    propagation="REQUIRED"/>
			<tx:method name="del*"    propagation="REQUIRED"/>
			<tx:method name="save*"   propagation="REQUIRED"/>
			<tx:method name="update*" propagation="REQUIRED"/>
			<tx:method name="batch*"  propagation="REQUIRED"/>
			<tx:method name="assign*" propagation="REQUIRED"/>
			<tx:method name="*"  	  propagation="REQUIRED" read-only="true"/>
		</tx:attributes>
	</tx:advice>

    <!-- 事务管理-->
	<aop:config>
		<aop:advisor pointcut="execution(* com.spring.scenic.*.application.*.*(..))"
			advice-ref="transactionAdvice" />
	</aop:config>
	
	<!-- 加载资源 -->
	<mvc:resources mapping="/assets/css/**" location="/assets/css/" />
	<mvc:resources mapping="/assets/images/**" location="/assets/images/" />
	<mvc:resources mapping="/assets/js/**" location="/assets/js/" />
	<mvc:resources mapping="/assets/plugins/**" location="/assets/plugins/" />
	<mvc:resources mapping="/assets/admin/**" location="/assets/admin/" />
	<mvc:resources mapping="/assets/global/**" location="/assets/global/" />
	<mvc:resources mapping="/ueditor/**" location="/ueditor/" />
	<mvc:resources mapping="/template/**" location="/template/" />
	
	<!-- session失效拦截 -->
	<mvc:interceptors>
			<bean class="com.spring.scenic.security.SessionInterceptor"></bean>
	</mvc:interceptors>
	
	<import resource="spring-storage.xml"/>
	<import resource="spring-security.xml"/>
	<import resource="spring-quartz.xml"/>
	
</beans>