<?xml version="1.0" encoding="UTF-8" ?>
<beans xmlns="http://www.springframework.org/schema/beans"
	xmlns:xsi="http://www.w3.org/2001/XMLSchema-instance"
	xsi:schemaLocation="http://www.springframework.org/schema/beans 
						http://www.springframework.org/schema/beans/spring-beans-3.0.xsd">
    
    <!-- 业务实现类 -->
    <bean id="schedulerService" class="com.spring.scenic.schedule.application.impl.SchedulerServiceImpl"/>
    
    <!-- 触发器：出发配置好的某些服务 -->
	<bean class="org.springframework.scheduling.quartz.SchedulerFactoryBean">
	    <property name="triggers">
	         <list>
	         	   <!-- 订单已支付 过了出行日期 变为已完成  -->
	               <ref bean="orderStatusChangeTaskDetailTrigger"/>
	               <!-- 订单为新单 过了确认时间 变为已取消  -->
	               <ref bean="updateUnConfirmOrderStatusTrigger"/>
	               <!-- 倒计时时间结束，订单自动进入“已完成”状态 -->
	               <ref bean="updateCountdownOrderStatusTrigger"/>
	         </list>
	    </property>
	    <property name="autoStartup" value="true"/>
	</bean>
	
	<!-- 服务调用详细频率设置 -->
	<bean id="orderStatusChangeTaskDetailTrigger" class="org.springframework.scheduling.quartz.CronTriggerFactoryBean">
	   <property name="jobDetail" ref="orderStatusChangeTaskDetail" />
	   <property name="cronExpression" value="0 0 1 * * ?"/>  <!-- 每天晚上一点整 -->
	</bean>
	
	<!-- 服务调用详细 -->
	<bean id="orderStatusChangeTaskDetail" class="org.springframework.scheduling.quartz.MethodInvokingJobDetailFactoryBean"> <!--注入类 -->
	    <property name="targetObject" ref="schedulerService"/>  <!--注入业务类 -->
	    <property name="targetMethod" value="saveChangeOrderStatus"/>  <!--注入业务类方法名 -->
	    <property name="concurrent" value="true"/>  <!--并发执行 -->
	</bean>
	
	<!-- 新单过了超时服务调用详细频率设置 -->
	<bean id="updateUnConfirmOrderStatusTrigger" class="org.springframework.scheduling.quartz.CronTriggerFactoryBean">
	   <property name="jobDetail" ref="updateUnConfirmOrderStatusDetail" />
	   <property name="cronExpression" value="0 0/5 * * * ?"/>  <!-- 每2分钟一次 -->
	</bean>
	<!-- 新单过了超时服务调用详细 -->
	<bean id="updateUnConfirmOrderStatusDetail" class="org.springframework.scheduling.quartz.MethodInvokingJobDetailFactoryBean"> <!--注入类 -->
	    <property name="targetObject" ref="schedulerService"/>  <!--注入业务类 -->
	    <property name="targetMethod" value="updateUnConfirmOrderStatus"/>  <!--注入业务类方法名 -->
	    <property name="concurrent" value="true"/>  <!--并发执行 -->
	</bean>
	
	<!--倒计时时间结束，订单自动进入“已完成”状态调用详细频率设置 -->
	<bean id="updateCountdownOrderStatusTrigger" class="org.springframework.scheduling.quartz.CronTriggerFactoryBean">
	   <property name="jobDetail" ref="updateCountdownOrderStatus" />
	   <property name="cronExpression" value="0 0/5 * * * ?"/>  <!-- 每1分钟一次 -->
	</bean>
	<!-- 倒计时时间结束，订单自动进入“已完成”状态调用详细 -->
	<bean id="updateCountdownOrderStatus" class="org.springframework.scheduling.quartz.MethodInvokingJobDetailFactoryBean"> <!--注入类 -->
	    <property name="targetObject" ref="schedulerService"/>  <!--注入业务类 -->
	    <property name="targetMethod" value="updateCountdownOrderStatus"/>  <!--注入业务类方法名 -->
	    <property name="concurrent" value="true"/>  <!--并发执行 -->
	</bean>

 </beans>