<?xml version="1.0" encoding="UTF-8" ?>
<!DOCTYPE mapper PUBLIC "-//mybatis.org//DTD Mapper 3.0//EN" "http://mybatis.org/dtd/mybatis-3-mapper.dtd" >
<mapper namespace="com.spring.scenic.search.infrastructure.HistorySearchMapper" >
  <resultMap id="BaseResultMap" type="com.spring.scenic.search.domain.HistorySearch" >
    <id column="ID" property="id" jdbcType="DECIMAL" />
    <result column="KEYWORD" property="keyword" jdbcType="VARCHAR" />
    <result column="SESSION_ID" property="sessionId" jdbcType="VARCHAR" />
    <result column="MEMBER_ID" property="memberId" jdbcType="DECIMAL" />
    <result column="CREATE_TIME" property="createTime" jdbcType="TIMESTAMP" />
  </resultMap>
  <sql id="Base_Column_List" >
    ID, KEYWORD, SESSION_ID, MEMBER_ID, CREATE_TIME
  </sql>
  
  <!-- 获取历史搜索 -->
  <select id="getHistorySearchList" resultMap="BaseResultMap" parameterType="com.spring.scenic.search.domain.HistorySearch" >
    select keyword from (
	    select t.keyword,max(t.create_time) aa FROM tb_history_search t 
	    where 1=1
		<!-- 登录的取memberId -->
	    <if test="memberId != null " >
	    	AND MEMBER_ID = #{memberId,jdbcType=DECIMAL}
	    </if>
	    <!-- 未登录取sessionID -->
	    <if test="memberId == null " >
	        <if test="sessionId != null and  sessionId != ''" >
	    		AND SESSION_ID = #{sessionId,jdbcType=VARCHAR}
	    	</if>
	    </if>
	    group by t.keyword  order by aa desc 
    ) where rownum &lt; 10
    
  </select>
  
  <!-- 根据session删除搜索 -->
  <delete id="deleteHistorySearchBySession" parameterType="com.spring.scenic.search.domain.HistorySearch" >
    delete from TB_HISTORY_SEARCH
    where SESSION_ID = #{sessionId}
  </delete>
  
  <!-- 根据member删除搜索 1=2 防止参数 删除全部历史搜索-->
  <delete id="deleteHistorySearch" parameterType="com.spring.scenic.search.domain.HistorySearch" >
    delete from TB_HISTORY_SEARCH
    where 1=2
    <if test="memberId != null" >
	    or MEMBER_ID = #{memberId}
    </if>
    <if test="sessionId != null and sessionId!=''" >
	    or SESSION_ID = #{sessionId}
    </if>
  </delete>
  
  <!-- 保存搜索关键字 -->  
  <insert id="saveHistorySearch" parameterType="com.spring.scenic.search.domain.HistorySearch" >
    insert into TB_HISTORY_SEARCH (ID, KEYWORD, SESSION_ID, 
      MEMBER_ID, CREATE_TIME)
    values (SEQ_TB_HISTORY_SEARCH.Nextval, #{keyword,jdbcType=VARCHAR}, #{sessionId,jdbcType=VARCHAR}, 
      #{memberId,jdbcType=DECIMAL}, #{createTime,jdbcType=TIMESTAMP})
  </insert>
  
  <insert id="insertSelective" parameterType="com.spring.scenic.search.domain.HistorySearch" >
    insert into TB_HISTORY_SEARCH
    <trim prefix="(" suffix=")" suffixOverrides="," >
      <if test="id != null" >
        ID,
      </if>
      <if test="keyword != null" >
        KEYWORD,
      </if>
      <if test="sessionId != null" >
        SESSION_ID,
      </if>
      <if test="memberId != null" >
        MEMBER_ID,
      </if>
      <if test="createTime != null" >
        CREATE_TIME,
      </if>
    </trim>
    <trim prefix="values (" suffix=")" suffixOverrides="," >
      <if test="id != null" >
        #{id,jdbcType=DECIMAL},
      </if>
      <if test="keyword != null" >
        #{keyword,jdbcType=VARCHAR},
      </if>
      <if test="sessionId != null" >
        #{sessionId,jdbcType=VARCHAR},
      </if>
      <if test="memberId != null" >
        #{memberId,jdbcType=DECIMAL},
      </if>
      <if test="createTime != null" >
        #{createTime,jdbcType=TIMESTAMP},
      </if>
    </trim>
  </insert>
  <update id="updateByPrimaryKeySelective" parameterType="com.spring.scenic.search.domain.HistorySearch" >
    <!--
      WARNING - @mbggenerated
      This element is automatically generated by MyBatis Generator, do not modify.
      This element was generated on Thu Dec 01 19:21:22 CST 2016.
    -->
    update TB_HISTORY_SEARCH
    <set >
      <if test="keyword != null" >
        KEYWORD = #{keyword,jdbcType=VARCHAR},
      </if>
      <if test="sessionId != null" >
        SESSION_ID = #{sessionId,jdbcType=VARCHAR},
      </if>
      <if test="memberId != null" >
        MEMBER_ID = #{memberId,jdbcType=DECIMAL},
      </if>
      <if test="createTime != null" >
        CREATE_TIME = #{createTime,jdbcType=TIMESTAMP},
      </if>
    </set>
    where ID = #{id,jdbcType=DECIMAL}
  </update>
  <update id="updateByPrimaryKey" parameterType="com.spring.scenic.search.domain.HistorySearch" >
    <!--
      WARNING - @mbggenerated
      This element is automatically generated by MyBatis Generator, do not modify.
      This element was generated on Thu Dec 01 19:21:22 CST 2016.
    -->
    update TB_HISTORY_SEARCH
    set KEYWORD = #{keyword,jdbcType=VARCHAR},
      SESSION_ID = #{sessionId,jdbcType=VARCHAR},
      MEMBER_ID = #{memberId,jdbcType=DECIMAL},
      CREATE_TIME = #{createTime,jdbcType=TIMESTAMP}
    where ID = #{id,jdbcType=DECIMAL}
  </update>
</mapper>