<?xml version="1.0" encoding="UTF-8" ?>
<!DOCTYPE mapper PUBLIC "-//mybatis.org//DTD Mapper 3.0//EN" "http://mybatis.org/dtd/mybatis-3-mapper.dtd" >
<mapper namespace="com.spring.scenic.material.infrastructure.MaterialMapper" >
  
  <resultMap id="BaseResultMapMaterial" type="com.spring.scenic.material.domain.Material" >
    <id column="ID" property="id" jdbcType="DECIMAL" />
    <result column="NAME" property="name" jdbcType="VARCHAR" />
    <result column="URL" property="url" jdbcType="VARCHAR" />
    <result column="TYPE" property="type" jdbcType="DECIMAL" />
    <result column="DESCRIPTIONS" property="descriptions" jdbcType="VARCHAR" />
    <result column="USERTYPE" property="usertype" jdbcType="DECIMAL" />
    <result column="AUTHORIZED_ID" property="authorizedId" jdbcType="DECIMAL" />
    <result column="EXAMINE_USER" property="examineUser" jdbcType="DECIMAL" />
    <result column="EXAMINE_STATUS" property="examineStatus" jdbcType="DECIMAL" />
    <result column="EXAMINE_TIME" property="examineTime" jdbcType="TIMESTAMP" />
    <result column="EXAMINE_REMARKS" property="examineRemarks" jdbcType="VARCHAR" />
    <result column="VALID" property="valid" jdbcType="DECIMAL" />
    <result column="CREATE_TIME" property="createTime" jdbcType="TIMESTAMP" />
    <result column="CREATE_USER" property="createUser" jdbcType="DECIMAL" />
    <result column="UPDATE_TIME" property="updateTime" jdbcType="TIMESTAMP" />
    <result column="UPDATE_USER" property="updateUser" jdbcType="DECIMAL" />
    <association property="authorized" column="AUTHORIZED_ID" select="com.spring.scenic.material.infrastructure.MaterialAuthorizedMapper.getMaterialAuthorizedById" />
    <association property="creater" column="CREATE_USER" select="com.spring.scenic.system.infrastructure.AuthUserMapper.selectUserByPrimaryKey" />
  </resultMap>
  
  <sql id="BaseColumnListMaterial" >
    M.ID, M.NAME, M.URL, M.TYPE, M.DESCRIPTIONS, M.USERTYPE, M.AUTHORIZED_ID,M.EXAMINE_USER, M.EXAMINE_STATUS, M.EXAMINE_TIME, 
    M.EXAMINE_REMARKS, M.VALID, M.CREATE_TIME, M.CREATE_USER, M.UPDATE_TIME, M.UPDATE_USER
  </sql>
  
  <!-- 素材批量上传 -->
  <insert id="saveBatchMaterials" parameterType="java.util.List" >
    insert into TB_MATERIAL (ID,NAME,URL,TYPE,DESCRIPTIONS,USERTYPE,AUTHORIZED_ID,EXAMINE_USER,EXAMINE_STATUS,EXAMINE_TIME,EXAMINE_REMARKS,VALID,CREATE_TIME,CREATE_USER,UPDATE_TIME,UPDATE_USER)
    	SELECT SEQ_TB_MATERIAL.NEXTVAL, A.* FROM(
	    	<foreach collection="list" item="item" index="index" separator="union all" >
			SELECT
			
			<if test="item.name!=null">
				#{item.name}
			</if>
			<if test="item.name==null">
				null name
			</if>
			
			<if test="item.url!=null">
				,#{item.url}
			</if>
			<if test="item.url==null">
				,null url
			</if>
			
			<if test="item.type!=null">
				,#{item.type}
			</if>
			<if test="item.type==null">
				,null type
			</if>
			
			<if test="item.descriptions!=null">
				,#{item.descriptions}
			</if>
			<if test="item.descriptions==null">
				,null descriptions
			</if>
			
			<if test="item.usertype!=null">
				,#{item.usertype}
			</if>
			<if test="item.usertype==null">
				,null usertype
			</if>
			
			<if test="item.authorizedId!=null">
				,#{item.authorizedId}
			</if>
			<if test="item.authorizedId==null">
				,null authorizedId
			</if>
			
			<if test="item.examineUser!=null">
				,#{item.examineUser}
			</if>
			<if test="item.examineUser==null">
				,null examineUser
			</if>
			
			<if test="item.examineStatus!=null">
				,#{item.examineStatus}
			</if>
			<if test="item.examineStatus==null">
				,null examineStatus
			</if>
			
			<if test="item.examineTime!=null">
				,#{item.examineTime}
			</if>
			<if test="item.examineTime==null">
				,null examineTime
			</if>
			
			<if test="item.examineRemarks!=null">
				,#{item.examineRemarks}
			</if>
			<if test="item.examineRemarks==null">
				,null examineRemarks
			</if>
			
			<if test="item.valid!=null">
				,#{item.valid}
			</if>
			<if test="item.valid==null">
				,null valid
			</if>
			
			<if test="item.createTime!=null">
				,#{item.createTime}
			</if>
			<if test="item.createTime==null">
				,null createTime
			</if>
			
			<if test="item.createUser!=null">
				,#{item.createUser}
			</if>
			<if test="item.createUser==null">
				,null createUser
			</if>

			<if test="item.updateTime!=null">
				,#{item.updateTime}
			</if>
			<if test="item.updateTime==null">
				,null updateTime
			</if>

			<if test="item.updateUser!=null">
				,#{item.updateUser}
			</if>
			<if test="item.updateUser==null">
				,null updateUser
			</if>
			
			 FROM dual
			</foreach>
		)A
  </insert>
  
  <!-- 查询单个 -->
  <select id="getMaterial" resultMap="BaseResultMapMaterial" parameterType="com.spring.scenic.material.domain.Material" >
    select 
    <include refid="BaseColumnListMaterial" />
    ,U1.TRUENAME createUserName
    ,U2.TRUENAME examineUserName
    from TB_MATERIAL M
    left join TB_AUTH_USER U1
    	on M.CREATE_USER = U1.ID
    left join TB_AUTH_USER U2
    	on M.EXAMINE_USER = U2.ID
    where 1=1 
	<if test="id!=null">
		AND M.ID = #{id}
	</if>
  </select>
  
  <!-- 素材列表查询 -->
  <select id="getMaterialList" resultMap="BaseResultMapMaterial" parameterType="com.spring.scenic.material.domain.Material" >
    select 
    <include refid="BaseColumnListMaterial" />
    ,U1.TRUENAME createUserName
    ,U2.TRUENAME examineUserName
    from TB_MATERIAL M
    left join TB_AUTH_USER U1
    	on M.CREATE_USER = U1.ID
    left join TB_AUTH_USER U2
    	on M.EXAMINE_USER = U2.ID
    where 1=1 
    <if test="name!=null and name!=''">
		AND M.NAME LIKE '%'||TRIM(#{name})||'%'
	</if>
    <if test="type!=null">
		AND M.TYPE = #{type}
	</if>
    <if test="valid!=null">
		AND M.VALID = #{valid}
	</if>
    <if test="usertype!=null">
		AND M.USERTYPE = #{usertype}
	</if>
    <if test="examineStatus!=null">
		AND M.EXAMINE_STATUS = #{examineStatus}
	</if>
    <if test="authorizedId!=null">
		AND M.AUTHORIZED_ID = #{authorizedId}
	</if>
    <if test="startDate!=null">
		AND M.CREATE_TIME &gt;= #{startDate}
	</if>
    <if test="endDate!=null">
		AND M.CREATE_TIME &lt;= #{endDate}
	</if>
	<if test="id!=null">
		AND M.ID = #{id}
	</if>
	<if test="createUserName!=null and createUserName!=''">
		AND U1.TRUENAME LIKE '%'||TRIM(#{createUserName})||'%'
	</if>
	<if test="createUser!=null">
		AND M.CREATE_USER = #{createUser}
	</if>
	<if test="orderByClause==null || orderByClause==''">
		ORDER BY M.CREATE_TIME desc
	</if>
	<if test="orderByClause!=null and orderByClause!=''">
		ORDER BY ${orderByClause}
	</if>
	
  </select>
  
  <!-- 删除素材 -->
  <delete id="deleteMaterial" parameterType="com.spring.scenic.material.domain.Material" >
    delete from TB_MATERIAL
    where ID = #{id,jdbcType=DECIMAL}
  </delete>
  
  <insert id="insertSelective" parameterType="com.spring.scenic.material.domain.Material" >
    insert into TB_MATERIAL
    <trim prefix="(" suffix=")" suffixOverrides="," >
      <if test="id != null" >
        ID,
      </if>
      <if test="name != null" >
        NAME,
      </if>
      <if test="url != null" >
        URL,
      </if>
      <if test="type != null" >
        TYPE,
      </if>
      <if test="descriptions != null" >
        DESCRIPTIONS,
      </if>
      <if test="usertype != null" >
        USERTYPE,
      </if>
      <if test="authorizedId != null" >
        AUTHORIZED_ID,
      </if>
      <if test="examineStatus != null" >
        EXAMINE_STATUS,
      </if>
      <if test="examineTime != null" >
        EXAMINE_TIME,
      </if>
      <if test="examineRemarks != null" >
        EXAMINE_REMARKS,
      </if>
      <if test="valid != null" >
        VALID,
      </if>
      <if test="createTime != null" >
        CREATE_TIME,
      </if>
      <if test="createUser != null" >
        CREATE_USER,
      </if>
      <if test="updateTime != null" >
        UPDATE_TIME,
      </if>
      <if test="updateUser != null" >
        UPDATE_USER,
      </if>
    </trim>
    <trim prefix="values (" suffix=")" suffixOverrides="," >
      <if test="id != null" >
        #{id,jdbcType=DECIMAL},
      </if>
      <if test="name != null" >
        #{name,jdbcType=VARCHAR},
      </if>
      <if test="url != null" >
        #{url,jdbcType=VARCHAR},
      </if>
      <if test="type != null" >
        #{type,jdbcType=DECIMAL},
      </if>
      <if test="descriptions != null" >
        #{descriptions,jdbcType=VARCHAR},
      </if>
      <if test="usertype != null" >
        #{usertype,jdbcType=DECIMAL},
      </if>
      <if test="authorizedId != null" >
        #{authorizedId,jdbcType=DECIMAL},
      </if>
      <if test="examineStatus != null" >
        #{examineStatus,jdbcType=DECIMAL},
      </if>
      <if test="examineTime != null" >
        #{examineTime,jdbcType=TIMESTAMP},
      </if>
      <if test="examineRemarks != null" >
        #{examineRemarks,jdbcType=VARCHAR},
      </if>
      <if test="valid != null" >
        #{valid,jdbcType=DECIMAL},
      </if>
      <if test="createTime != null" >
        #{createTime,jdbcType=TIMESTAMP},
      </if>
      <if test="createUser != null" >
        #{createUser,jdbcType=DECIMAL},
      </if>
      <if test="updateTime != null" >
        #{updateTime,jdbcType=TIMESTAMP},
      </if>
      <if test="updateUser != null" >
        #{updateUser,jdbcType=DECIMAL},
      </if>
    </trim>
  </insert>
  
  <update id="updateMaterial" parameterType="com.spring.scenic.material.domain.Material" >
    update TB_MATERIAL
    <set>
        NAME = #{name,jdbcType=VARCHAR},
        URL = #{url,jdbcType=VARCHAR},
        TYPE = #{type,jdbcType=DECIMAL},
        DESCRIPTIONS = #{descriptions,jdbcType=VARCHAR},
        USERTYPE = #{usertype,jdbcType=DECIMAL},
        AUTHORIZED_ID = #{authorizedId,jdbcType=DECIMAL},
        EXAMINE_STATUS = #{examineStatus,jdbcType=DECIMAL},
        EXAMINE_REMARKS = #{examineRemarks,jdbcType=VARCHAR},
        EXAMINE_TIME = #{examineTime,jdbcType=TIMESTAMP},
        EXAMINE_USER = #{examineUser,jdbcType=DECIMAL},
        VALID = #{valid,jdbcType=DECIMAL},
        CREATE_TIME = #{createTime,jdbcType=TIMESTAMP},
        CREATE_USER = #{createUser,jdbcType=DECIMAL},
        UPDATE_TIME = #{updateTime,jdbcType=TIMESTAMP},
        UPDATE_USER = #{updateUser,jdbcType=DECIMAL},
    </set>
    where ID = #{id,jdbcType=DECIMAL}
  </update>
  
</mapper>