<?xml version="1.0" encoding="UTF-8" ?>
<!DOCTYPE mapper PUBLIC "-//mybatis.org//DTD Mapper 3.0//EN" "http://mybatis.org/dtd/mybatis-3-mapper.dtd" >
<mapper namespace="com.spring.scenic.content.infrastructure.CommentsMapper" >
  
  <!-- 点评基础信息 -->
  <resultMap id="BaseResultMapBaseComments" type="com.spring.scenic.content.domain.Comments" >
    <id column="ID" property="id" jdbcType="DECIMAL" />
    <result column="MEMBERID" property="memberid" jdbcType="DECIMAL" />
    <result column="PUBLISH_TIME" property="publishTime" jdbcType="TIMESTAMP" />
    <result column="CMMT_MAIN_ID" property="cmmtMainId" jdbcType="DECIMAL" />
    <result column="PER_CAPITA_FEES" property="perCapitaFees" jdbcType="VARCHAR" />
    <result column="OUT_TYPE" property="outType" jdbcType="DECIMAL" />
    <result column="OUT_SUB_TYPE" property="outSubType" jdbcType="DECIMAL" />
    <result column="TOTAL_SCORE" property="totalScore" jdbcType="DECIMAL" />
    <result column="STATUS" property="status" jdbcType="DECIMAL" />
    <result column="CMMT_FROM" property="cmmtFrom" jdbcType="DECIMAL" />
    <result column="CREATE_TIME" property="createTime" jdbcType="TIMESTAMP" />
    <result column="CREATE_USER" property="createUser" jdbcType="DECIMAL" />
    <result column="UPDATE_TIME" property="updateTime" jdbcType="TIMESTAMP" />
    <result column="UPDATE_USER" property="updateUser" jdbcType="DECIMAL" />
  </resultMap>
  
  <!-- 带BLOB -->
  <resultMap id="BaseResultMapComments" type="com.spring.scenic.content.domain.Comments" extends="BaseResultMapBaseComments" >
    <result column="CMMT_CONTENT" property="cmmtContent" jdbcType="CLOB" />
  </resultMap>
  
  <!-- 带SELLER -->
  <resultMap id="BaseResultMapCommentsWithSeller" type="com.spring.scenic.content.domain.Comments" extends="BaseResultMapComments" >
    <association property="seller" javaType="com.spring.scenic.basic.domain.ScenicSeller">
		<id column="SELLER_ID" property="id" jdbcType="DECIMAL" />
	    <result column="SELLER_NAME" property="name" jdbcType="VARCHAR" />
    </association>
  </resultMap>
  
  <!-- 带点评人 -->
  <resultMap id="BaseResultMapCommentsWithSellerAndEvaluater" type="com.spring.scenic.content.domain.Comments" extends="BaseResultMapCommentsWithSeller">
    <association property="evaluater"  javaType="com.spring.scenic.system.domain.AuthUser">
    	<id column="USER_ID" property="id" jdbcType="DECIMAL" />
    	<result column="USER_NAME" property="username" jdbcType="VARCHAR" />
    </association>
  </resultMap>
  
  <!-- 带图片IMAGE集合 -->
  <resultMap id="BaseResultMapCommentsWithSellerAndEvaluaterAndImages" type="com.spring.scenic.content.domain.Comments" extends="BaseResultMapCommentsWithSellerAndEvaluater" >
		<collection property="commentsImages" column="ID" ofType="com.spring.scenic.content.domain.CommentsImage"
			select="getCommentsImageList"
		>
			<!-- <id column="IMAGE_ID" property="id"/>
			<result column="IMAGE_URL" property="imageUrl"/> -->
		</collection>
  </resultMap>
  
  <!-- 带评分OPTION集合 -->
  <resultMap id="BaseResultMapCommentsWithSellerAndEvaluaterAndImagesAndOptions" type="com.spring.scenic.content.domain.Comments" extends="BaseResultMapCommentsWithSellerAndEvaluaterAndImages" >
		<collection property="commentsOptions" column="ID" ofType="com.spring.scenic.content.domain.CommentsOption"
			select="getCommentsOptionList"
		>
			<!-- <id column="OPTION_ID" property="id"/>
			<result column="SCORE_ITEMS_TITLE" property="scoreItemsTitle"/>
			<result column="SCORE" property="score"/> -->
		</collection>
  </resultMap>
  
  <resultMap id="BaseResultMapCommentsImages" type="com.spring.scenic.content.domain.CommentsImage" >
		<id column="IMAGE_ID" property="id"/>
		<result column="IMAGE_URL" property="imageUrl"/>
  </resultMap>
  
  <resultMap id="BaseResultMapCommentsOptions" type="com.spring.scenic.content.domain.CommentsOption" >
		<id column="OPTION_ID" property="id"/>
		<result column="SCORE_ITEMS_TITLE" property="scoreItemsTitle"/>
		<result column="SCORE" property="score"/>
  </resultMap>
  
  
  <sql id="BaseColumnListComments" >
    C.ID,C.MEMBERID,C.PUBLISH_TIME,C.CMMT_MAIN_ID,C.PER_CAPITA_FEES,C.OUT_TYPE,C.OUT_SUB_TYPE,
    C.TOTAL_SCORE,C.STATUS,C.CMMT_FROM,C.CREATE_TIME,C.CREATE_USER,C.UPDATE_TIME,C.UPDATE_USER,C.CMMT_CONTENT
  </sql>
  
  <sql id="BaseColumnListCommentsWithEvaluater" >
    U.ID USER_ID,U.TRUENAME USER_NAME
  </sql>
  
  <sql id="BaseColumnListCommentsWithSeller" >
    S.ID SELLER_ID,S.NAME SELLER_NAME
  </sql>
  
  <sql id="BaseColumnListCommentsImages" >
    I.ID IMAGE_ID,I.IMAGE_URL 
  </sql>
  
  <sql id="BaseColumnListCommentsWithOptions" >
    O.ID OPTION_ID,O.SCORE_ITEMS_TITLE,O.SCORE 
  </sql>
  
  <select id="getCommentsImageList" parameterType="java.lang.Integer" resultMap="BaseResultMapCommentsImages">
  	select <include refid="BaseColumnListCommentsImages" /> from TB_COMMENTS_IMAGE I where CMMT_ID = #{id}
  </select>
  
  <select id="getCommentsOptionList" parameterType="java.lang.Integer" resultMap="BaseResultMapCommentsOptions">
    select <include refid="BaseColumnListCommentsWithOptions" /> from TB_COMMENTS_OPTION O where CMMT_ID = #{id}
  </select>
  
  <!-- 点评数据查询 -->
  <select id="getCommentsList" resultMap="BaseResultMapCommentsWithSellerAndEvaluaterAndImagesAndOptions" parameterType="com.spring.scenic.content.domain.Comments" >
    select 
    <include refid="BaseColumnListComments" />
    ,
    <include refid="BaseColumnListCommentsWithEvaluater" />
    ,
    <include refid="BaseColumnListCommentsWithSeller" />
	from TB_COMMENTS C
	left join TB_SCENIC_SELLER S
	   on C.CMMT_MAIN_ID = S.ID
	left join TB_AUTH_USER U
	   on C.MEMBERID = U.ID
    <!-- 	   
    left join TB_COMMENTS_IMAGE I
      on C.ID = I.CMMT_ID
    left join TB_COMMENTS_OPTION O
      on C.ID = O.CMMT_ID
     -->  
	where 1 = 1
	
	  <!-- 景区、商户 -->
	  <if test="sellerName!=null and sellerName!=''">
		AND S.NAME like '%'||TRIM(#{sellerName})||'%' 
	  </if>
	  
	  <!-- 点评用户 -->
	  <if test="evaluaterName!=null and evaluaterName!=''">
		AND U.TRUENAME like '%'||TRIM(#{evaluaterName})||'%' 
	  </if>
	  
	  <!-- 包含图片 -->
      <if test="includeImage == 1" >
        AND C.ID in (select I.CMMT_ID from TB_COMMENTS_IMAGE I)
      </if>
      <if test="includeImage == 0" >
        AND C.ID not in (select I.CMMT_ID from TB_COMMENTS_IMAGE I)
      </if>
      
	  <!-- 发布时间 -->
	  <if test="startDate!=null">
		AND C.PUBLISH_TIME &gt;= #{startDate}
	  </if>
	  
	   <if test="endDate!=null">
		AND C.PUBLISH_TIME &lt;= #{endDate}
	  </if>
	 
	  <!-- 主键 -->
	  <if test="id != null" >
        AND C.ID = #{id,jdbcType=DECIMAL}
      </if>
      
      <!-- 类别 -->
      <if test="outType != null" >
        AND C.OUT_TYPE = #{outType,jdbcType=DECIMAL}
      </if>
      
      <!-- 子类 -->
      <if test="outSubType != null" >
        AND C.OUT_SUB_TYPE = #{outSubType,jdbcType=DECIMAL}
      </if>
      
      <!-- 状态 -->
      <if test="status != null" >
        AND C.STATUS = #{status,jdbcType=DECIMAL}
      </if>
      
      <!-- 排序 -->
   	  <if test="orderByClause==null || orderByClause==''">
		ORDER BY C.PUBLISH_TIME desc
	  </if>
    
  </select>
  
  <!-- 查询点评图片 -->
  <select id="getCommentsImage" resultMap="BaseResultMapCommentsImages" parameterType="com.spring.scenic.content.domain.CommentsImage">
  	select 
    <include refid="BaseColumnListCommentsImages" />
    from TB_COMMENTS_IMAGE I
    where ID = #{id,jdbcType=DECIMAL}
  </select>
  
  <!-- 修改点评 -->
  <update id="updateComment" parameterType="com.spring.scenic.content.domain.Comments">
	update TB_COMMENTS
    <set >
      <if test="memberid != null" >
        MEMBERID = #{memberid,jdbcType=DECIMAL},
      </if>
      <if test="publishTime != null" >
        PUBLISH_TIME = #{publishTime,jdbcType=TIMESTAMP},
      </if>
      <if test="cmmtMainId != null" >
        CMMT_MAIN_ID = #{cmmtMainId,jdbcType=DECIMAL},
      </if>
      <if test="perCapitaFees != null" >
        PER_CAPITA_FEES = #{perCapitaFees,jdbcType=VARCHAR},
      </if>
      <if test="outType != null" >
        OUT_TYPE = #{outType,jdbcType=DECIMAL},
      </if>
      <if test="outSubType != null" >
        OUT_SUB_TYPE = #{outSubType,jdbcType=DECIMAL},
      </if>
      <if test="totalScore != null" >
        TOTAL_SCORE = #{totalScore,jdbcType=DECIMAL},
      </if>
      <if test="status != null" >
        STATUS = #{status,jdbcType=DECIMAL},
      </if>
      <if test="cmmtFrom != null" >
        CMMT_FROM = #{cmmtFrom,jdbcType=DECIMAL},
      </if>
      <if test="createTime != null" >
        CREATE_TIME = #{createTime,jdbcType=TIMESTAMP},
      </if>
      <if test="createUser != null" >
        CREATE_USER = #{createUser,jdbcType=DECIMAL},
      </if>
      <if test="updateTime != null" >
        UPDATE_TIME = #{updateTime,jdbcType=TIMESTAMP},
      </if>
      <if test="updateUser != null" >
        UPDATE_USER = #{updateUser,jdbcType=DECIMAL},
      </if>
      <if test="cmmtContent != null" >
        CMMT_CONTENT = #{cmmtContent,jdbcType=BLOB},
      </if>
    </set>
    where ID = #{id,jdbcType=DECIMAL}
  </update>
  
  <!-- 保存点评信息 -->
  <insert id="saveComment" parameterType="com.spring.scenic.content.domain.Comments" >
    
    <!-- 返回主键到sequence -->
    <selectKey resultType="java.lang.Integer" order="BEFORE" keyProperty="sequence">
      select SEQ_TB_COMMENTS.NEXTVAL from dual
    </selectKey>
    
    insert into TB_COMMENTS
    <trim prefix="(" suffix=")" suffixOverrides="," >
        ID,
      <if test="memberid != null" >
        MEMBERID,
      </if>
      <if test="publishTime != null" >
        PUBLISH_TIME,
      </if>
      <if test="cmmtMainId != null" >
        CMMT_MAIN_ID,
      </if>
      <if test="perCapitaFees != null" >
        PER_CAPITA_FEES,
      </if>
      <if test="outType != null" >
        OUT_TYPE,
      </if>
      <if test="outSubType != null" >
        OUT_SUB_TYPE,
      </if>
      <if test="totalScore != null" >
        TOTAL_SCORE,
      </if>
      <if test="status != null" >
        STATUS,
      </if>
      <if test="cmmtFrom != null" >
        CMMT_FROM,
      </if>
      <if test="createTime != null" >
        CREATE_TIME,
      </if>
      <if test="createUser != null" >
        CREATE_USER,
      </if>
      <if test="updateTime != null" >
        UPDATE_TIME,
      </if>
      <if test="updateUser != null" >
        UPDATE_USER,
      </if>
      <if test="cmmtContent != null" >
        CMMT_CONTENT,
      </if>
    </trim>
    <trim prefix="values (" suffix=")" suffixOverrides="," >
      <if test="sequence != null" >
        #{sequence,jdbcType=DECIMAL},
      </if>
      <if test="memberid != null" >
        #{memberid,jdbcType=DECIMAL},
      </if>
      <if test="publishTime != null" >
        #{publishTime,jdbcType=TIMESTAMP},
      </if>
      <if test="cmmtMainId != null" >
        #{cmmtMainId,jdbcType=DECIMAL},
      </if>
      <if test="perCapitaFees != null" >
        #{perCapitaFees,jdbcType=VARCHAR},
      </if>
      <if test="outType != null" >
        #{outType,jdbcType=DECIMAL},
      </if>
      <if test="outSubType != null" >
        #{outSubType,jdbcType=DECIMAL},
      </if>
      <if test="totalScore != null" >
        #{totalScore,jdbcType=DECIMAL},
      </if>
      <if test="status != null" >
        #{status,jdbcType=DECIMAL},
      </if>
      <if test="cmmtFrom != null" >
        #{cmmtFrom,jdbcType=DECIMAL},
      </if>
      <if test="createTime != null" >
        #{createTime,jdbcType=TIMESTAMP},
      </if>
      <if test="createUser != null" >
        #{createUser,jdbcType=DECIMAL},
      </if>
      <if test="updateTime != null" >
        #{updateTime,jdbcType=TIMESTAMP},
      </if>
      <if test="updateUser != null" >
        #{updateUser,jdbcType=DECIMAL},
      </if>
      <if test="cmmtContent != null" >
        #{cmmtContent,jdbcType=CLOB},
      </if>
    </trim>
  </insert>
  
  <!-- 保存点评图片信息 -->
  <insert id="saveBatchCommentImages" parameterType="java.util.List" >
        insert into TB_COMMENTS_IMAGE (ID, CMMT_ID, IMAGE_URL,CREATE_TIME, CREATE_USER, UPDATE_TIME,UPDATE_USER)
    	SELECT SEQ_TB_COMMENTS_IMAGE.NEXTVAL, A.* FROM(
	    	<foreach collection="list" item="item" index="index" separator="union all" >
			SELECT
			
			<if test="item.cmmtId!=null">
				#{item.cmmtId}
			</if>
			<if test="item.cmmtId==null">
				null cmmtId
			</if>
			
			<if test="item.imageUrl!=null">
				,#{item.imageUrl}
			</if>
			<if test="item.imageUrl==null">
				,null imageUrl
			</if>
			
			<if test="item.createTime!=null">
				,#{item.createTime}
			</if>
			<if test="item.createTime==null">
				,null createTime
			</if>
			
			<if test="item.createUser!=null">
				,#{item.createUser}
			</if>
			<if test="item.createUser==null">
				,null createUser
			</if>
			
			<if test="item.updateTime!=null">
				,#{item.updateTime}
			</if>
			<if test="item.updateTime==null">
				,null updateTime
			</if>

			<if test="item.updateUser!=null">
				,#{item.updateUser}
			</if>
			<if test="item.updateUser==null">
				,null updateUser
			</if>
			
			 FROM dual
			</foreach>
		)A
  </insert>
  
  <!-- 保存点评项信息 -->
  <insert id="saveBatchCommentOptions" parameterType="java.util.List" >
    insert into TB_COMMENTS_OPTION (ID, CMMT_ID, SCORE_ITEMS_TITLE,SCORE_ITEMS_ID, SCORE, CREATE_TIME,CREATE_USER, UPDATE_TIME, UPDATE_USER) 
    	SELECT SEQ_TB_COMMENTS_OPTION.NEXTVAL, A.* FROM(
	    	<foreach collection="list" item="item" index="index" separator="union all" >
			SELECT
			
			<if test="item.cmmtId!=null">
				#{item.cmmtId}
			</if>
			<if test="item.cmmtId==null">
				null cmmtId
			</if>
			
			<if test="item.scoreItemsTitle!=null">
				,#{item.scoreItemsTitle}
			</if>
			<if test="item.scoreItemsTitle==null">
				,null scoreItemsTitle
			</if>
			
			<if test="item.scoreItemsId!=null">
				,#{item.scoreItemsId}
			</if>
			<if test="item.scoreItemsId==null">
				,null scoreItemsId
			</if>
			
			<if test="item.score!=null">
				,#{item.score}
			</if>
			<if test="item.score==null">
				,null score
			</if>
			
			<if test="item.createTime!=null">
				,#{item.createTime}
			</if>
			<if test="item.createTime==null">
				,null createTime
			</if>
			
			<if test="item.createUser!=null">
				,#{item.createUser}
			</if>
			<if test="item.createUser==null">
				,null createUser
			</if>
			
			<if test="item.updateTime!=null">
				,#{item.updateTime}
			</if>
			<if test="item.updateTime==null">
				,null updateTime
			</if>

			<if test="item.updateUser!=null">
				,#{item.updateUser}
			</if>
			<if test="item.updateUser==null">
				,null updateUser
			</if>
			
			 FROM dual
			</foreach>
		)A
  </insert>
  
  <delete id="deleteByPrimaryKey" parameterType="java.lang.Integer" >
    delete from TB_COMMENTS
    where ID = #{id,jdbcType=DECIMAL}
  </delete>
  
  <update id="updateByPrimaryKeySelective" parameterType="com.spring.scenic.content.domain.Comments" >
    update TB_COMMENTS
    <set >
      <if test="memberid != null" >
        MEMBERID = #{memberid,jdbcType=DECIMAL},
      </if>
      <if test="publishTime != null" >
        PUBLISH_TIME = #{publishTime,jdbcType=TIMESTAMP},
      </if>
      <if test="cmmtMainId != null" >
        CMMT_MAIN_ID = #{cmmtMainId,jdbcType=DECIMAL},
      </if>
      <if test="perCapitaFees != null" >
        PER_CAPITA_FEES = #{perCapitaFees,jdbcType=VARCHAR},
      </if>
      <if test="outType != null" >
        OUT_TYPE = #{outType,jdbcType=DECIMAL},
      </if>
      <if test="outSubType != null" >
        OUT_SUB_TYPE = #{outSubType,jdbcType=DECIMAL},
      </if>
      <if test="totalScore != null" >
        TOTAL_SCORE = #{totalScore,jdbcType=DECIMAL},
      </if>
      <if test="status != null" >
        STATUS = #{status,jdbcType=DECIMAL},
      </if>
      <if test="cmmtFrom != null" >
        CMMT_FROM = #{cmmtFrom,jdbcType=DECIMAL},
      </if>
      <if test="createTime != null" >
        CREATE_TIME = #{createTime,jdbcType=TIMESTAMP},
      </if>
      <if test="createUser != null" >
        CREATE_USER = #{createUser,jdbcType=DECIMAL},
      </if>
      <if test="updateTime != null" >
        UPDATE_TIME = #{updateTime,jdbcType=TIMESTAMP},
      </if>
      <if test="updateUser != null" >
        UPDATE_USER = #{updateUser,jdbcType=DECIMAL},
      </if>
      <if test="cmmtContent != null" >
        CMMT_CONTENT = #{cmmtContent,jdbcType=BLOB},
      </if>
    </set>
    where ID = #{id,jdbcType=DECIMAL}
  </update>
  
</mapper>