<?xml version="1.0" encoding="UTF-8" ?>
<!DOCTYPE mapper PUBLIC "-//mybatis.org//DTD Mapper 3.0//EN" "http://mybatis.org/dtd/mybatis-3-mapper.dtd" >
<mapper namespace="com.spring.scenic.content.infrastructure.CommentsScoreItemsMapper" >
  
  <resultMap id="BaseResultMapCommentsScoreItems" type="com.spring.scenic.content.domain.CommentsScoreItems" >
    <id column="ID" property="id" jdbcType="DECIMAL" />
    <result column="TYPE" property="type" jdbcType="DECIMAL" />
    <result column="SUB_TYPE" property="subType" jdbcType="DECIMAL" />
    <result column="TITLE" property="title" jdbcType="VARCHAR" />
    <result column="VALID" property="valid" jdbcType="DECIMAL" />
    <result column="REMARK" property="remark" jdbcType="VARCHAR" />
    <result column="CREATE_USER" property="createUser" jdbcType="DECIMAL" />
    <result column="CREATE_TIME" property="createTime" jdbcType="TIMESTAMP" />
    <result column="UPDATE_USER" property="updateUser" jdbcType="DECIMAL" />
    <result column="UPDATE_TIME" property="updateTime" jdbcType="TIMESTAMP" />
    <result column="UPDATE_USER_NAME" property="updateUserName" jdbcType="VARCHAR" />
    <result column="CREATE_USER_NAME" property="createUserName" jdbcType="VARCHAR" />
  </resultMap>
  
  <sql id="BaseColumnListCommentsScoreItems" >
    T.ID, T.TYPE, T.SUB_TYPE, T.TITLE, T.VALID,T.REMARK, T.CREATE_USER, T.CREATE_TIME, T.UPDATE_USER, T.UPDATE_TIME
  </sql>
  
  <sql id="BaseColumnListCommentsScoreItemsUsers" >
    U1.TRUENAME CREATE_USER_NAME,U2.TRUENAME UPDATE_USER_NAME
  </sql>
  
  <select id="getCommentsScoreItem" resultMap="BaseResultMapCommentsScoreItems" parameterType="com.spring.scenic.content.domain.CommentsScoreItems">
  	select 
    <include refid="BaseColumnListCommentsScoreItems" />
    from TB_COMMENTS_SCORE_ITEMS T
    where ID = #{id,jdbcType=DECIMAL}
  </select>
  
  <select id="getEvaluateItemList" resultMap="BaseResultMapCommentsScoreItems" parameterType="com.spring.scenic.content.domain.CommentsScoreItems" >
  	select 
    <include refid="BaseColumnListCommentsScoreItems" />,
    <include refid="BaseColumnListCommentsScoreItemsUsers" />
    from TB_COMMENTS_SCORE_ITEMS T
    left join TB_AUTH_USER U1
    	 on T.CREATE_USER = U1.ID
    left join TB_AUTH_USER U2
    	 on T.UPDATE_USER = U2.ID
    
    where 1=1
     <!-- 标题 -->
     <if test="title!=null and title!=''">
		AND T.TITLE like '%'||TRIM(#{title})||'%' 
	 </if>
	 
	 <!-- 类别 -->
	 <if test="type!=null">
		AND T.TYPE = #{type}
	 </if>
	 
	 <!-- 二级类别 -->
	 <if test="subType!=null">
		AND T.SUB_TYPE = #{subType}
	 </if>
	 
	 <!-- 二级类别 -->
	 <if test="valid!=null">
		AND T.VALID = #{valid}
	 </if>
	 ORDER BY T.CREATE_TIME desc
  </select>
  
  <select id="getEvaluateItem" resultMap="BaseResultMapCommentsScoreItems" parameterType="java.lang.Integer" >
    select 
    <include refid="BaseColumnListCommentsScoreItems" />
    from TB_COMMENTS_SCORE_ITEMS T
    where ID = #{id,jdbcType=DECIMAL}
  </select>
  
  <delete id="deleteByPrimaryKey" parameterType="java.lang.Integer" >
    delete from TB_COMMENTS_SCORE_ITEMS
    where ID = #{id,jdbcType=DECIMAL}
  </delete>
  
  <!-- 保存点评项数据 -->
  <insert id="saveEvaluateItem" parameterType="com.spring.scenic.content.domain.CommentsScoreItems" >
    insert into TB_COMMENTS_SCORE_ITEMS
    <trim prefix="(" suffix=")" suffixOverrides="," >
        ID,
      <if test="type != null" >
        TYPE,
      </if>
      <if test="subType != null" >
        SUB_TYPE,
      </if>
      <if test="title != null" >
        TITLE,
      </if>
      <if test="valid != null" >
        VALID,
      </if>
      <if test="remark != null" >
        REMARK,
      </if>
      <if test="createUser != null" >
        CREATE_USER,
      </if>
      <if test="createTime != null" >
        CREATE_TIME,
      </if>
      <if test="updateUser != null" >
        UPDATE_USER,
      </if>
      <if test="updateTime != null" >
        UPDATE_TIME,
      </if>
    </trim>
    <trim prefix="values (" suffix=")" suffixOverrides="," >
       SEQ_TB_COMMENTS_SCORE_ITEMS.NEXTVAL,
      <if test="type != null" >
        #{type,jdbcType=DECIMAL},
      </if>
      <if test="subType != null" >
        #{subType,jdbcType=DECIMAL},
      </if>
      <if test="title != null" >
        #{title,jdbcType=VARCHAR},
      </if>
      <if test="valid != null" >
        #{valid,jdbcType=DECIMAL},
      </if>
      <if test="remark != null" >
        #{remark,jdbcType=VARCHAR},
      </if>
      <if test="createUser != null" >
        #{createUser,jdbcType=DECIMAL},
      </if>
      <if test="createTime != null" >
        #{createTime,jdbcType=TIMESTAMP},
      </if>
      <if test="updateUser != null" >
        #{updateUser,jdbcType=DECIMAL},
      </if>
      <if test="updateTime != null" >
        #{updateTime,jdbcType=TIMESTAMP},
      </if>
    </trim>
  </insert>
  
  <!-- 修改点评项数据 -->
  <update id="updateEvaluateItem" parameterType="com.spring.scenic.content.domain.CommentsScoreItems" >
    update TB_COMMENTS_SCORE_ITEMS
    <set>
        TYPE = #{type,jdbcType=DECIMAL},
        SUB_TYPE = #{subType,jdbcType=DECIMAL},
        TITLE = #{title,jdbcType=VARCHAR},
        VALID = #{valid,jdbcType=DECIMAL},
        REMARK = #{remark,jdbcType=VARCHAR},
        CREATE_USER = #{createUser,jdbcType=DECIMAL},
        CREATE_TIME = #{createTime,jdbcType=TIMESTAMP},
        UPDATE_USER = #{updateUser,jdbcType=DECIMAL},
        UPDATE_TIME = #{updateTime,jdbcType=TIMESTAMP},
    </set>
    where ID = #{id,jdbcType=DECIMAL}
  </update>

</mapper>