<?xml version="1.0" encoding="UTF-8" ?>
<!DOCTYPE mapper PUBLIC "-//mybatis.org//DTD Mapper 3.0//EN" "http://mybatis.org/dtd/mybatis-3-mapper.dtd" >
<mapper namespace="com.spring.scenic.content.infrastructure.CommentsOptionMapper" >
  <resultMap id="BaseResultMap" type="com.spring.scenic.content.domain.CommentsOption" >
    <!--
      WARNING - @mbggenerated
      This element is automatically generated by MyBatis Generator, do not modify.
      This element was generated on Fri Dec 30 10:34:24 CST 2016.
    -->
    <id column="ID" property="id" jdbcType="DECIMAL" />
    <result column="CMMT_ID" property="cmmtId" jdbcType="DECIMAL" />
    <result column="SCORE_ITEMS_TITLE" property="scoreItemsTitle" jdbcType="VARCHAR" />
    <result column="SCORE_ITEMS_ID" property="scoreItemsId" jdbcType="DECIMAL" />
    <result column="SCORE" property="score" jdbcType="DECIMAL" />
    <result column="CREATE_TIME" property="createTime" jdbcType="TIMESTAMP" />
    <result column="CREATE_USER" property="createUser" jdbcType="DECIMAL" />
    <result column="UPDATE_TIME" property="updateTime" jdbcType="TIMESTAMP" />
    <result column="UPDATE_USER" property="updateUser" jdbcType="DECIMAL" />
  </resultMap>
  <sql id="Base_Column_List" >
    <!--
      WARNING - @mbggenerated
      This element is automatically generated by MyBatis Generator, do not modify.
      This element was generated on Fri Dec 30 10:34:24 CST 2016.
    -->
    ID, CMMT_ID, SCORE_ITEMS_TITLE, SCORE_ITEMS_ID, SCORE, CREATE_TIME, CREATE_USER, 
    UPDATE_TIME, UPDATE_USER
  </sql>
  <select id="selectByPrimaryKey" resultMap="BaseResultMap" parameterType="java.lang.Integer" >
    <!--
      WARNING - @mbggenerated
      This element is automatically generated by MyBatis Generator, do not modify.
      This element was generated on Fri Dec 30 10:34:24 CST 2016.
    -->
    select 
    <include refid="Base_Column_List" />
    from TB_COMMENTS_OPTION
    where ID = #{id,jdbcType=DECIMAL}
  </select>
  <delete id="deleteByPrimaryKey" parameterType="java.lang.Integer" >
    <!--
      WARNING - @mbggenerated
      This element is automatically generated by MyBatis Generator, do not modify.
      This element was generated on Fri Dec 30 10:34:24 CST 2016.
    -->
    delete from TB_COMMENTS_OPTION
    where ID = #{id,jdbcType=DECIMAL}
  </delete>
  <insert id="insert" parameterType="com.spring.scenic.content.domain.CommentsOption" >
    <!--
      WARNING - @mbggenerated
      This element is automatically generated by MyBatis Generator, do not modify.
      This element was generated on Fri Dec 30 10:34:24 CST 2016.
    -->
    insert into TB_COMMENTS_OPTION (ID, CMMT_ID, SCORE_ITEMS_TITLE, 
      SCORE_ITEMS_ID, SCORE, CREATE_TIME, 
      CREATE_USER, UPDATE_TIME, UPDATE_USER
      )
    values (#{id,jdbcType=DECIMAL}, #{cmmtId,jdbcType=DECIMAL}, #{scoreItemsTitle,jdbcType=VARCHAR}, 
      #{scoreItemsId,jdbcType=DECIMAL}, #{score,jdbcType=DECIMAL}, #{createTime,jdbcType=TIMESTAMP}, 
      #{createUser,jdbcType=DECIMAL}, #{updateTime,jdbcType=TIMESTAMP}, #{updateUser,jdbcType=DECIMAL}
      )
  </insert>
  <insert id="insertSelective" parameterType="com.spring.scenic.content.domain.CommentsOption" >
    <!--
      WARNING - @mbggenerated
      This element is automatically generated by MyBatis Generator, do not modify.
      This element was generated on Fri Dec 30 10:34:24 CST 2016.
    -->
    insert into TB_COMMENTS_OPTION
    <trim prefix="(" suffix=")" suffixOverrides="," >
      <if test="id != null" >
        ID,
      </if>
      <if test="cmmtId != null" >
        CMMT_ID,
      </if>
      <if test="scoreItemsTitle != null" >
        SCORE_ITEMS_TITLE,
      </if>
      <if test="scoreItemsId != null" >
        SCORE_ITEMS_ID,
      </if>
      <if test="score != null" >
        SCORE,
      </if>
      <if test="createTime != null" >
        CREATE_TIME,
      </if>
      <if test="createUser != null" >
        CREATE_USER,
      </if>
      <if test="updateTime != null" >
        UPDATE_TIME,
      </if>
      <if test="updateUser != null" >
        UPDATE_USER,
      </if>
    </trim>
    <trim prefix="values (" suffix=")" suffixOverrides="," >
      <if test="id != null" >
        #{id,jdbcType=DECIMAL},
      </if>
      <if test="cmmtId != null" >
        #{cmmtId,jdbcType=DECIMAL},
      </if>
      <if test="scoreItemsTitle != null" >
        #{scoreItemsTitle,jdbcType=VARCHAR},
      </if>
      <if test="scoreItemsId != null" >
        #{scoreItemsId,jdbcType=DECIMAL},
      </if>
      <if test="score != null" >
        #{score,jdbcType=DECIMAL},
      </if>
      <if test="createTime != null" >
        #{createTime,jdbcType=TIMESTAMP},
      </if>
      <if test="createUser != null" >
        #{createUser,jdbcType=DECIMAL},
      </if>
      <if test="updateTime != null" >
        #{updateTime,jdbcType=TIMESTAMP},
      </if>
      <if test="updateUser != null" >
        #{updateUser,jdbcType=DECIMAL},
      </if>
    </trim>
  </insert>
  <update id="updateByPrimaryKeySelective" parameterType="com.spring.scenic.content.domain.CommentsOption" >
    <!--
      WARNING - @mbggenerated
      This element is automatically generated by MyBatis Generator, do not modify.
      This element was generated on Fri Dec 30 10:34:24 CST 2016.
    -->
    update TB_COMMENTS_OPTION
    <set >
      <if test="cmmtId != null" >
        CMMT_ID = #{cmmtId,jdbcType=DECIMAL},
      </if>
      <if test="scoreItemsTitle != null" >
        SCORE_ITEMS_TITLE = #{scoreItemsTitle,jdbcType=VARCHAR},
      </if>
      <if test="scoreItemsId != null" >
        SCORE_ITEMS_ID = #{scoreItemsId,jdbcType=DECIMAL},
      </if>
      <if test="score != null" >
        SCORE = #{score,jdbcType=DECIMAL},
      </if>
      <if test="createTime != null" >
        CREATE_TIME = #{createTime,jdbcType=TIMESTAMP},
      </if>
      <if test="createUser != null" >
        CREATE_USER = #{createUser,jdbcType=DECIMAL},
      </if>
      <if test="updateTime != null" >
        UPDATE_TIME = #{updateTime,jdbcType=TIMESTAMP},
      </if>
      <if test="updateUser != null" >
        UPDATE_USER = #{updateUser,jdbcType=DECIMAL},
      </if>
    </set>
    where ID = #{id,jdbcType=DECIMAL}
  </update>
  <update id="updateByPrimaryKey" parameterType="com.spring.scenic.content.domain.CommentsOption" >
    <!--
      WARNING - @mbggenerated
      This element is automatically generated by MyBatis Generator, do not modify.
      This element was generated on Fri Dec 30 10:34:24 CST 2016.
    -->
    update TB_COMMENTS_OPTION
    set CMMT_ID = #{cmmtId,jdbcType=DECIMAL},
      SCORE_ITEMS_TITLE = #{scoreItemsTitle,jdbcType=VARCHAR},
      SCORE_ITEMS_ID = #{scoreItemsId,jdbcType=DECIMAL},
      SCORE = #{score,jdbcType=DECIMAL},
      CREATE_TIME = #{createTime,jdbcType=TIMESTAMP},
      CREATE_USER = #{createUser,jdbcType=DECIMAL},
      UPDATE_TIME = #{updateTime,jdbcType=TIMESTAMP},
      UPDATE_USER = #{updateUser,jdbcType=DECIMAL}
    where ID = #{id,jdbcType=DECIMAL}
  </update>
</mapper>