<?xml version="1.0" encoding="UTF-8"?>
<!DOCTYPE mapper PUBLIC "-//mybatis.org//DTD Mapper 3.0//EN" "http://mybatis.org/dtd/mybatis-3-mapper.dtd">
<mapper namespace="com.spring.scenic.content.infrastructure.TravelNotesDetailsMapper">
  
  <resultMap id="BaseResultMap" type="com.spring.scenic.content.domain.TravelNotesDetails">
    <id column="ID" jdbcType="DECIMAL" property="id" />
    <result column="URL" jdbcType="VARCHAR" property="url" />
    <result column="FILE_NAME" jdbcType="VARCHAR" property="fileName" />
    <result column="TYPE" jdbcType="DECIMAL" property="type" />
    <result column="TITLE" jdbcType="VARCHAR" property="title" />
    <result column="TRAVEL_NOTES_ID" jdbcType="DECIMAL" property="travelNotesId" />
    <result column="GUID" jdbcType="VARCHAR" property="guid" />
    <result column="CREATE_USER" jdbcType="DECIMAL" property="createUser" />
    <result column="CREATE_TIME" jdbcType="TIMESTAMP" property="createTime" />
    <result column="UPDATE_USER" jdbcType="DECIMAL" property="updateUser" />
    <result column="UPDATE_TIME" jdbcType="TIMESTAMP" property="updateTime" />
  </resultMap>
  
  <resultMap extends="BaseResultMap" id="ResultMapWithBLOBs" type="com.spring.scenic.content.domain.TravelNotesDetails">
    <result column="WORDS" jdbcType="BLOB" property="words" />
  </resultMap>
  
  <sql id="Base_Column_List">
    ID, URL, TYPE, TITLE, TRAVEL_NOTES_ID, GUID, CREATE_USER, CREATE_TIME, UPDATE_USER, 
    UPDATE_TIME
  </sql>
  
  <sql id="Blob_Column_List">
    <!--
      WARNING - @mbggenerated
      This element is automatically generated by MyBatis Generator, do not modify.
      This element was generated on Thu Dec 22 10:24:12 CST 2016.
    -->
    WORDS
  </sql>
  <select id="selectByPrimaryKey" parameterType="java.lang.Integer" resultMap="ResultMapWithBLOBs">
    <!--
      WARNING - @mbggenerated
      This element is automatically generated by MyBatis Generator, do not modify.
      This element was generated on Thu Dec 22 10:24:12 CST 2016.
    -->
    select 
    <include refid="Base_Column_List" />
    ,
    <include refid="Blob_Column_List" />
    from TB_TRAVEL_NOTES_DETAILS
    where ID = #{id,jdbcType=DECIMAL}
  </select>
  <delete id="deleteByPrimaryKey" parameterType="java.lang.Integer">
    <!--
      WARNING - @mbggenerated
      This element is automatically generated by MyBatis Generator, do not modify.
      This element was generated on Thu Dec 22 10:24:12 CST 2016.
    -->
    delete from TB_TRAVEL_NOTES_DETAILS
    where ID = #{id,jdbcType=DECIMAL}
  </delete>
  <insert id="insert" parameterType="com.spring.scenic.content.domain.TravelNotesDetails">
    <!--
      WARNING - @mbggenerated
      This element is automatically generated by MyBatis Generator, do not modify.
      This element was generated on Thu Dec 22 10:24:12 CST 2016.
    -->
    insert into TB_TRAVEL_NOTES_DETAILS (ID, URL, TYPE, 
      TITLE, TRAVEL_NOTES_ID, GUID, 
      CREATE_USER, CREATE_TIME, UPDATE_USER, 
      UPDATE_TIME, WORDS)
    values (#{id,jdbcType=DECIMAL}, #{url,jdbcType=VARCHAR}, #{type,jdbcType=DECIMAL}, 
      #{title,jdbcType=VARCHAR}, #{travelNotesId,jdbcType=DECIMAL}, #{guid,jdbcType=VARCHAR}, 
      #{createUser,jdbcType=DECIMAL}, #{createTime,jdbcType=TIMESTAMP}, #{updateUser,jdbcType=DECIMAL}, 
      #{updateTime,jdbcType=TIMESTAMP}, #{words,jdbcType=BLOB})
  </insert>
  <insert id="insertSelective" parameterType="com.spring.scenic.content.domain.TravelNotesDetails">
    <!--
      WARNING - @mbggenerated
      This element is automatically generated by MyBatis Generator, do not modify.
      This element was generated on Thu Dec 22 10:24:12 CST 2016.
    -->
    insert into TB_TRAVEL_NOTES_DETAILS
    <trim prefix="(" suffix=")" suffixOverrides=",">
      <if test="id != null">
        ID,
      </if>
      <if test="url != null">
        URL,
      </if>
      <if test="type != null">
        TYPE,
      </if>
      <if test="title != null">
        TITLE,
      </if>
      <if test="travelNotesId != null">
        TRAVEL_NOTES_ID,
      </if>
      <if test="guid != null">
        GUID,
      </if>
      <if test="createUser != null">
        CREATE_USER,
      </if>
      <if test="createTime != null">
        CREATE_TIME,
      </if>
      <if test="updateUser != null">
        UPDATE_USER,
      </if>
      <if test="updateTime != null">
        UPDATE_TIME,
      </if>
      <if test="words != null">
        WORDS,
      </if>
    </trim>
    <trim prefix="values (" suffix=")" suffixOverrides=",">
      <if test="id != null">
        #{id,jdbcType=DECIMAL},
      </if>
      <if test="url != null">
        #{url,jdbcType=VARCHAR},
      </if>
      <if test="type != null">
        #{type,jdbcType=VARCHAR},
      </if>
      <if test="title != null">
        #{title,jdbcType=VARCHAR},
      </if>
      <if test="travelNotesId != null">
        #{travelNotesId,jdbcType=DECIMAL},
      </if>
      <if test="guid != null">
        #{guid,jdbcType=VARCHAR},
      </if>
      <if test="createUser != null">
        #{createUser,jdbcType=DECIMAL},
      </if>
      <if test="createTime != null">
        #{createTime,jdbcType=TIMESTAMP},
      </if>
      <if test="updateUser != null">
        #{updateUser,jdbcType=DECIMAL},
      </if>
      <if test="updateTime != null">
        #{updateTime,jdbcType=TIMESTAMP},
      </if>
      <if test="words != null">
        #{words,jdbcType=BLOB},
      </if>
    </trim>
  </insert>
  <update id="updateByPrimaryKeySelective" parameterType="com.spring.scenic.content.domain.TravelNotesDetails">
    <!--
      WARNING - @mbggenerated
      This element is automatically generated by MyBatis Generator, do not modify.
      This element was generated on Thu Dec 22 10:24:12 CST 2016.
    -->
    update TB_TRAVEL_NOTES_DETAILS
    <set>
      <if test="url != null">
        URL = #{url,jdbcType=VARCHAR},
      </if>
      <if test="type != null">
        TYPE = #{type,jdbcType=DECIMAL},
      </if>
      <if test="title != null">
        TITLE = #{title,jdbcType=VARCHAR},
      </if>
      <if test="travelNotesId != null">
        TRAVEL_NOTES_ID = #{travelNotesId,jdbcType=DECIMAL},
      </if>
      <if test="guid != null">
        GUID = #{guid,jdbcType=VARCHAR},
      </if>
      <if test="createUser != null">
        CREATE_USER = #{createUser,jdbcType=DECIMAL},
      </if>
      <if test="createTime != null">
        CREATE_TIME = #{createTime,jdbcType=TIMESTAMP},
      </if>
      <if test="updateUser != null">
        UPDATE_USER = #{updateUser,jdbcType=DECIMAL},
      </if>
      <if test="updateTime != null">
        UPDATE_TIME = #{updateTime,jdbcType=TIMESTAMP},
      </if>
      <if test="words != null">
        WORDS = #{words,jdbcType=BLOB},
      </if>
    </set>
    where ID = #{id,jdbcType=DECIMAL}
  </update>
  <update id="updateByPrimaryKeyWithBLOBs" parameterType="com.spring.scenic.content.domain.TravelNotesDetails">
    <!--
      WARNING - @mbggenerated
      This element is automatically generated by MyBatis Generator, do not modify.
      This element was generated on Thu Dec 22 10:24:12 CST 2016.
    -->
    update TB_TRAVEL_NOTES_DETAILS
    set URL = #{url,jdbcType=VARCHAR},
      TYPE = #{type,jdbcType=DECIMAL},
      TITLE = #{title,jdbcType=VARCHAR},
      TRAVEL_NOTES_ID = #{travelNotesId,jdbcType=DECIMAL},
      GUID = #{guid,jdbcType=VARCHAR},
      CREATE_USER = #{createUser,jdbcType=DECIMAL},
      CREATE_TIME = #{createTime,jdbcType=TIMESTAMP},
      UPDATE_USER = #{updateUser,jdbcType=DECIMAL},
      UPDATE_TIME = #{updateTime,jdbcType=TIMESTAMP},
      WORDS = #{words,jdbcType=BLOB}
    where ID = #{id,jdbcType=DECIMAL}
  </update>
  <update id="updateByPrimaryKey" parameterType="com.spring.scenic.content.domain.TravelNotesDetails">
    <!--
      WARNING - @mbggenerated
      This element is automatically generated by MyBatis Generator, do not modify.
      This element was generated on Thu Dec 22 10:24:12 CST 2016.
    -->
    update TB_TRAVEL_NOTES_DETAILS
    set URL = #{url,jdbcType=VARCHAR},
      TYPE = #{type,jdbcType=DECIMAL},
      TITLE = #{title,jdbcType=VARCHAR},
      TRAVEL_NOTES_ID = #{travelNotesId,jdbcType=DECIMAL},
      GUID = #{guid,jdbcType=VARCHAR},
      CREATE_USER = #{createUser,jdbcType=DECIMAL},
      CREATE_TIME = #{createTime,jdbcType=TIMESTAMP},
      UPDATE_USER = #{updateUser,jdbcType=DECIMAL},
      UPDATE_TIME = #{updateTime,jdbcType=TIMESTAMP}
    where ID = #{id,jdbcType=DECIMAL}
  </update>
</mapper>