<?xml version="1.0" encoding="UTF-8"?>
<!DOCTYPE mapper PUBLIC "-//mybatis.org//DTD Mapper 3.0//EN" "http://mybatis.org/dtd/mybatis-3-mapper.dtd">
<mapper namespace="com.spring.scenic.content.infrastructure.TravelNotesMapper">
  
  <!-- 游记攻略信息 -->
  <resultMap id="BaseResultMapTravelNotes" type="com.spring.scenic.content.domain.TravelNotes">
    <id column="ID" jdbcType="DECIMAL" property="id" />
    <result column="TITLE" jdbcType="VARCHAR" property="title" />
    <result column="AUTHOR_NAME" jdbcType="VARCHAR" property="authorName" />
    <result column="TYPE" jdbcType="DECIMAL" property="type" />
    <result column="COVERS_IMAGE_URL" jdbcType="VARCHAR" property="coversImageUrl" />
    <result column="COVERS_IMAGE_NAME" jdbcType="VARCHAR" property="coversImageName" />
    <result column="DEPARTURE_DATE" jdbcType="TIMESTAMP" property="departureDate" />
    <result column="FEE" jdbcType="VARCHAR" property="fee" />
    <result column="PERSONS" jdbcType="VARCHAR" property="persons" />
    <result column="DAYS" jdbcType="VARCHAR" property="days" />
    <result column="VALID" jdbcType="DECIMAL" property="valid" />
    <result column="STATUS" jdbcType="DECIMAL" property="status" />
    <result column="PUBLISH_DATE" jdbcType="TIMESTAMP" property="publishDate" />
    <result column="REVIEWED_USER" jdbcType="DECIMAL" property="reviewedUser" />
    <result column="REVIEWED_USER_NAME" jdbcType="VARCHAR" property="reviewedUserName" />
    <result column="CREATE_TIME" jdbcType="TIMESTAMP" property="createTime" />
    <result column="CREATE_USER" jdbcType="DECIMAL" property="createUser" />
    <result column="UPDATE_TIME" jdbcType="TIMESTAMP" property="updateTime" />
    <result column="UPDATE_USER" jdbcType="DECIMAL" property="updateUser" />
    <result column="CREATE_USER_TYPE" jdbcType="DECIMAL" property="createUserType" />
    <result column="CREATE_USER_NAME" jdbcType="VARCHAR" property="createUserName" />
  </resultMap>
  
  <sql id="BaseColumnListTravelNotes">
    N.ID, N.TITLE, N.AUTHOR_NAME, N.TYPE, N.COVERS_IMAGE_URL,N.COVERS_IMAGE_NAME, N.DEPARTURE_DATE, N.FEE, N.PERSONS, N.DAYS, 
    N.VALID, N.STATUS, N.PUBLISH_DATE, N.REVIEWED_USER,U.TRUENAME REVIEWED_USER_NAME,N.CREATE_TIME, N.CREATE_USER, N.UPDATE_TIME, 
    N.UPDATE_USER,N.CREATE_USER_TYPE,
    case when n.create_user_type=2 then 
         (select u.truename from tb_auth_user u where u.id=n.create_user )
         when  n.create_user_type=1 then 
         (select i.name_ch from tb_member_detail_info i where i.fk_id=n.create_user and i.type=1)
         else null end as CREATE_USER_NAME
  </sql>
  
  <!-- 游记攻略文字、附件信息 -->
  <resultMap id="BaseResultMapTravelNotesDetails" type="com.spring.scenic.content.domain.TravelNotesDetails">
    <id column="ID" jdbcType="DECIMAL" property="id" />
    <result column="URL" jdbcType="VARCHAR" property="url" />
    <result column="FILE_NAME" jdbcType="VARCHAR" property="fileName" />
    <result column="TYPE" jdbcType="VARCHAR" property="type" />
    <result column="TITLE" jdbcType="VARCHAR" property="title" />
    <result column="TRAVEL_NOTES_ID" jdbcType="DECIMAL" property="travelNotesId" />
    <result column="GUID" jdbcType="VARCHAR" property="guid" />
    <result column="CREATE_USER" jdbcType="DECIMAL" property="createUser" />
    <result column="CREATE_TIME" jdbcType="TIMESTAMP" property="createTime" />
    <result column="UPDATE_USER" jdbcType="DECIMAL" property="updateUser" />
    <result column="UPDATE_TIME" jdbcType="TIMESTAMP" property="updateTime" />
    <result column="SORT_INDEX" jdbcType="INTEGER" property="sortIndex" />
  </resultMap>
  
  <resultMap extends="BaseResultMapTravelNotesDetails" id="BaseResultMapTravelNotesDetailsWithClob" type="com.spring.scenic.content.domain.TravelNotesDetails">
    <result column="WORDS" jdbcType="CLOB" property="words" />
  </resultMap>
  
  <sql id="BaseColumnListTravelNotesDetails">
    ID, URL,FILE_NAME, TYPE, TITLE, WORDS, TRAVEL_NOTES_ID, GUID, CREATE_USER, CREATE_TIME, UPDATE_USER, 
    UPDATE_TIME,SORT_INDEX
  </sql>
  
  
  <!-- 游记攻略关键字信息 -->
  <resultMap id="BaseResultMapTravelNotesKeyword" type="com.spring.scenic.basic.domain.Keyword">
    <id column="ID" jdbcType="DECIMAL" property="id" />
    <result column="NAME" jdbcType="VARCHAR" property="name" />
    <result column="TYPE" jdbcType="DECIMAL" property="type" />
    <result column="VALID" jdbcType="DECIMAL" property="valid" />
    <result column="OUT_RELATED_ID" jdbcType="DECIMAL" property="outRelatedId" />
    <result column="OUT_RELATED_TYPE" jdbcType="DECIMAL" property="outRelatedType" />
    <result column="CREATE_USER" jdbcType="DECIMAL" property="createUser" />
    <result column="CREATE_TIME" jdbcType="TIMESTAMP" property="createTime" />
    <result column="UPDATE_USER" jdbcType="DECIMAL" property="updateUser" />
    <result column="UPDATE_TIME" jdbcType="TIMESTAMP" property="updateTime" />
  </resultMap>
  
 
  
  <!-- 查询游记攻略列表信息 -->
  <select id="getTravelNoteList" parameterType="com.spring.scenic.content.domain.TravelNotes" resultMap="BaseResultMapTravelNotes">
    select 
    <include refid="BaseColumnListTravelNotes" />
    from TB_TRAVEL_NOTES N
    left join TB_AUTH_USER U
    	on N.REVIEWED_USER = U.ID
    where  N.STATUS!=0
    <if test="id!=null and id!=0">
		AND N.ID = #{id}
	</if>
  	<!-- 标题 -->
  	<if test="title!=null and title!=''">
		AND N.TITLE LIKE '%'||TRIM(#{title})||'%'
	</if>
	<!-- 作者 -->
    <if test="authorName!=null and authorName!=''">
		AND N.AUTHOR_NAME LIKE '%'||TRIM(#{authorName})||'%'
	</if>
	<!-- 状态 -->
    <if test="status!=null and status!=''">
		AND N.STATUS = #{status}
	</if>
	<!-- 发布时间 -->
    <if test="startDate!=null">
		AND to_date(to_char(N.PUBLISH_DATE,'yyyy-MM-dd'),'yyyy-MM-dd')  &gt;= #{startDate}
	</if>
    <if test="endDate!=null">
		AND to_date(to_char(N.PUBLISH_DATE,'yyyy-MM-dd'),'yyyy-MM-dd')  &lt;= #{endDate}
	</if>
	<if test="orderByClause==null || orderByClause==''">
		ORDER BY N.PUBLISH_DATE desc
	</if>
	<if test="orderByClause!=null and orderByClause!=''">
		ORDER BY ${orderByClause}
	</if>
  </select>
  
  <!-- 查询单个游记、攻略信息 -->
  <select id="getTravelNote" parameterType="com.spring.scenic.content.domain.TravelNotes" resultMap="BaseResultMapTravelNotes">
    select 
    <include refid="BaseColumnListTravelNotes" />
    from TB_TRAVEL_NOTES N
    left join TB_AUTH_USER U
    	on N.REVIEWED_USER = U.ID
    where N.ID = #{id,jdbcType=DECIMAL}
  </select>
  
  <!-- 删除游记、攻略 -->
  <!-- 
  <delete id="deleteByPrimaryKey" parameterType="java.lang.Integer">
    delete from TB_TRAVEL_NOTES
    where ID = #{id,jdbcType=DECIMAL}
  </delete>
   -->
  
  <!-- 保存游记、攻略信息 -->
  <insert id="saveTravelNote" parameterType="com.spring.scenic.content.domain.TravelNotes">
    
    <!-- 返回主键到sequence -->
    <selectKey resultType="java.lang.Integer" order="BEFORE" keyProperty="sequence">
      select SEQ_TB_TRAVEL_NOTES.NEXTVAL from dual
    </selectKey>
    
    insert into TB_TRAVEL_NOTES
    <trim prefix="(" suffix=")" suffixOverrides=",">
      <if test="sequence != null" >
        ID,
      </if>
      <if test="title != null">
        TITLE,
      </if>
      <if test="authorName != null">
        AUTHOR_NAME,
      </if>
      <if test="type != null">
        TYPE,
      </if>
      <if test="coversImageUrl != null">
        COVERS_IMAGE_URL,
      </if>
      <if test="coversImageName != null">
        COVERS_IMAGE_NAME,
      </if>
      <if test="departureDate != null">
        DEPARTURE_DATE,
      </if>
      <if test="fee != null">
        FEE,
      </if>
      <if test="persons != null">
        PERSONS,
      </if>
      <if test="days != null">
        DAYS,
      </if>
      <if test="valid != null">
        VALID,
      </if>
      <if test="status != null">
        STATUS,
      </if>
      <if test="publishDate != null">
        PUBLISH_DATE,
      </if>
      <if test="reviewedUser != null">
        REVIEWED_USER,
      </if>
      <if test="createTime != null">
        CREATE_TIME,
      </if>
      <if test="createUser != null">
        CREATE_USER,
      </if>
      <if test="updateTime != null">
        UPDATE_TIME,
      </if>
      <if test="updateUser != null">
        UPDATE_USER,
      </if>
      <if test="createUserType != null">
        CREATE_USER_TYPE,
      </if>
    </trim>
    <trim prefix="values (" suffix=")" suffixOverrides=",">
      <if test="sequence != null" >
        #{sequence,jdbcType=INTEGER},
      </if>
      <if test="title != null">
        #{title,jdbcType=VARCHAR},
      </if>
      <if test="authorName != null">
        #{authorName,jdbcType=VARCHAR},
      </if>
      <if test="type != null">
        #{type,jdbcType=DECIMAL},
      </if>
      <if test="coversImageUrl != null">
        #{coversImageUrl,jdbcType=VARCHAR},
      </if>
      <if test="coversImageName != null">
        #{coversImageName,jdbcType=VARCHAR},
      </if>
      <if test="departureDate != null">
        #{departureDate,jdbcType=TIMESTAMP},
      </if>
      <if test="fee != null">
        #{fee,jdbcType=VARCHAR},
      </if>
      <if test="persons != null">
        #{persons,jdbcType=VARCHAR},
      </if>
      <if test="days != null">
        #{days,jdbcType=VARCHAR},
      </if>
      <if test="valid != null">
        #{valid,jdbcType=DECIMAL},
      </if>
      <if test="status != null">
        #{status,jdbcType=DECIMAL},
      </if>
      <if test="publishDate != null">
        #{publishDate,jdbcType=TIMESTAMP},
      </if>
      <if test="reviewedUser != null">
        #{reviewedUser,jdbcType=DECIMAL},
      </if>
      <if test="createTime != null">
        #{createTime,jdbcType=TIMESTAMP},
      </if>
      <if test="createUser != null">
        #{createUser,jdbcType=DECIMAL},
      </if>
      <if test="updateTime != null">
        #{updateTime,jdbcType=TIMESTAMP},
      </if>
      <if test="updateUser != null">
        #{updateUser,jdbcType=DECIMAL},
      </if>
      <if test="createUserType != null">
        #{createUserType,jdbcType=DECIMAL},
      </if>
    </trim>
  </insert>
  
  <!-- 修改游记、攻略 -->
  <update id="updateTravelNote" parameterType="com.spring.scenic.content.domain.TravelNotes">
    update TB_TRAVEL_NOTES
    set TITLE = #{title,jdbcType=VARCHAR},
      AUTHOR_NAME = #{authorName,jdbcType=VARCHAR},
      TYPE = #{type,jdbcType=DECIMAL},
      COVERS_IMAGE_URL = #{coversImageUrl,jdbcType=VARCHAR},
      DEPARTURE_DATE = #{departureDate,jdbcType=TIMESTAMP},
      FEE = #{fee,jdbcType=VARCHAR},
      PERSONS = #{persons,jdbcType=VARCHAR},
      DAYS = #{days,jdbcType=VARCHAR},
      VALID = #{valid,jdbcType=DECIMAL},
      STATUS = #{status,jdbcType=DECIMAL},
      PUBLISH_DATE = #{publishDate,jdbcType=TIMESTAMP},
      REVIEWED_USER = #{reviewedUser,jdbcType=DECIMAL},
      CREATE_TIME = #{createTime,jdbcType=TIMESTAMP},
      CREATE_USER = #{createUser,jdbcType=DECIMAL},
      UPDATE_TIME = #{updateTime,jdbcType=TIMESTAMP},
      UPDATE_USER = #{updateUser,jdbcType=DECIMAL}
    where ID = #{id,jdbcType=DECIMAL}
  </update>
  
  <!-- 删除游记攻略内容 -->
  <update id="deleteTravelNoteDetails" parameterType="com.spring.scenic.content.domain.TravelNotes">
  	delete from tb_travel_notes_details where travel_notes_id = #{id}
  </update>
  
  <!-- 批量保存游记、攻略：文字、图片、文本等信息 -->
  <insert id="saveBatchTravelNotes" parameterType="java.util.List" >
    insert into TB_TRAVEL_NOTES_DETAILS (ID,TRAVEL_NOTES_ID,WORDS,URL,FILE_NAME,TYPE,TITLE,CREATE_USER,CREATE_TIME,UPDATE_USER,UPDATE_TIME,SORT_INDEX)
    	SELECT SEQ_TB_TRAVEL_NOTES_DETAILS.NEXTVAL, A.* FROM(
	    	<foreach collection="list" item="item" index="index" separator="union all" >
			SELECT #{item.travelNotesId}
			
			<if test="item.words!=null">
				,#{item.words}
			</if>
			<if test="item.words==null">
				,null words
			</if>
			
			<if test="item.url!=null">
				,#{item.url}
			</if>
			<if test="item.url==null">
				,null url
			</if>
			
			<if test="item.fileName!=null">
				,#{item.fileName}
			</if>
			<if test="item.fileName==null">
				,null fileName
			</if>
			
			<if test="item.type!=null">
				,#{item.type}
			</if>
			<if test="item.type==null">
				,null type
			</if>
			
			<if test="item.title!=null">
				,#{item.title}
			</if>
			<if test="item.title==null">
				,null title
			</if>
			
			<if test="item.createUser!=null">
				,#{item.createUser}
			</if>
			<if test="item.createUser==null">
				,null createUser
			</if>
			
			<if test="item.createTime!=null">
				,#{item.createTime}
			</if>
			<if test="item.createTime==null">
				,null createTime
			</if>

			<if test="item.updateUser!=null">
				,#{item.updateUser}
			</if>
			<if test="item.updateUser==null">
				,null updateUser
			</if>
			
			<if test="item.updateTime!=null">
				,#{item.updateTime}
			</if>
			<if test="item.updateTime==null">
				,null updateTime
			</if>

			<if test="item.sortIndex!=null">
				,#{item.sortIndex}
			</if>
			<if test="item.sortIndex==null">
				,null sortIndex
			</if>
			
			 FROM dual
			</foreach>
		)A
  </insert>
  
  <!-- 查询游记攻略详细 -->
  <select id="getTravelNoteDetail" parameterType="com.spring.scenic.content.domain.TravelNotesDetails" resultMap="BaseResultMapTravelNotesDetails">
  	select <include refid="BaseColumnListTravelNotesDetails"/>
  	from TB_TRAVEL_NOTES_DETAILS
  	where id = #{id}
  </select>
  
  <!-- 根据游记攻略查询其对应的文字、文本、图片等 -->
  <select id="getTravelNoteDetailList" parameterType="com.spring.scenic.content.domain.TravelNotesDetails" resultMap="BaseResultMapTravelNotesDetailsWithClob">
  	select <include refid="BaseColumnListTravelNotesDetails"/>
  	from TB_TRAVEL_NOTES_DETAILS
  	where 1=1 
	<if test="travelNotesId != null">
  		AND TRAVEL_NOTES_ID = #{travelNotesId,jdbcType=DECIMAL}
    </if>
    order by sort_index
  </select>
  
  <select id="getKeywordListById">
  	
  </select>
  
  
</mapper>