<?xml version="1.0" encoding="UTF-8" ?>
<!DOCTYPE mapper PUBLIC "-//mybatis.org//DTD Mapper 3.0//EN" "http://mybatis.org/dtd/mybatis-3-mapper.dtd" >
<mapper namespace="com.spring.scenic.product.infrastructure.ProductMapper" >
  <resultMap id="BaseResultMap" type="com.spring.scenic.product.domain.Product" >
    <id column="ID" property="id" jdbcType="DECIMAL" />
    <result column="PRODUCT_NAME" property="productName" jdbcType="VARCHAR" />
    <result column="PRODUCT_CODE" property="productCode" jdbcType="VARCHAR" />
    <result column="PRODUCT_TYPE" property="productType" jdbcType="DECIMAL" />
    <result column="PRODUCT_SUB_TYPE" property="productSubType" jdbcType="DECIMAL" />
    <result column="IS_SALE" property="isSale" jdbcType="DECIMAL" />
    <result column="SALES_TIME" property="salesTime" jdbcType="TIMESTAMP" />
    <result column="VALID" property="valid" jdbcType="DECIMAL" />
    <result column="MIN_COUNT" property="minCount" jdbcType="DECIMAL" />
    <result column="MAX_COUNT" property="maxCount" jdbcType="DECIMAL" />
    <result column="LAST_ORDER_DAY" property="lastOrderDay" jdbcType="DECIMAL" />
    <result column="LAST_ORDER_TIME" property="lastOrderTime" jdbcType="DECIMAL" />
    <result column="SELLER_ID" property="sellerId" jdbcType="DECIMAL" />
    <result column="PRICE" property="price" jdbcType="DECIMAL" />
    <result column="TOTAL_NUM" property="totalNum" jdbcType="DECIMAL" />
    <result column="SALE_NUM" property="saleNum" jdbcType="DECIMAL" />
    <result column="GOODS_TYPE" property="goodsType" jdbcType="DECIMAL" />
    <result column="city_Id" property="cityId" jdbcType="DECIMAL" />
    <result column="TAKE_ADDRESS" property="takeAddress" jdbcType="VARCHAR" />
    <result column="CONFIRM_HOUR" property="confirmHour" jdbcType="DECIMAL" />
    <result column="OPERATE_TIME" property="operateTime" jdbcType="TIMESTAMP"  />
    <result column="OPERATE_USER" property="operateUser" jdbcType="DECIMAL" />
    <result column="CREATE_USER" property="createUser" jdbcType="DECIMAL" />
    <result column="CREATE_TIME" property="createTime" jdbcType="TIMESTAMP" />
    <result column="UPDATE_USER" property="updateUser" jdbcType="DECIMAL" />
    <result column="UPDATE_TIME" property="updateTime" jdbcType="TIMESTAMP" />
    <result column="operateUserName" property="operateUserName" jdbcType="VARCHAR" />
    <result column="truename" property="truename" jdbcType="VARCHAR" />
  </resultMap>
  <resultMap id="ResultMapWithBLOBs" type="com.spring.scenic.product.domain.ProductWithBLOBs" extends="BaseResultMap" >
    <!--
      WARNING - @mbggenerated
      This element is automatically generated by MyBatis Generator, do not modify.
      This element was generated on Tue Mar 21 17:24:26 CST 2017.
    -->
    <result column="RECOMMEND" property="recommend" jdbcType="CLOB" />
    <result column="REMARK" property="remark" jdbcType="CLOB" />
    <result column="TRAFFIC" property="traffic" jdbcType="CLOB" />
    <result column="ORDER_RULE" property="orderRule" jdbcType="CLOB" />
    <result column="RETURN_RULE" property="returnRule" jdbcType="CLOB" />
  </resultMap>
  <sql id="Base_Column_List" >
    <!--
      WARNING - @mbggenerated
      This element is automatically generated by MyBatis Generator, do not modify.
      This element was generated on Tue Mar 21 17:24:26 CST 2017.
    -->
    ID, PRODUCT_NAME, PRODUCT_CODE, PRODUCT_TYPE, PRODUCT_SUB_TYPE, IS_SALE, SALES_TIME, 
    VALID, MIN_COUNT, MAX_COUNT, LAST_ORDER_DAY, LAST_ORDER_TIME, SELLER_ID, PRICE, TOTAL_NUM, 
    SALE_NUM, GOODS_TYPE, city_Id, TAKE_ADDRESS, CONFIRM_HOUR, OPERATE_TIME, OPERATE_USER, 
    CREATE_USER, CREATE_TIME, UPDATE_USER, UPDATE_TIME
  </sql>
  <sql id="Blob_Column_List" >
    <!--
      WARNING - @mbggenerated
      This element is automatically generated by MyBatis Generator, do not modify.
      This element was generated on Tue Mar 21 17:24:26 CST 2017.
    -->
    RECOMMEND, REMARK, TRAFFIC, ORDER_RULE, RETURN_RULE
  </sql>
  <select id="selectByPrimaryKey" resultMap="ResultMapWithBLOBs" parameterType="java.lang.Integer" >
    <!--
      WARNING - @mbggenerated
      This element is automatically generated by MyBatis Generator, do not modify.
      This element was generated on Tue Mar 21 17:24:26 CST 2017.
    -->
    select
    <include refid="Base_Column_List" />
    ,
    <include refid="Blob_Column_List" />
    from TB_PRODUCT
    where ID = #{id,jdbcType=DECIMAL}
  </select>
  <select id="getProductList"  resultMap="BaseResultMap" parameterType="com.spring.scenic.product.domain.Product">
 	 select  b.truename,c.truename operateUserName,
    a.ID, a.PRODUCT_NAME, a.PRODUCT_CODE, a.PRODUCT_TYPE, a.PRODUCT_SUB_TYPE, a.IS_SALE, a.SALES_TIME, 
    a.VALID, a.MIN_COUNT, a.MAX_COUNT, a.LAST_ORDER_DAY, a.LAST_ORDER_TIME, a.SELLER_ID, a.PRICE, a.TOTAL_NUM, 
    a.SALE_NUM, a.GOODS_TYPE, a.city_Id, a.TAKE_ADDRESS, a.CONFIRM_HOUR, a.OPERATE_TIME, a.OPERATE_USER, 
    a.CREATE_USER, a.CREATE_TIME, a.UPDATE_USER, a.UPDATE_TIME
    from TB_PRODUCT a   left join tb_busi_seller_user b
    on a.create_user = b.id
    left join tb_busi_seller_user c
    on a.operate_user = c.id
    WHERE 1=1
    <if test="isSale != null">
    	and a.is_sale = #{isSale,jdbcType=DECIMAL} 
    </if>
    <if test="isSale != null and isSale == 1">
    	and a.valid = 1
    </if>
    <if test="id != null ">
    	and a.id like '%'||#{id,jdbcType=DECIMAL}||'%'
    </if>
    <if test="sellerId != null">
    	and a.SELLER_ID = #{sellerId,jdbcType=DECIMAL}
    </if>
     <if test="productName != null and productName !=''">
    	and a.product_Name like '%'||#{productName,jdbcType=DECIMAL}||'%' 
     </if>
      <if test="saleStartTime != null and saleStartTime !=''">  
      	<![CDATA[ AND a.SALES_TIME > #{saleStartTime}  ]]> 
      </if> 
      <if test="saleEndTime != null">  
      <![CDATA[ AND a.SALES_TIME  <= #{saleEndTime} +1 ]]> 
 		 
  	</if>  
  	<if test="createStartTime != null">  -->
  	<![CDATA[ AND a.CREATE_TIME > #{createStartTime}  ]]> 
      </if>  
      <if test="createEndTime != null">  
      	<![CDATA[ AND a.CREATE_TIME  <= #{createEndTime} +1   ]]> 
 		
  	</if>  
     <if test="productType != null" >
        and a.product_type =  #{productType,jdbcType=DECIMAL}
     </if>
     <if test="orderByClause==null || orderByClause==''">
	  ORDER BY A.CREATE_TIME desc
	</if>
	<if test="orderByClause!=null and orderByClause!=''">
	  ORDER BY ${orderByClause}
	</if>
 
  </select>
  <delete id="deleteByPrimaryKey" parameterType="java.lang.Integer" >
    <!--
      WARNING - @mbggenerated
      This element is automatically generated by MyBatis Generator, do not modify.
      This element was generated on Tue Mar 21 17:24:26 CST 2017.
    -->
    delete from TB_PRODUCT
    where ID = #{id,jdbcType=DECIMAL}
  </delete>
  <insert id="insert" parameterType="com.spring.scenic.product.domain.ProductWithBLOBs" >
  	<selectKey  keyProperty="id" order="BEFORE" resultType="java.lang.Integer" >
      	SELECT seq_tb_product.nextval FROM dual
      </selectKey>
    insert into TB_PRODUCT (ID, PRODUCT_NAME, PRODUCT_CODE, 
      PRODUCT_TYPE, PRODUCT_SUB_TYPE, IS_SALE, 
      SALES_TIME, VALID, MIN_COUNT, 
      MAX_COUNT, LAST_ORDER_DAY, LAST_ORDER_TIME, 
      SELLER_ID, PRICE, TOTAL_NUM, 
      SALE_NUM, GOODS_TYPE, city_Id, 
      TAKE_ADDRESS, CONFIRM_HOUR, OPERATE_TIME, 
      OPERATE_USER, CREATE_USER, CREATE_TIME, 
      UPDATE_USER, UPDATE_TIME, RECOMMEND, 
      REMARK, TRAFFIC, ORDER_RULE, 
      RETURN_RULE)
    values (#{id,jdbcType=DECIMAL}, #{productName,jdbcType=VARCHAR}, #{productCode,jdbcType=VARCHAR}, 
      #{productType,jdbcType=DECIMAL}, #{productSubType,jdbcType=DECIMAL}, #{isSale,jdbcType=DECIMAL}, 
      #{salesTime,jdbcType=TIMESTAMP}, #{valid,jdbcType=DECIMAL}, #{minCount,jdbcType=DECIMAL}, 
      #{maxCount,jdbcType=DECIMAL}, #{lastOrderDay,jdbcType=DECIMAL}, #{lastOrderTime,jdbcType=DECIMAL}, 
      #{sellerId,jdbcType=DECIMAL}, #{price,jdbcType=DECIMAL}, #{totalNum,jdbcType=DECIMAL}, 
      #{saleNum,jdbcType=DECIMAL}, #{goodsType,jdbcType=DECIMAL}, #{cityId,jdbcType=DECIMAL}, 
      #{takeAddress,jdbcType=VARCHAR}, #{confirmHour,jdbcType=DECIMAL}, #{operateTime,jdbcType=TIMESTAMP}, 
      #{operateUser,jdbcType=DECIMAL}, #{createUser,jdbcType=DECIMAL}, #{createTime,jdbcType=TIMESTAMP}, 
      #{updateUser,jdbcType=DECIMAL}, #{updateTime,jdbcType=TIMESTAMP}, #{recommend,jdbcType=CLOB}, 
      #{remark,jdbcType=CLOB}, #{traffic,jdbcType=CLOB}, #{orderRule,jdbcType=CLOB}, 
      #{returnRule,jdbcType=CLOB})
  </insert>
  <insert id="insertSelective" parameterType="com.spring.scenic.product.domain.ProductWithBLOBs" >
    <!--
      WARNING - @mbggenerated
      This element is automatically generated by MyBatis Generator, do not modify.
      This element was generated on Tue Mar 21 17:24:26 CST 2017.
    -->
    insert into TB_PRODUCT
    <trim prefix="(" suffix=")" suffixOverrides="," >
      <if test="id != null" >
        ID,
      </if>
      <if test="productName != null" >
        PRODUCT_NAME,
      </if>
      <if test="productCode != null" >
        PRODUCT_CODE,
      </if>
      <if test="productType != null" >
        PRODUCT_TYPE,
      </if>
      <if test="productSubType != null" >
        PRODUCT_SUB_TYPE,
      </if>
      <if test="isSale != null" >
        IS_SALE,
      </if>
      <if test="salesTime != null" >
        SALES_TIME,
      </if>
      <if test="valid != null" >
        VALID,
      </if>
      <if test="minCount != null" >
        MIN_COUNT,
      </if>
      <if test="maxCount != null" >
        MAX_COUNT,
      </if>
      <if test="lastOrderDay != null" >
        LAST_ORDER_DAY,
      </if>
      <if test="lastOrderTime != null" >
        LAST_ORDER_TIME,
      </if>
      <if test="sellerId != null" >
        SELLER_ID,
      </if>
      <if test="price != null" >
        PRICE,
      </if>
      <if test="totalNum != null" >
        TOTAL_NUM,
      </if>
      <if test="saleNum != null" >
        SALE_NUM,
      </if>
      <if test="goodsType != null" >
        GOODS_TYPE,
      </if>
      <if test="cityId != null" >
        city_Id,
      </if>
      <if test="takeAddress != null" >
        TAKE_ADDRESS,
      </if>
      <if test="confirmHour != null" >
        CONFIRM_HOUR,
      </if>
      <if test="operateTime != null" >
        OPERATE_TIME,
      </if>
      <if test="operateUser != null" >
        OPERATE_USER,
      </if>
      <if test="createUser != null" >
        CREATE_USER,
      </if>
      <if test="createTime != null" >
        CREATE_TIME,
      </if>
      <if test="updateUser != null" >
        UPDATE_USER,
      </if>
      <if test="updateTime != null" >
        UPDATE_TIME,
      </if>
      <if test="recommend != null" >
        RECOMMEND,
      </if>
      <if test="remark != null" >
        REMARK,
      </if>
      <if test="traffic != null" >
        TRAFFIC,
      </if>
      <if test="orderRule != null" >
        ORDER_RULE,
      </if>
      <if test="returnRule != null" >
        RETURN_RULE,
      </if>
    </trim>
    <trim prefix="values (" suffix=")" suffixOverrides="," >
      <if test="id != null" >
        #{id,jdbcType=DECIMAL},
      </if>
      <if test="productName != null" >
        #{productName,jdbcType=VARCHAR},
      </if>
      <if test="productCode != null" >
        #{productCode,jdbcType=VARCHAR},
      </if>
      <if test="productType != null" >
        #{productType,jdbcType=DECIMAL},
      </if>
      <if test="productSubType != null" >
        #{productSubType,jdbcType=DECIMAL},
      </if>
      <if test="isSale != null" >
        #{isSale,jdbcType=DECIMAL},
      </if>
      <if test="salesTime != null" >
        #{salesTime,jdbcType=TIMESTAMP},
      </if>
      <if test="valid != null" >
        #{valid,jdbcType=DECIMAL},
      </if>
      <if test="minCount != null" >
        #{minCount,jdbcType=DECIMAL},
      </if>
      <if test="maxCount != null" >
        #{maxCount,jdbcType=DECIMAL},
      </if>
      <if test="lastOrderDay != null" >
        #{lastOrderDay,jdbcType=DECIMAL},
      </if>
      <if test="lastOrderTime != null" >
        #{lastOrderTime,jdbcType=DECIMAL},
      </if>
      <if test="sellerId != null" >
        #{sellerId,jdbcType=DECIMAL},
      </if>
      <if test="price != null" >
        #{price,jdbcType=DECIMAL},
      </if>
      <if test="totalNum != null" >
        #{totalNum,jdbcType=DECIMAL},
      </if>
      <if test="saleNum != null" >
        #{saleNum,jdbcType=DECIMAL},
      </if>
      <if test="goodsType != null" >
        #{goodsType,jdbcType=DECIMAL},
      </if>
      <if test="cityId != null" >
        #{cityId,jdbcType=DECIMAL},
      </if>
      <if test="takeAddress != null" >
        #{takeAddress,jdbcType=VARCHAR},
      </if>
      <if test="confirmHour != null" >
        #{confirmHour,jdbcType=DECIMAL},
      </if>
      <if test="operateTime != null" >
        #{operateTime,jdbcType=DECIMAL},
      </if>
      <if test="operateUser != null" >
        #{operateUser,jdbcType=DECIMAL},
      </if>
      <if test="createUser != null" >
        #{createUser,jdbcType=DECIMAL},
      </if>
      <if test="createTime != null" >
        #{createTime,jdbcType=TIMESTAMP},
      </if>
      <if test="updateUser != null" >
        #{updateUser,jdbcType=DECIMAL},
      </if>
      <if test="updateTime != null" >
        #{updateTime,jdbcType=TIMESTAMP},
      </if>
      <if test="recommend != null" >
        #{recommend,jdbcType=CLOB},
      </if>
      <if test="remark != null" >
        #{remark,jdbcType=CLOB},
      </if>
      <if test="traffic != null" >
        #{traffic,jdbcType=CLOB},
      </if>
      <if test="orderRule != null" >
        #{orderRule,jdbcType=CLOB},
      </if>
      <if test="returnRule != null" >
        #{returnRule,jdbcType=CLOB},
      </if>
    </trim>
  </insert>
  <update id="updateByPrimaryKeySelective" parameterType="com.spring.scenic.product.domain.ProductWithBLOBs" >
    <!--
      WARNING - @mbggenerated
      This element is automatically generated by MyBatis Generator, do not modify.
      This element was generated on Tue Mar 21 17:24:26 CST 2017.
    -->
    update TB_PRODUCT
    <set >
      <if test="productName != null" >
        PRODUCT_NAME = #{productName,jdbcType=VARCHAR},
      </if>
      <if test="productCode != null" >
        PRODUCT_CODE = #{productCode,jdbcType=VARCHAR},
      </if>
      <if test="productType != null" >
        PRODUCT_TYPE = #{productType,jdbcType=DECIMAL},
      </if>
      <if test="productSubType != null" >
        PRODUCT_SUB_TYPE = #{productSubType,jdbcType=DECIMAL},
      </if>
      <if test="isSale != null" >
        IS_SALE = #{isSale,jdbcType=DECIMAL},
      </if>
      <if test="salesTime != null" >
        SALES_TIME = #{salesTime,jdbcType=TIMESTAMP},
      </if>
      <if test="valid != null" >
        VALID = #{valid,jdbcType=DECIMAL},
      </if>
      <if test="minCount != null" >
        MIN_COUNT = #{minCount,jdbcType=DECIMAL},
      </if>
      <if test="maxCount != null" >
        MAX_COUNT = #{maxCount,jdbcType=DECIMAL},
      </if>
      <if test="lastOrderDay != null" >
        LAST_ORDER_DAY = #{lastOrderDay,jdbcType=DECIMAL},
      </if>
      <if test="lastOrderTime != null" >
        LAST_ORDER_TIME = #{lastOrderTime,jdbcType=DECIMAL},
      </if>
      <if test="sellerId != null" >
        SELLER_ID = #{sellerId,jdbcType=DECIMAL},
      </if>
      <if test="price != null" >
        PRICE = #{price,jdbcType=DECIMAL},
      </if>
      <if test="totalNum != null" >
        TOTAL_NUM = #{totalNum,jdbcType=DECIMAL},
      </if>
      <if test="saleNum != null" >
        SALE_NUM = #{saleNum,jdbcType=DECIMAL},
      </if>
      <if test="goodsType != null" >
        GOODS_TYPE = #{goodsType,jdbcType=DECIMAL},
      </if>
      <if test="cityId != null" >
        CITY_ID = #{cityId,jdbcType=DECIMAL},
      </if>
      <if test="takeAddress != null" >
        TAKE_ADDRESS = #{takeAddress,jdbcType=VARCHAR},
      </if>
      <if test="confirmHour != null" >
        CONFIRM_HOUR = #{confirmHour,jdbcType=DECIMAL},
      </if>
      <if test="operateTime != null" >
        OPERATE_TIME = #{operateTime,jdbcType=TIMESTAMP},
      </if>
      <if test="operateUser != null" >
        OPERATE_USER = #{operateUser,jdbcType=DECIMAL},
      </if>
      <if test="createUser != null" >
        CREATE_USER = #{createUser,jdbcType=DECIMAL},
      </if>
      <if test="createTime != null" >
        CREATE_TIME = #{createTime,jdbcType=TIMESTAMP},
      </if>
      <if test="updateUser != null" >
        UPDATE_USER = #{updateUser,jdbcType=DECIMAL},
      </if>
      <if test="updateTime != null" >
        UPDATE_TIME = #{updateTime,jdbcType=TIMESTAMP},
      </if>
      <if test="recommend != null" >
        RECOMMEND = #{recommend,jdbcType=CLOB},
      </if>
      <if test="remark != null" >
        REMARK = #{remark,jdbcType=CLOB},
      </if>
      <if test="traffic != null" >
        TRAFFIC = #{traffic,jdbcType=CLOB},
      </if>
      <if test="orderRule != null" >
        ORDER_RULE = #{orderRule,jdbcType=CLOB},
      </if>
      <if test="returnRule != null" >
        RETURN_RULE = #{returnRule,jdbcType=CLOB},
      </if>
    </set>
    where ID = #{id,jdbcType=DECIMAL}
  </update>
  <update id="updateByPrimaryKeyWithBLOBs" parameterType="com.spring.scenic.product.domain.ProductWithBLOBs" >
    <!--
      WARNING - @mbggenerated
      This element is automatically generated by MyBatis Generator, do not modify.
      This element was generated on Tue Mar 21 17:24:26 CST 2017.
    -->
    update TB_PRODUCT
    set PRODUCT_NAME = #{productName,jdbcType=VARCHAR},
      PRODUCT_CODE = #{productCode,jdbcType=VARCHAR},
      PRODUCT_TYPE = #{productType,jdbcType=DECIMAL},
      PRODUCT_SUB_TYPE = #{productSubType,jdbcType=DECIMAL},
      IS_SALE = #{isSale,jdbcType=DECIMAL},
      SALES_TIME = #{salesTime,jdbcType=TIMESTAMP},
      VALID = #{valid,jdbcType=DECIMAL},
      MIN_COUNT = #{minCount,jdbcType=DECIMAL},
      MAX_COUNT = #{maxCount,jdbcType=DECIMAL},
      LAST_ORDER_DAY = #{lastOrderDay,jdbcType=DECIMAL},
      LAST_ORDER_TIME = #{lastOrderTime,jdbcType=DECIMAL},
      SELLER_ID = #{sellerId,jdbcType=DECIMAL},
      PRICE = #{price,jdbcType=DECIMAL},
      TOTAL_NUM = #{totalNum,jdbcType=DECIMAL},
      SALE_NUM = #{saleNum,jdbcType=DECIMAL},
      GOODS_TYPE = #{goodsType,jdbcType=DECIMAL},
      CITY_ID = #{cityId,jdbcType=DECIMAL},
      TAKE_ADDRESS = #{takeAddress,jdbcType=VARCHAR},
      CONFIRM_HOUR = #{confirmHour,jdbcType=DECIMAL},
      OPERATE_TIME = #{operateTime,jdbcType=TIMESTAMP},
      OPERATE_USER = #{operateUser,jdbcType=DECIMAL},
      CREATE_USER = #{createUser,jdbcType=DECIMAL},
      CREATE_TIME = #{createTime,jdbcType=TIMESTAMP},
      UPDATE_USER = #{updateUser,jdbcType=DECIMAL},
      UPDATE_TIME = #{updateTime,jdbcType=TIMESTAMP},
      RECOMMEND = #{recommend,jdbcType=CLOB},
      REMARK = #{remark,jdbcType=CLOB},
      TRAFFIC = #{traffic,jdbcType=CLOB},
      ORDER_RULE = #{orderRule,jdbcType=CLOB},
      RETURN_RULE = #{returnRule,jdbcType=CLOB}
    where ID = #{id,jdbcType=DECIMAL}
  </update>
  <update id="updateByPrimaryKey" parameterType="com.spring.scenic.product.domain.Product" >
    <!--
      WARNING - @mbggenerated
      This element is automatically generated by MyBatis Generator, do not modify.
      This element was generated on Tue Mar 21 17:24:26 CST 2017.
    -->
    update TB_PRODUCT
    set PRODUCT_NAME = #{productName,jdbcType=VARCHAR},
      PRODUCT_CODE = #{productCode,jdbcType=VARCHAR},
      PRODUCT_TYPE = #{productType,jdbcType=DECIMAL},
      PRODUCT_SUB_TYPE = #{productSubType,jdbcType=DECIMAL},
      IS_SALE = #{isSale,jdbcType=DECIMAL},
      SALES_TIME = #{salesTime,jdbcType=TIMESTAMP},
      VALID = #{valid,jdbcType=DECIMAL},
      MIN_COUNT = #{minCount,jdbcType=DECIMAL},
      MAX_COUNT = #{maxCount,jdbcType=DECIMAL},
      LAST_ORDER_DAY = #{lastOrderDay,jdbcType=DECIMAL},
      LAST_ORDER_TIME = #{lastOrderTime,jdbcType=DECIMAL},
      SELLER_ID = #{sellerId,jdbcType=DECIMAL},
      PRICE = #{price,jdbcType=DECIMAL},
      TOTAL_NUM = #{totalNum,jdbcType=DECIMAL},
      SALE_NUM = #{saleNum,jdbcType=DECIMAL},
      GOODS_TYPE = #{goodsType,jdbcType=DECIMAL},
      CITY_ID = #{cityId,jdbcType=DECIMAL},
      TAKE_ADDRESS = #{takeAddress,jdbcType=VARCHAR},
      CONFIRM_HOUR = #{confirmHour,jdbcType=DECIMAL},
      OPERATE_TIME = #{operateTime,jdbcType=TIMESTAMP},
      OPERATE_USER = #{operateUser,jdbcType=DECIMAL},
      CREATE_USER = #{createUser,jdbcType=DECIMAL},
      CREATE_TIME = #{createTime,jdbcType=TIMESTAMP},
      UPDATE_USER = #{updateUser,jdbcType=DECIMAL},
      UPDATE_TIME = #{updateTime,jdbcType=TIMESTAMP}
    where ID = #{id,jdbcType=DECIMAL}
  </update>
  
  <update id="batchUpdate" parameterType = "java.util.List">
   	   <foreach collection="list" item="item" index="index" separator=";" open="begin" close=";end;" >
				update TB_PRODUCT 
				<set>
				  IS_SALE = #{item.isSale}, update_user = #{item.updateUser},
				        <if test="item.salesTime != null" >
				        	sales_time=#{item.salesTime},
						</if>
						<if test="item.operateUser != null" >
				        	OPERATE_USER = #{item.operateUser},
						</if>
						update_time = #{item.updateTime}
				</set>
				where id = #{item.id} and seller_id = #{item.sellerId}
	   </foreach>
  </update>
  
    <!-- 关键字关联表 -->
  <resultMap id="BaseResultMapKeywordRef" type="com.spring.scenic.product.domain.KeywordRef" >
    <id column="ID" property="id" jdbcType="DECIMAL" />
    <result column="OUT_RELATED_ID" property="outRelatedId" jdbcType="DECIMAL" />
    <result column="OUT_RELATED_TYPE" property="outRelatedType" jdbcType="DECIMAL" />
    <result column="KEYWORD_ID" property="keywordId" jdbcType="DECIMAL" />
    <result column="ORD" property="ord" jdbcType="DECIMAL" />
    <result column="CREATE_TIME" property="createTime" jdbcType="TIMESTAMP" />
    <result column="CREATE_USER" property="createUser" jdbcType="DECIMAL" />
    <result column="UPDATE_TIME" property="updateTime" jdbcType="TIMESTAMP" />
    <result column="UPDATE_USER" property="updateUser" jdbcType="DECIMAL" />
  </resultMap>
  
   <!-- 带关键字表 -->
  <resultMap id="BaseResultMapKeyword" type="com.spring.scenic.product.domain.KeywordRef" extends="BaseResultMapKeywordRef" >
    <association property="keyword" javaType="com.spring.scenic.product.domain.Keyword">
		<id column="KEYWORDID" property="id" jdbcType="DECIMAL" />
	    <result column="NAME" property="name" jdbcType="VARCHAR" />
	    <result column="TYPE" property="type" jdbcType="DECIMAL" />
	    <result column="VALID" property="valid" jdbcType="DECIMAL" />
    </association>
  </resultMap>
  <sql id="Base_Column_List_Keyword_Ref">
  	A.ID,A.OUT_RELATED_ID,A.OUT_RELATED_TYPE,A.KEYWORD_ID,A.CREATE_TIME, A.CREATE_USER, A.UPDATE_TIME, A.UPDATE_USER
  </sql>
  
  <sql id="Base_Column_List_Keyword">
  	B.ID KEYWORDID,B.NAME,B.TYPE,B.VALID
  </sql>
 
  <select id="getRealtiveKeywordList" parameterType="com.spring.scenic.product.domain.KeywordRef"
  	resultMap="BaseResultMapKeyword">
  	select
   <include refid="Base_Column_List_Keyword_Ref" />
   ,
   <include refid="Base_Column_List_Keyword" />
    from TB_KEYWORD_REF A
    left join TB_KEYWORD B
    on A.KEYWORD_ID=B.ID
    where A.OUT_RELATED_ID = #{outRelatedId,jdbcType=DECIMAL}
    AND A.OUT_RELATED_TYPE = #{outRelatedType,jdbcType=DECIMAL}
	ORDER BY A.ORD
  </select>
  
  
  <!-- 关键字 -->
  <resultMap id="BaseResultMapKeyWord" type="com.spring.scenic.product.domain.Keyword" >
    <id column="ID" property="id" jdbcType="DECIMAL" />
    <result column="NAME" property="name" jdbcType="VARCHAR" />
    <result column="TYPE" property="type" jdbcType="DECIMAL" />
    <result column="VALID" property="valid" jdbcType="DECIMAL" />
    <result column="OUT_RELATED_ID" property="outRelatedId" jdbcType="DECIMAL" />
    <result column="OUT_RELATED_TYPE" property="outRelatedType" jdbcType="DECIMAL" />
    <result column="CREATE_TIME" property="createTime" jdbcType="TIMESTAMP" />
    <result column="CREATE_USER" property="createUser" jdbcType="DECIMAL" />
    <result column="UPDATE_TIME" property="updateTime" jdbcType="TIMESTAMP" />
    <result column="UPDATE_USER" property="updateUser" jdbcType="DECIMAL" />
  </resultMap>
  
  
    <!-- 内容配置推荐关键字添加页面联想查询关键字 -->
  <select id="getSysConfigKeywordsByImagine" resultMap="BaseResultMapKeyWord" parameterType="com.spring.scenic.product.domain.Keyword" >
    select 
    t.ID, t.NAME, t.TYPE, t.VALID, t.OUT_RELATED_ID,t.OUT_RELATED_TYPE,t.CREATE_TIME, t.CREATE_USER, t.UPDATE_TIME, t.UPDATE_USER
    from TB_KEYWORD t
    where t.VALID = #{valid,jdbcType=DECIMAL}
    <if test="outRelatedType != null">
    and OUT_RELATED_TYPE = #{outRelatedType,jdbcType=DECIMAL}
    </if>
    <if test="name!=null">
    and t.NAME like '%' ||TRIM(#{name,jdbcType=VARCHAR})|| '%'
    </if>
  </select>
  
  <!-- 查询城市信息，以id,name的形式封装在实体里返回 -->
	<select id="getCityList"  resultType="com.spring.scenic.system.domain.City">
		select id, name,valid from tb_city 
 	</select>
</mapper>