<?xml version="1.0" encoding="UTF-8" ?>
<!DOCTYPE mapper PUBLIC "-//mybatis.org//DTD Mapper 3.0//EN" "http://mybatis.org/dtd/mybatis-3-mapper.dtd" >
<mapper namespace="com.spring.scenic.product.infrastructure.ProductMealsMapper" >
  <resultMap id="BaseResultMap" type="com.spring.scenic.product.domain.ProductMeals" >
    <!--
      WARNING - @mbggenerated
      This element is automatically generated by MyBatis Generator, do not modify.
      This element was generated on Mon Apr 10 14:47:12 CST 2017.
    -->
    <id column="ID" property="id" jdbcType="DECIMAL" />
    <result column="PRODUCT_ID" property="productId" jdbcType="DECIMAL" />
    <result column="MEALS_NAME" property="mealsName" jdbcType="VARCHAR" />
    <result column="MEALS_CODE" property="mealsCode" jdbcType="VARCHAR" />
    <result column="VALID" property="valid" jdbcType="DECIMAL" />
    <result column="CREATE_USER" property="createUser" jdbcType="DECIMAL" />
    <result column="CREATE_TIME" property="createTime" jdbcType="TIMESTAMP" />
    <result column="UPDATE_USER" property="updateUser" jdbcType="DECIMAL" />
    <result column="UPDATE_TIME" property="updateTime" jdbcType="TIMESTAMP" />
  </resultMap>
  <sql id="Base_Column_List" >
    <!--
      WARNING - @mbggenerated
      This element is automatically generated by MyBatis Generator, do not modify.
      This element was generated on Mon Apr 10 14:47:12 CST 2017.
    -->
    ID, PRODUCT_ID, MEALS_NAME, MEALS_CODE, VALID, CREATE_USER, CREATE_TIME, UPDATE_USER, 
    UPDATE_TIME
  </sql>
  <select id="selectByPrimaryKey" resultMap="BaseResultMap" parameterType="java.lang.Integer" >
    <!--
      WARNING - @mbggenerated
      This element is automatically generated by MyBatis Generator, do not modify.
      This element was generated on Mon Apr 10 14:47:12 CST 2017.
    -->
    select 
    <include refid="Base_Column_List" />
    from TB_PRODUCT_MEALS
    where ID = #{id,jdbcType=DECIMAL}
  </select>
  <select id="selectAllByProductId" resultMap="BaseResultMap" parameterType="com.spring.scenic.product.domain.ProductMeals">
  	select 
    <include refid="Base_Column_List" />
    from TB_PRODUCT_MEALS
    where PRODUCT_ID = #{productId,jdbcType=DECIMAL}
  </select>
  <delete id="deleteByPrimaryKey" parameterType="java.lang.Integer" >
    <!--
      WARNING - @mbggenerated
      This element is automatically generated by MyBatis Generator, do not modify.
      This element was generated on Mon Apr 10 14:47:12 CST 2017.
    -->
    delete from TB_PRODUCT_MEALS
    where ID = #{id,jdbcType=DECIMAL}
  </delete>
  <insert id="insert" parameterType="com.spring.scenic.product.domain.ProductMeals" >
    <!--
      WARNING - @mbggenerated
      This element is automatically generated by MyBatis Generator, do not modify.
      This element was generated on Mon Apr 10 14:47:12 CST 2017.
    -->
    insert into TB_PRODUCT_MEALS (ID, PRODUCT_ID, MEALS_NAME, 
      MEALS_CODE, VALID, CREATE_USER, 
      CREATE_TIME, UPDATE_USER, UPDATE_TIME
      )
    values (seq_tb_product_meals.nextval, #{productId,jdbcType=DECIMAL}, #{mealsName,jdbcType=VARCHAR}, 
      #{mealsCode,jdbcType=VARCHAR}, #{valid,jdbcType=DECIMAL}, #{createUser,jdbcType=DECIMAL}, 
      #{createTime,jdbcType=TIMESTAMP}, #{updateUser,jdbcType=DECIMAL}, #{updateTime,jdbcType=TIMESTAMP}
      )
  </insert>
  <insert id="insertSelective" parameterType="com.spring.scenic.product.domain.ProductMeals" >
    <!--
      WARNING - @mbggenerated
      This element is automatically generated by MyBatis Generator, do not modify.
      This element was generated on Mon Apr 10 14:47:12 CST 2017.
    -->
    insert into TB_PRODUCT_MEALS
    <trim prefix="(" suffix=")" suffixOverrides="," >
      <if test="id != null" >
        ID,
      </if>
      <if test="productId != null" >
        PRODUCT_ID,
      </if>
      <if test="mealsName != null" >
        MEALS_NAME,
      </if>
      <if test="mealsCode != null" >
        MEALS_CODE,
      </if>
      <if test="valid != null" >
        VALID,
      </if>
      <if test="createUser != null" >
        CREATE_USER,
      </if>
      <if test="createTime != null" >
        CREATE_TIME,
      </if>
      <if test="updateUser != null" >
        UPDATE_USER,
      </if>
      <if test="updateTime != null" >
        UPDATE_TIME,
      </if>
    </trim>
    <trim prefix="values (" suffix=")" suffixOverrides="," >
      <if test="id != null" >
        #{id,jdbcType=DECIMAL},
      </if>
      <if test="productId != null" >
        #{productId,jdbcType=DECIMAL},
      </if>
      <if test="mealsName != null" >
        #{mealsName,jdbcType=VARCHAR},
      </if>
      <if test="mealsCode != null" >
        #{mealsCode,jdbcType=VARCHAR},
      </if>
      <if test="valid != null" >
        #{valid,jdbcType=DECIMAL},
      </if>
      <if test="createUser != null" >
        #{createUser,jdbcType=DECIMAL},
      </if>
      <if test="createTime != null" >
        #{createTime,jdbcType=TIMESTAMP},
      </if>
      <if test="updateUser != null" >
        #{updateUser,jdbcType=DECIMAL},
      </if>
      <if test="updateTime != null" >
        #{updateTime,jdbcType=TIMESTAMP},
      </if>
    </trim>
  </insert>
  <update id="updateByPrimaryKeySelective" parameterType="com.spring.scenic.product.domain.ProductMeals" >
    <!--
      WARNING - @mbggenerated
      This element is automatically generated by MyBatis Generator, do not modify.
      This element was generated on Mon Apr 10 14:47:12 CST 2017.
    -->
    update TB_PRODUCT_MEALS
    <set >
      <if test="productId != null" >
        PRODUCT_ID = #{productId,jdbcType=DECIMAL},
      </if>
      <if test="mealsName != null" >
        MEALS_NAME = #{mealsName,jdbcType=VARCHAR},
      </if>
      <if test="mealsCode != null" >
        MEALS_CODE = #{mealsCode,jdbcType=VARCHAR},
      </if>
      <if test="valid != null" >
        VALID = #{valid,jdbcType=DECIMAL},
      </if>
      <if test="createUser != null" >
        CREATE_USER = #{createUser,jdbcType=DECIMAL},
      </if>
      <if test="createTime != null" >
        CREATE_TIME = #{createTime,jdbcType=TIMESTAMP},
      </if>
      <if test="updateUser != null" >
        UPDATE_USER = #{updateUser,jdbcType=DECIMAL},
      </if>
      <if test="updateTime != null" >
        UPDATE_TIME = #{updateTime,jdbcType=TIMESTAMP},
      </if>
    </set>
    where ID = #{id,jdbcType=DECIMAL}
  </update>
  <update id="updateByPrimaryKey" parameterType="com.spring.scenic.product.domain.ProductMeals" >
    <!--
      WARNING - @mbggenerated
      This element is automatically generated by MyBatis Generator, do not modify.
      This element was generated on Mon Apr 10 14:47:12 CST 2017.
    -->
    update TB_PRODUCT_MEALS
    set PRODUCT_ID = #{productId,jdbcType=DECIMAL},
      MEALS_NAME = #{mealsName,jdbcType=VARCHAR},
      MEALS_CODE = #{mealsCode,jdbcType=VARCHAR},
      VALID = #{valid,jdbcType=DECIMAL},
      CREATE_USER = #{createUser,jdbcType=DECIMAL},
      CREATE_TIME = #{createTime,jdbcType=TIMESTAMP},
      UPDATE_USER = #{updateUser,jdbcType=DECIMAL},
      UPDATE_TIME = #{updateTime,jdbcType=TIMESTAMP}
    where ID = #{id,jdbcType=DECIMAL}
  </update>
</mapper>