<?xml version="1.0" encoding="UTF-8" ?>
<!DOCTYPE mapper PUBLIC "-//mybatis.org//DTD Mapper 3.0//EN" "http://mybatis.org/dtd/mybatis-3-mapper.dtd" >
<mapper namespace="com.spring.scenic.product.infrastructure.ProductStockMapper">
	<resultMap id="BaseResultMap" type="com.spring.scenic.product.domain.ProductStock">
		<!-- WARNING - @mbggenerated This element is automatically generated by 
			MyBatis Generator, do not modify. This element was generated on Mon Apr 10 
			14:47:12 CST 2017. -->
		<id column="ID" property="id" jdbcType="DECIMAL" />
		<result column="PRODUCT_TYPE" property="productType" jdbcType="DECIMAL" />
		<result column="MEALS_ID" property="mealsId" jdbcType="DECIMAL" />
		<result column="PLAY_DAY" property="playDay" jdbcType="TIMESTAMP" />
		<result column="PRICE" property="price" jdbcType="DECIMAL" />
		<result column="ADULT_PRICE" property="adultPrice" jdbcType="DECIMAL" />
		<result column="CHILD_PRICE" property="childPrice" jdbcType="DECIMAL" />
		<result column="SINGLE_ROOM_PRICE" property="singleRoomPrice"
			jdbcType="DECIMAL" />
		<result column="TOTAL_NUM" property="totalNum" jdbcType="DECIMAL" />
		<result column="SALE_NUM" property="saleNum" jdbcType="DECIMAL" />
		<result column="CREATE_USER" property="createUser" jdbcType="DECIMAL" />
		<result column="CREATE_TIME" property="createTime" jdbcType="TIMESTAMP" />
		<result column="UPDATE_USER" property="updateUser" jdbcType="DECIMAL" />
		<result column="UPDATE_TIME" property="updateTime" jdbcType="TIMESTAMP" />
	</resultMap>
	<sql id="Base_Column_List">
		<!-- WARNING - @mbggenerated This element is automatically generated by 
			MyBatis Generator, do not modify. This element was generated on Mon Apr 10 
			14:47:12 CST 2017. -->
		ID, PRODUCT_TYPE, MEALS_ID, PLAY_DAY, PRICE, ADULT_PRICE, CHILD_PRICE,
		SINGLE_ROOM_PRICE,
		TOTAL_NUM, SALE_NUM, CREATE_USER, CREATE_TIME, UPDATE_USER, UPDATE_TIME
	</sql>
	<select id="selectByPrimaryKey" resultMap="BaseResultMap"
		parameterType="java.lang.Integer">
		<!-- WARNING - @mbggenerated This element is automatically generated by 
			MyBatis Generator, do not modify. This element was generated on Mon Apr 10 
			14:47:12 CST 2017. -->
		select
		<include refid="Base_Column_List" />
		from TB_PRODUCT_STOCK
		where ID = #{id,jdbcType=DECIMAL}
	</select>
	<select id="selectByPrimaryParam" resultMap="BaseResultMap"
		parameterType="com.spring.scenic.product.domain.ProductStock">
		select
		<include refid="Base_Column_List" />
		from TB_PRODUCT_STOCK
		where meals_Id = #{mealsId,jdbcType=DECIMAL} and play_Day = #{playDay,jdbcType=TIMESTAMP} 
	</select>
	<select id="selectMonthAll" resultMap="BaseResultMap"
		parameterType="com.spring.scenic.product.domain.ProductStock">
		select ID,
                    PRODUCT_TYPE,
                    MEALS_ID,
                    s_date PLAY_DAY,
                    PRICE,
                    ADULT_PRICE,
                    CHILD_PRICE,
                    SINGLE_ROOM_PRICE,
                    TOTAL_NUM,
                    SALE_NUM,
                    CREATE_USER,
                    CREATE_TIME,
                    UPDATE_USER,
                    UPDATE_TIME
  from (select to_date(to_char(#{playDay,jdbcType=TIMESTAMP},'YYYY-MM'), 'yyyy-mm') + (rownum - 1) s_date
          from dual
        connect by rownum &lt;= last_day(to_date(to_char(#{playDay,jdbcType=TIMESTAMP},'YYYY-MM'), 'yyyy-mm')) -
                   to_date(to_char(#{playDay,jdbcType=TIMESTAMP},'YYYY-MM'), 'yyyy-mm') + 1) A
  LEFT JOIN (select ID,
                    PRODUCT_TYPE,
                    MEALS_ID,
                    PLAY_DAY,
                    PRICE,
                    ADULT_PRICE,
                    CHILD_PRICE,
                    SINGLE_ROOM_PRICE,
                    TOTAL_NUM,
                    SALE_NUM,
                    CREATE_USER,
                    CREATE_TIME,
                    UPDATE_USER,
                    UPDATE_TIME
               from TB_PRODUCT_STOCK
              where meals_id = #{mealsId,jdbcType=DECIMAL}   
                and to_char(play_day, 'YYYY-MM') = to_char(#{playDay,jdbcType=TIMESTAMP},'YYYY-MM')) B
    ON A.S_DATE = B.PLAY_DAY
 ORDER BY S_DATE
	</select>
	<select id="selectList" resultMap="BaseResultMap"
		parameterType="com.spring.scenic.product.domain.vo.ProductStockVo">
		select
		<include refid="Base_Column_List" />
		from TB_PRODUCT_STOCK
		where meals_id = #{mealsId,jdbcType=DECIMAL}   
		<if test="createStartTime != null and createEndTime != null">
			and play_day between #{createStartTime,jdbcType=TIMESTAMP} and #{createEndTime,jdbcType=TIMESTAMP}
		</if> 
	</select>
	<delete id="deleteByPrimaryKey" parameterType="java.lang.Integer">
		<!-- WARNING - @mbggenerated This element is automatically generated by 
			MyBatis Generator, do not modify. This element was generated on Mon Apr 10 
			14:47:12 CST 2017. -->
		delete from TB_PRODUCT_STOCK
		where ID = #{id,jdbcType=DECIMAL}
	</delete>
	<insert id="insert" parameterType="com.spring.scenic.product.domain.ProductStock">
		<!-- WARNING - @mbggenerated This element is automatically generated by 
			MyBatis Generator, do not modify. This element was generated on Mon Apr 10 
			14:47:12 CST 2017. -->
		insert into TB_PRODUCT_STOCK (ID, PRODUCT_TYPE, MEALS_ID,
		PLAY_DAY, PRICE, ADULT_PRICE,
		CHILD_PRICE, SINGLE_ROOM_PRICE, TOTAL_NUM,
		SALE_NUM, CREATE_USER, CREATE_TIME,
		UPDATE_USER, UPDATE_TIME)
		values (seq_TB_PRODUCT_STOCK.nextval, #{productType,jdbcType=DECIMAL},
		#{mealsId,jdbcType=DECIMAL},
		#{playDay,jdbcType=TIMESTAMP}, #{price,jdbcType=DECIMAL}, #{adultPrice,jdbcType=DECIMAL},
		#{childPrice,jdbcType=DECIMAL}, #{singleRoomPrice,jdbcType=DECIMAL},
		#{totalNum,jdbcType=DECIMAL},
		#{saleNum,jdbcType=DECIMAL}, #{createUser,jdbcType=DECIMAL}, #{createTime,jdbcType=TIMESTAMP},
		#{updateUser,jdbcType=DECIMAL}, #{updateTime,jdbcType=TIMESTAMP})
	</insert>
	<insert id="insertSelective" parameterType="com.spring.scenic.product.domain.ProductStock">
		<!-- WARNING - @mbggenerated This element is automatically generated by 
			MyBatis Generator, do not modify. This element was generated on Mon Apr 10 
			14:47:12 CST 2017. -->
		insert into TB_PRODUCT_STOCK
		<trim prefix="(" suffix=")" suffixOverrides=",">
			<if test="id != null">
				ID,
			</if>
			<if test="productType != null">
				PRODUCT_TYPE,
			</if>
			<if test="mealsId != null">
				MEALS_ID,
			</if>
			<if test="playDay != null">
				PLAY_DAY,
			</if>
			<if test="price != null">
				PRICE,
			</if>
			<if test="adultPrice != null">
				ADULT_PRICE,
			</if>
			<if test="childPrice != null">
				CHILD_PRICE,
			</if>
			<if test="singleRoomPrice != null">
				SINGLE_ROOM_PRICE,
			</if>
			<if test="totalNum != null">
				TOTAL_NUM,
			</if>
			<if test="saleNum != null">
				SALE_NUM,
			</if>
			<if test="createUser != null">
				CREATE_USER,
			</if>
			<if test="createTime != null">
				CREATE_TIME,
			</if>
			<if test="updateUser != null">
				UPDATE_USER,
			</if>
			<if test="updateTime != null">
				UPDATE_TIME,
			</if>
		</trim>
		<trim prefix="values (" suffix=")" suffixOverrides=",">
			<if test="id != null">
				#{id,jdbcType=DECIMAL},
			</if>
			<if test="productType != null">
				#{productType,jdbcType=DECIMAL},
			</if>
			<if test="mealsId != null">
				#{mealsId,jdbcType=DECIMAL},
			</if>
			<if test="playDay != null">
				#{playDay,jdbcType=TIMESTAMP},
			</if>
			<if test="price != null">
				#{price,jdbcType=DECIMAL},
			</if>
			<if test="adultPrice != null">
				#{adultPrice,jdbcType=DECIMAL},
			</if>
			<if test="childPrice != null">
				#{childPrice,jdbcType=DECIMAL},
			</if>
			<if test="singleRoomPrice != null">
				#{singleRoomPrice,jdbcType=DECIMAL},
			</if>
			<if test="totalNum != null">
				#{totalNum,jdbcType=DECIMAL},
			</if>
			<if test="saleNum != null">
				#{saleNum,jdbcType=DECIMAL},
			</if>
			<if test="createUser != null">
				#{createUser,jdbcType=DECIMAL},
			</if>
			<if test="createTime != null">
				#{createTime,jdbcType=TIMESTAMP},
			</if>
			<if test="updateUser != null">
				#{updateUser,jdbcType=DECIMAL},
			</if>
			<if test="updateTime != null">
				#{updateTime,jdbcType=TIMESTAMP},
			</if>
		</trim>
	</insert>
	<update id="updateByPrimaryKeySelective" parameterType="com.spring.scenic.product.domain.ProductStock">
		<!-- WARNING - @mbggenerated This element is automatically generated by 
			MyBatis Generator, do not modify. This element was generated on Mon Apr 10 
			14:47:12 CST 2017. -->
		update TB_PRODUCT_STOCK
		<set>
			<if test="productType != null">
				PRODUCT_TYPE = #{productType,jdbcType=DECIMAL},
			</if>
			<if test="mealsId != null">
				MEALS_ID = #{mealsId,jdbcType=DECIMAL},
			</if>
			<if test="playDay != null">
				PLAY_DAY = #{playDay,jdbcType=TIMESTAMP},
			</if>
			<if test="price != null">
				PRICE = #{price,jdbcType=DECIMAL},
			</if>
			<if test="adultPrice != null">
				ADULT_PRICE = #{adultPrice,jdbcType=DECIMAL},
			</if>
			<if test="childPrice != null">
				CHILD_PRICE = #{childPrice,jdbcType=DECIMAL},
			</if>
			<if test="singleRoomPrice != null">
				SINGLE_ROOM_PRICE = #{singleRoomPrice,jdbcType=DECIMAL},
			</if>
			<if test="totalNum != null">
				TOTAL_NUM = #{totalNum,jdbcType=DECIMAL},
			</if>
			<if test="saleNum != null">
				SALE_NUM = #{saleNum,jdbcType=DECIMAL},
			</if>
			<if test="createUser != null">
				CREATE_USER = #{createUser,jdbcType=DECIMAL},
			</if>
			<if test="createTime != null">
				CREATE_TIME = #{createTime,jdbcType=TIMESTAMP},
			</if>
			<if test="updateUser != null">
				UPDATE_USER = #{updateUser,jdbcType=DECIMAL},
			</if>
			<if test="updateTime != null">
				UPDATE_TIME = #{updateTime,jdbcType=TIMESTAMP},
			</if>
		</set>
		where ID = #{id,jdbcType=DECIMAL}
	</update>
	<update id="updateByPrimaryKey" parameterType="com.spring.scenic.product.domain.ProductStock">
		<!-- WARNING - @mbggenerated This element is automatically generated by 
			MyBatis Generator, do not modify. This element was generated on Mon Apr 10 
			14:47:12 CST 2017. -->
		update TB_PRODUCT_STOCK
		set PRODUCT_TYPE = #{productType,jdbcType=DECIMAL},
		MEALS_ID = #{mealsId,jdbcType=DECIMAL},
		PLAY_DAY = #{playDay,jdbcType=TIMESTAMP},
		PRICE = #{price,jdbcType=DECIMAL},
		ADULT_PRICE = #{adultPrice,jdbcType=DECIMAL},
		CHILD_PRICE = #{childPrice,jdbcType=DECIMAL},
		SINGLE_ROOM_PRICE = #{singleRoomPrice,jdbcType=DECIMAL},
		TOTAL_NUM = #{totalNum,jdbcType=DECIMAL},
		SALE_NUM = #{saleNum,jdbcType=DECIMAL},
		CREATE_USER = #{createUser,jdbcType=DECIMAL},
		CREATE_TIME = #{createTime,jdbcType=TIMESTAMP},
		UPDATE_USER = #{updateUser,jdbcType=DECIMAL},
		UPDATE_TIME = #{updateTime,jdbcType=TIMESTAMP}
		where ID = #{id,jdbcType=DECIMAL}
	</update>
	<update id="batchUpdate" parameterType = "java.util.List">
   	   <foreach collection="list" item="item" index="index" separator=";" open="begin" close=";end;" >
				update TB_PRODUCT_STOCK 
				<set>
				  	<if test="item.price != null">
					PRICE = ${item.price},
					</if>
					<if test="item.adultPrice != null">
						ADULT_PRICE = ${item.adultPrice},
					</if>
					<if test="item.childPrice != null">
						CHILD_PRICE = ${item.childPrice},
					</if>
					<if test="item.singleRoomPrice != null">
						SINGLE_ROOM_PRICE = ${item.singleRoomPrice},
					</if>
					<if test="item.totalNum != null">
						TOTAL_NUM = ${item.totalNum},
					</if>
						update_time = sysdate
				</set>
				where id = ${item.id} and update_user =  ${item.updateUser}
	   </foreach>
  </update>
</mapper>