<?xml version="1.0" encoding="UTF-8" ?>
<!DOCTYPE mapper PUBLIC "-//mybatis.org//DTD Mapper 3.0//EN" "http://mybatis.org/dtd/mybatis-3-mapper.dtd" >
<mapper namespace="com.spring.scenic.member.infrastructure.MemberDocumentMapper" >
  <resultMap id="BaseResultMap" type="com.spring.scenic.member.domain.MemberDocument" >
    <id column="ID" property="id" jdbcType="DECIMAL" />
    <result column="FK_ID" property="fkId" jdbcType="DECIMAL" />
    <result column="TYPE" property="type" jdbcType="DECIMAL" />
    <result column="DOCUMENT_TYPE" property="documentType" jdbcType="DECIMAL" />
    <result column="DOCUMENT_NO" property="documentNo" jdbcType="VARCHAR" />
    <result column="DOCUMENTEXPIREDATE" property="documentexpiredate" jdbcType="TIMESTAMP" />
    <result column="VALID" property="valid" jdbcType="DECIMAL" />
    <result column="GUID" property="guid" jdbcType="VARCHAR" />
    <result column="CREATE_TIME" property="createTime" jdbcType="TIMESTAMP" />
    <result column="CREATE_USER" property="createUser" jdbcType="DECIMAL" />
    <result column="UPDATE_TIME" property="updateTime" jdbcType="TIMESTAMP" />
    <result column="UPDATE_USER" property="updateUser" jdbcType="DECIMAL" />
    <result column="DOCUMENT_NAME" property="documentName" jdbcType="VARCHAR" />
  </resultMap>
  
  <!-- 证件信息 -->
  <sql id="Base_Column_List" >
    A.ID, A.FK_ID,A.TYPE, A.DOCUMENT_TYPE, A.DOCUMENT_NO, A.DOCUMENTEXPIREDATE, A.VALID, 
    A.GUID, A.CREATE_TIME, A.CREATE_USER, A.UPDATE_TIME, A.UPDATE_USER
  </sql>
  
  <!-- 证件名 -->
  <sql id="Base_DOCUMENT_NAME" >
   B.NAME DOCUMENT_NAME
  </sql>
  
  <select id="selectByPrimaryKey" resultMap="BaseResultMap" parameterType="java.lang.Integer" >
    select 
    <include refid="Base_Column_List" />
    from TB_MEMBER_DOCUMENT A
    where A.ID = #{id,jdbcType=DECIMAL}
  </select>
  
  <delete id="deleteByPrimaryKey" parameterType="java.lang.Integer" >
    delete from TB_MEMBER_DOCUMENT
    where ID = #{id,jdbcType=DECIMAL}
  </delete>
  
  <insert id="insert" parameterType="com.spring.scenic.member.domain.MemberDocument" >
    insert into TB_MEMBER_DOCUMENT (ID, FK_ID,TYPE, DOCUMENT_TYPE, 
      DOCUMENT_NO, DOCUMENTEXPIREDATE, VALID, 
      GUID, CREATE_TIME, 
      CREATE_USER, UPDATE_TIME, UPDATE_USER
      )
    values (#{id,jdbcType=DECIMAL}, #{fkId,jdbcType=DECIMAL}, #{type,jdbcType=DECIMAL}, #{documentType,jdbcType=DECIMAL}, 
      #{documentNo,jdbcType=VARCHAR}, #{documentexpiredate,jdbcType=TIMESTAMP}, #{valid,jdbcType=DECIMAL}, 
      #{passengerId,jdbcType=DECIMAL}, #{guid,jdbcType=VARCHAR}, #{createTime,jdbcType=TIMESTAMP}, 
      #{createUser,jdbcType=DECIMAL}, #{updateTime,jdbcType=TIMESTAMP}, #{updateUser,jdbcType=DECIMAL}
      )
  </insert>
  
  <insert id="addMemberDocumenInfo" parameterType="com.spring.scenic.member.domain.MemberDocument" >
   <selectKey keyProperty="id" order="BEFORE" resultType="java.lang.Integer">
		select SEQ_TB_MEMBER_DOCUMENT.nextval from dual
	</selectKey>
    insert into TB_MEMBER_DOCUMENT
    <trim prefix="(" suffix=")" suffixOverrides="," >
      <if test="id != null" >
        ID,
      </if>
      <if test="fkId != null" >
        FK_ID,
      </if>
      <if test="type != null" >
        TYPE,
      </if>
      <if test="documentType != null" >
        DOCUMENT_TYPE,
      </if>
      <if test="documentNo != null" >
        DOCUMENT_NO,
      </if>
      <if test="documentexpiredate != null" >
        DOCUMENTEXPIREDATE,
      </if>
      <if test="valid != null" >
        VALID,
      </if>
      <if test="guid != null" >
        GUID,
      </if>
      <if test="createTime != null" >
        CREATE_TIME,
      </if>
      <if test="createUser != null" >
        CREATE_USER,
      </if>
      <if test="updateTime != null" >
        UPDATE_TIME,
      </if>
      <if test="updateUser != null" >
        UPDATE_USER,
      </if>
    </trim>
    <trim prefix="values (" suffix=")" suffixOverrides="," >
      <if test="id != null" >
        #{id,jdbcType=DECIMAL},
      </if>
      <if test="fkId != null" >
        #{fkId,jdbcType=DECIMAL},
      </if>
      <if test="type != null" >
        #{type,jdbcType=DECIMAL},
      </if>
      <if test="documentType != null" >
        #{documentType,jdbcType=DECIMAL},
      </if>
      <if test="documentNo != null" >
        #{documentNo,jdbcType=VARCHAR},
      </if>
      <if test="documentexpiredate != null" >
        #{documentexpiredate,jdbcType=TIMESTAMP},
      </if>
      <if test="valid != null" >
        #{valid,jdbcType=DECIMAL},
      </if>
      <if test="guid != null" >
        #{guid,jdbcType=VARCHAR},
      </if>
      <if test="createTime != null" >
        #{createTime,jdbcType=TIMESTAMP},
      </if>
      <if test="createUser != null" >
        #{createUser,jdbcType=DECIMAL},
      </if>
      <if test="updateTime != null" >
        #{updateTime,jdbcType=TIMESTAMP},
      </if>
      <if test="updateUser != null" >
        #{updateUser,jdbcType=DECIMAL},
      </if>
    </trim>
  </insert>
  
  <update id="updateByPrimaryKeySelective" parameterType="com.spring.scenic.member.domain.MemberDocument" >
    update TB_MEMBER_DOCUMENT
    <set >
      <if test="fkId != null" >
        FK_ID = #{fkId,jdbcType=DECIMAL},
      </if>
      <if test="type != null" >
        TYPE = #{type,jdbcType=DECIMAL},
      </if>
      <if test="documentType != null" >
        DOCUMENT_TYPE = #{documentType,jdbcType=DECIMAL},
      </if>
      <if test="documentNo != null" >
        DOCUMENT_NO = #{documentNo,jdbcType=VARCHAR},
      </if>
      <if test="documentexpiredate != null" >
        DOCUMENTEXPIREDATE = #{documentexpiredate,jdbcType=TIMESTAMP},
      </if>
      <if test="valid != null" >
        VALID = #{valid,jdbcType=DECIMAL},
      </if>
      <if test="guid != null" >
        GUID = #{guid,jdbcType=VARCHAR},
      </if>
      <if test="createTime != null" >
        CREATE_TIME = #{createTime,jdbcType=TIMESTAMP},
      </if>
      <if test="createUser != null" >
        CREATE_USER = #{createUser,jdbcType=DECIMAL},
      </if>
      <if test="updateTime != null" >
        UPDATE_TIME = #{updateTime,jdbcType=TIMESTAMP},
      </if>
      <if test="updateUser != null" >
        UPDATE_USER = #{updateUser,jdbcType=DECIMAL},
      </if>
    </set>
    where ID = #{id,jdbcType=DECIMAL}
  </update>
  
  <update id="updateByPrimaryKey" parameterType="com.spring.scenic.member.domain.MemberDocument" >
    update TB_MEMBER_DOCUMENT
    set FK_ID = #{fkId,jdbcType=DECIMAL},
      TYPE = #{type,jdbcType=DECIMAL},
      DOCUMENT_TYPE = #{documentType,jdbcType=DECIMAL},
      DOCUMENT_NO = #{documentNo,jdbcType=VARCHAR},
      DOCUMENTEXPIREDATE = #{documentexpiredate,jdbcType=TIMESTAMP},
      VALID = #{valid,jdbcType=DECIMAL},
      GUID = #{guid,jdbcType=VARCHAR},
      CREATE_TIME = #{createTime,jdbcType=TIMESTAMP},
      CREATE_USER = #{createUser,jdbcType=DECIMAL},
      UPDATE_TIME = #{updateTime,jdbcType=TIMESTAMP},
      UPDATE_USER = #{updateUser,jdbcType=DECIMAL}
    where ID = #{id,jdbcType=DECIMAL}
  </update>
  
  <select id="selectMemberDocumentList" resultMap="BaseResultMap">
		select
 		<include refid="Base_Column_List" />
 		,
 		<include refid="Base_DOCUMENT_NAME" />
	    from TB_MEMBER_DOCUMENT A
	    left join (
		    	   SELECT D.VALUE,D.NAME
	               FROM TB_DICTIONARY C
	               LEFT JOIN TB_DICTIONARY D
	               ON C.ID = D.PARENT_ID
	               WHERE C.CODE = 'CREDENTIALS_TYPE') B
	    on A.DOCUMENT_TYPE = B.VALUE
		where A.type = 2 
		<if test="list !=null  and list !='' ">  
			or A.FK_ID in
		    <foreach collection="list" index="index" item="item" open="(" separator="," close=")">
	       		#{item}
	   	    </foreach>
	   	</if>
	   	order by A.UPDATE_TIME desc
	</select>
	
	<select id="selectCommonTripManDocumentList" parameterType="java.lang.Integer" resultMap="BaseResultMap">
		select
 		<include refid="Base_Column_List" />
 		,
 		<include refid="Base_DOCUMENT_NAME" />
	    from TB_MEMBER_DOCUMENT A
	    left join (
		    	   SELECT D.VALUE,D.NAME
	               FROM TB_DICTIONARY C
	               LEFT JOIN TB_DICTIONARY D
	               ON C.ID = D.PARENT_ID
	               WHERE C.CODE = 'CREDENTIALS_TYPE') B
	    on A.DOCUMENT_TYPE = B.VALUE
		where A.TYPE = 2 
		and   A.FK_ID = #{fkId,jdbcType=DECIMAL}
		order by A.UPDATE_TIME desc
	</select>
	
	<select id="selectCommonTripManDocument1"  resultMap="BaseResultMap">
	    select
 		<include refid="Base_Column_List" />
	    from (select  B.ID,
			       	  B.FK_ID,
			          B.TYPE,
			          B.DOCUMENT_TYPE,
			          B.DOCUMENT_NO,
			          B.DOCUMENTEXPIREDATE,
			          B.VALID,
			          B.GUID,
			          B.CREATE_TIME,
			          B.CREATE_USER,
			          B.UPDATE_TIME,
			          B.UPDATE_USER 
			    from  TB_MEMBER_DOCUMENT B 
	   		    where B.type = 2 
		  	    and   B.FK_ID = #{fkId,jdbcType=DECIMAL} 
		  	    order by B.CREATE_TIME desc
		  	 ) A
		  	 where <![CDATA[rownum = 1  ]]>
	</select>
	
	<select id="selectCommonTripManDocument"  resultMap="BaseResultMap">
	    select 
 		<include refid="Base_Column_List" />
 		,
 		<include refid="Base_DOCUMENT_NAME" />
	    from TB_MEMBER_DOCUMENT A
	    left join (
		    	   SELECT D.VALUE,D.NAME
	               FROM TB_DICTIONARY C
	               LEFT JOIN TB_DICTIONARY D
	               ON C.ID = D.PARENT_ID
	               WHERE C.CODE = 'CREDENTIALS_TYPE') B
	    on A.DOCUMENT_TYPE = B.VALUE
	    where A.type = 2 
  	    and   A.FK_ID = #{fkId,jdbcType=DECIMAL} 
		AND <![CDATA[rownum = 1  ]]>
  	    order by A.CREATE_TIME desc
	</select>
  
  <insert id="addPassengerDocumentInfo" parameterType="java.util.List" >
    insert into TB_MEMBER_DOCUMENT (
    		ID,
    		FK_ID,
    		TYPE,
    		DOCUMENT_TYPE,
    		DOCUMENT_NO,
    		DOCUMENTEXPIREDATE,
    		VALID,
    		GUID,
    		CREATE_TIME,
    		CREATE_USER,
    		UPDATE_TIME,
    		UPDATE_USER
    )
    	SELECT seq_tb_member_document.NEXTVAL, A.* FROM(
	    	<foreach collection="list" item="item" index="index" separator="union all" >
			
			SELECT 
			<if test="item.fkId!=null">
				#{item.fkId},
			</if>
			<if test="item.fkId==null">
				null fkId,
			</if>
			<if test="item.type!=null">
				#{item.type},
			</if>
			<if test="item.type==null">
				null type,
			</if>
			<if test="item.documentType!=null">
				#{item.documentType},
			</if>
			<if test="item.documentType==null">
				null documentType,
			</if>
			<if test="item.documentNo!=null">
				#{item.documentNo},
			</if>
			<if test="item.documentNo==null">
				null documentNo,
			</if>
			<if test="item.documentexpiredate!=null">
				#{item.documentexpiredate},
			</if>
			<if test="item.documentexpiredate==null">
				null documentexpiredate,
			</if>
			<if test="item.valid!=null">
				#{item.valid},
			</if>
			<if test="item.valid==null">
				null valid,
			</if>
			<if test="item.guid!=null">
				#{item.guid},
			</if>
			<if test="item.guid==null">
				null guid,
			</if>
			<if test="item.createTime!=null">
				#{item.createTime},
			</if>
			<if test="item.createTime==null">
				null createTime,
			</if>
			<if test="item.createUser!=null">
				#{item.createUser},
			</if>
			<if test="item.createUser==null">
				null createUser,
			</if>
			<if test="item.updateTime!=null">
				#{item.updateTime},
			</if>
			<if test="item.updateTime==null">
				null updateTime,
			</if>
			<if test="item.updateUser!=null">
				#{item.updateUser}
			</if>
			<if test="item.updateUser==null">
				null updateUser
			</if>
			 FROM dual
			</foreach>
		)A
  </insert>
  
  <select id="queryDocumentByCommonPassengerId" resultMap="BaseResultMap" >
  	  select 
    <include refid="Base_Column_List" />
    from TB_MEMBER_DOCUMENT A
    where A.FK_ID = #{id,jdbcType=DECIMAL} and A.type = #{type,jdbcType=DECIMAL}
  </select>
  
  <delete id="deleteByPassageId">
  	  delete from TB_MEMBER_DOCUMENT
    where FK_ID = #{fkId,jdbcType=DECIMAL} and type = #{type,jdbcType=DECIMAL}
  </delete>
  
  <delete id="deleteDocumentByMemberDetail" parameterType="com.spring.scenic.member.domain.MemberDetailInfo" >
  	  delete from TB_MEMBER_DOCUMENT where FK_ID = #{id,jdbcType=DECIMAL}
  </delete>
  
  <delete id="deleteDocumentByParam" parameterType="com.spring.scenic.member.domain.MemberDocument" >
  	  delete from TB_MEMBER_DOCUMENT where FK_ID = #{id,jdbcType=DECIMAL} and TYPE = #{type,jdbcType=DECIMAL}
  </delete>
  
  
</mapper>