<?xml version="1.0" encoding="UTF-8" ?>
<!DOCTYPE mapper PUBLIC "-//mybatis.org//DTD Mapper 3.0//EN" "http://mybatis.org/dtd/mybatis-3-mapper.dtd" >
<mapper namespace="com.spring.scenic.member.infrastructure.MemberMsgMapper" >
  <resultMap id="BaseResultMap" type="com.spring.scenic.member.domain.MemberMsg" >
    <id column="ID" property="id" jdbcType="DECIMAL" />
    <result column="MEMBER_ID" property="memberId" jdbcType="DECIMAL" />
    <result column="MSG_TYPE" property="msgType" jdbcType="DECIMAL" />
    <result column="MSG_TITLE" property="msgTitle" jdbcType="VARCHAR" />
    <result column="MSG_STATUS" property="msgStatus" jdbcType="DECIMAL" />
    <result column="BUSINESS_ID" property="businessId" jdbcType="DECIMAL" />
    <result column="CREATE_TIME" property="createTime" jdbcType="TIMESTAMP" />
    <result column="CREATE_USER" property="createUser" jdbcType="DECIMAL" />
    <result column="NOWTIME" property="nowTime" jdbcType="VARCHAR" />
  </resultMap>
  
  <resultMap id="ResultMapWithBLOBs" type="com.spring.scenic.member.domain.MemberMsg" extends="BaseResultMap" >
    <result column="MSG_CONTENT" property="msgContent" jdbcType="CLOB" />
  </resultMap>
  
  <sql id="Base_Column_List" >
    ID, MEMBER_ID, MSG_TYPE, MSG_TITLE, MSG_STATUS, BUSINESS_ID, MSG_CONTENT, CREATE_TIME, CREATE_USER
  </sql>
  
  <sql id="Blob_Column_List" >
    MSG_CONTENT
  </sql>
  
  <resultMap id="SystemNoticeResultMap" type="com.spring.scenic.member.domain.MemberMsg" >
    <id column="ID" property="id" jdbcType="DECIMAL" />
    <result column="MEMBER_ID" property="memberId" jdbcType="DECIMAL" />
    <result column="MSG_TYPE" property="msgType" jdbcType="DECIMAL" />
    <result column="MSG_TITLE" property="msgTitle" jdbcType="VARCHAR" />
    <result column="MSG_STATUS" property="msgStatus" jdbcType="DECIMAL" />
    <result column="BUSINESS_ID" property="businessId" jdbcType="DECIMAL" />
    <result column="CREATE_TIME" property="createTime" jdbcType="TIMESTAMP" />
    <result column="CREATE_USER" property="createUser" jdbcType="DECIMAL" />
    <result column="NOWTIME" property="nowTime" jdbcType="VARCHAR" />
    <result column="MSG_CONTENT" property="msgContent" jdbcType="CLOB" />
  </resultMap>
  
  <select id="selectMemberMsg" resultMap="BaseResultMap" parameterType="java.lang.Integer" >
   select 
    <include refid="Base_Column_List" />
    from TB_MEMBER_MSG
    where MEMBER_ID = #{memberId,jdbcType=DECIMAL}
    order by CREATE_TIME desc 
  </select>
  
  <!-- 查询会员收到的系统通知列表 -->
  <select id="selectSystemNoticeList" resultMap="SystemNoticeResultMap" parameterType="java.lang.Integer" >
   select 
    ID,MSG_TYPE,MSG_TITLE,MSG_STATUS,MSG_CONTENT,
    to_char(ROUND(TO_NUMBER(sysdate - to_date(to_char(CREATE_TIME,'yyyy-MM-dd HH24:mi:ss'),'YYYY-MM-DD hh24:mi:ss')) * 24 * 60)) NOWTIME
    from TB_MEMBER_MSG
    where MEMBER_ID = #{memberId,jdbcType=DECIMAL}
    order by CREATE_TIME desc
  </select>
  
  <select id="selectSystemNoticeDetail" resultMap="SystemNoticeResultMap" parameterType="java.lang.Integer" >
    select 
    <include refid="Base_Column_List" />
    from TB_MEMBER_MSG
    where ID = #{id,jdbcType=DECIMAL}
  </select>
  
  <select id="selectByPrimaryKey" resultMap="ResultMapWithBLOBs" parameterType="java.lang.Integer" >
    select 
    <include refid="Base_Column_List" />
    ,
    <include refid="Blob_Column_List" />
    from TB_MEMBER_MSG
    where ID = #{id,jdbcType=DECIMAL}
  </select>
  
  <delete id="deleteByPrimaryKey" parameterType="java.lang.Integer" >
    delete from TB_MEMBER_MSG
    where ID = #{id,jdbcType=DECIMAL}
  </delete>
  
  <insert id="insert" parameterType="com.spring.scenic.member.domain.MemberMsg" >
    insert into TB_MEMBER_MSG (ID, MEMBER_ID, MSG_TYPE, 
      MSG_TITLE, MSG_STATUS, BUSINESS_ID, 
      CREATE_TIME, CREATE_USER, MSG_CONTENT
      )
    values (#{id,jdbcType=DECIMAL}, #{memberId,jdbcType=DECIMAL}, #{msgType,jdbcType=DECIMAL}, 
      #{msgTitle,jdbcType=VARCHAR}, #{msgStatus,jdbcType=DECIMAL}, #{businessId,jdbcType=DECIMAL}, 
      #{createTime,jdbcType=TIMESTAMP}, #{createUser,jdbcType=DECIMAL}, #{msgContent,jdbcType=CLOB}
      )
  </insert>
  
  <insert id="addMemberMsg" parameterType="com.spring.scenic.member.domain.MemberMsg" >
    <selectKey keyProperty="id" order="BEFORE" resultType="java.lang.Integer">
		select SEQ_TB_MEMBER_MSG.nextval from dual
	</selectKey>
    insert into TB_MEMBER_MSG
    <trim prefix="(" suffix=")" suffixOverrides="," >
      <if test="id != null" >
        ID,
      </if>
      <if test="memberId != null" >
        MEMBER_ID,
      </if>
      <if test="msgType != null" >
        MSG_TYPE,
      </if>
      <if test="msgTitle != null" >
        MSG_TITLE,
      </if>
      <if test="msgStatus != null" >
        MSG_STATUS,
      </if>
      <if test="businessId != null" >
        BUSINESS_ID,
      </if>
      <if test="createTime != null" >
        CREATE_TIME,
      </if>
      <if test="createUser != null" >
        CREATE_USER,
      </if>
      <if test="msgContent != null" >
        MSG_CONTENT,
      </if>
    </trim>
    <trim prefix="values (" suffix=")" suffixOverrides="," >
      <if test="id != null" >
        #{id,jdbcType=DECIMAL},
      </if>
      <if test="memberId != null" >
        #{memberId,jdbcType=DECIMAL},
      </if>
      <if test="msgType != null" >
        #{msgType,jdbcType=DECIMAL},
      </if>
      <if test="msgTitle != null" >
        #{msgTitle,jdbcType=VARCHAR},
      </if>
      <if test="msgStatus != null" >
        #{msgStatus,jdbcType=DECIMAL},
      </if>
      <if test="businessId != null" >
        #{businessId,jdbcType=DECIMAL},
      </if>
      <if test="createTime != null" >
        #{createTime,jdbcType=TIMESTAMP},
      </if>
      <if test="createUser != null" >
        #{createUser,jdbcType=DECIMAL},
      </if>
      <if test="msgContent != null" >
        #{msgContent,jdbcType=CLOB},
      </if>
    </trim>
  </insert>
  
  <update id="updateByPrimaryKeySelective" parameterType="com.spring.scenic.member.domain.MemberMsg" >
    update TB_MEMBER_MSG
    <set >
      <if test="memberId != null" >
        MEMBER_ID = #{memberId,jdbcType=DECIMAL},
      </if>
      <if test="msgType != null" >
        MSG_TYPE = #{msgType,jdbcType=DECIMAL},
      </if>
      <if test="msgTitle != null" >
        MSG_TITLE = #{msgTitle,jdbcType=VARCHAR},
      </if>
      <if test="msgStatus != null" >
        MSG_STATUS = #{msgStatus,jdbcType=DECIMAL},
      </if>
      <if test="businessId != null" >
        BUSINESS_ID = #{businessId,jdbcType=DECIMAL},
      </if>
      <if test="createTime != null" >
        CREATE_TIME = #{createTime,jdbcType=TIMESTAMP},
      </if>
      <if test="createUser != null" >
        CREATE_USER = #{createUser,jdbcType=DECIMAL},
      </if>
      <if test="msgContent != null" >
        MSG_CONTENT = #{msgContent,jdbcType=CLOB},
      </if>
    </set>
    where ID = #{id,jdbcType=DECIMAL}
  </update>
  
  <update id="updateByPrimaryKeyWithBLOBs" parameterType="com.spring.scenic.member.domain.MemberMsg" >
    update TB_MEMBER_MSG
    set MEMBER_ID = #{memberId,jdbcType=DECIMAL},
      MSG_TYPE = #{msgType,jdbcType=DECIMAL},
      MSG_TITLE = #{msgTitle,jdbcType=VARCHAR},
      MSG_STATUS = #{msgStatus,jdbcType=DECIMAL},
      BUSINESS_ID = #{businessId,jdbcType=DECIMAL},
      CREATE_TIME = #{createTime,jdbcType=TIMESTAMP},
      CREATE_USER = #{createUser,jdbcType=DECIMAL},
      MSG_CONTENT = #{msgContent,jdbcType=CLOB}
    where ID = #{id,jdbcType=DECIMAL}
  </update>
  
  <update id="updateByPrimaryKey" parameterType="com.spring.scenic.member.domain.MemberMsg" >
    update TB_MEMBER_MSG
    set MEMBER_ID = #{memberId,jdbcType=DECIMAL},
      MSG_TYPE = #{msgType,jdbcType=DECIMAL},
      MSG_TITLE = #{msgTitle,jdbcType=VARCHAR},
      MSG_STATUS = #{msgStatus,jdbcType=DECIMAL},
      BUSINESS_ID = #{businessId,jdbcType=DECIMAL},
      CREATE_TIME = #{createTime,jdbcType=TIMESTAMP},
      CREATE_USER = #{createUser,jdbcType=DECIMAL}
    where ID = #{id,jdbcType=DECIMAL}
  </update>
  
   <!-- 批量删除系统消息 -->
  <delete id="deleteMemberSysMsgByBatch" parameterType="java.util.List">
    delete from TB_MEMBER_MSG
    where ID in  
       <foreach collection="list" item="id" separator="," open="(" close=")">
            #{id,jdbcType=DECIMAL}
       </foreach>
  </delete>
  
</mapper>