<?xml version="1.0" encoding="UTF-8" ?>
<!DOCTYPE mapper PUBLIC "-//mybatis.org//DTD Mapper 3.0//EN" "http://mybatis.org/dtd/mybatis-3-mapper.dtd" >
<mapper namespace="com.spring.scenic.member.infrastructure.MemberDetailInfoMapper" >
  <resultMap id="BaseResultMap" type="com.spring.scenic.member.domain.MemberDetailInfo" >
    <!--
      WARNING - @mbggenerated
      This element is automatically generated by MyBatis Generator, do not modify.
      This element was generated on Mon Jan 02 14:12:38 CST 2017.
    -->
    <id column="ID" property="id" jdbcType="DECIMAL" />
    <result column="FK_ID" property="fkId" jdbcType="DECIMAL" />
    <result column="TYPE" property="type" jdbcType="DECIMAL" />
    <result column="NAME_CH" property="nameCh" jdbcType="VARCHAR" />
    <result column="NAME_CH_PIN" property="nameChPin" jdbcType="VARCHAR" />
    <result column="NAME_EN_F" property="nameEnF" jdbcType="VARCHAR" />
    <result column="NAME_EN_S" property="nameEnS" jdbcType="VARCHAR" />
    <result column="SEX" property="sex" jdbcType="DECIMAL" />
    <result column="NATIONALITY" property="nationality" jdbcType="DECIMAL" />
    <result column="BIRTHDAY" property="birthday" jdbcType="TIMESTAMP" />
    <result column="PHONE_CH" property="phoneCh" jdbcType="VARCHAR" />
    <result column="PHONE_OVERSEAS" property="phoneOverseas" jdbcType="VARCHAR" />
    <result column="FIX_TEL_AREA" property="fixTelArea" jdbcType="VARCHAR" />
    <result column="FIX_TEL" property="fixTel" jdbcType="VARCHAR" />
    <result column="FIX_TEL_EXTENSION" property="fixTelExtension" jdbcType="VARCHAR" />
    <result column="MAIL" property="mail" jdbcType="VARCHAR" />
    <result column="COUNTRY_ID" property="countryId" jdbcType="DECIMAL" />
    <result column="PROVINCE_ID" property="provinceId" jdbcType="DECIMAL" />
    <result column="CITY_ID" property="cityId" jdbcType="DECIMAL" />
    <result column="IS_SELF" property="isSelf" jdbcType="DECIMAL" />
    <result column="PASSENGER_TYPE" property="passengerType" jdbcType="DECIMAL" />
    <result column="CREATE_TIME" property="createTime" jdbcType="TIMESTAMP" />
    <result column="CREATE_USER" property="createUser" jdbcType="DECIMAL" />
    <result column="UPDATE_TIME" property="updateTime" jdbcType="TIMESTAMP" />
    <result column="UPDATE_USER" property="updateUser" jdbcType="DECIMAL" />
    <result column="NATIONALITY_NAME" property="nationalityName" jdbcType="VARCHAR" />
  </resultMap>
  
  <!-- 会员详情信息 -->
  <sql id="Base_Column_List_Detail" >
    A.ID, A.FK_ID, A.TYPE, A.NAME_CH, A.NAME_CH_PIN, A.NAME_EN_F, A.NAME_EN_S, A.SEX, A.NATIONALITY, A.BIRTHDAY, 
    A.PHONE_CH, A.PHONE_OVERSEAS, A.FIX_TEL_AREA, A.FIX_TEL, A.FIX_TEL_EXTENSION, A.MAIL, A.COUNTRY_ID, 
    A.PROVINCE_ID, A.CITY_ID, A.IS_SELF, A.PASSENGER_TYPE, A.CREATE_TIME, A.CREATE_USER, A.UPDATE_TIME, A.UPDATE_USER
  </sql>
  
  <!-- 国籍信息 -->
  <sql id="Base_Column_NATIONALITY" >
  	B.NAME NATIONALITY_NAME
  </sql>
  
  <select id="selectByPrimaryKey" resultMap="BaseResultMap" parameterType="java.lang.Integer" >
    select 
    <include refid="Base_Column_List_Detail" />
    from TB_MEMBER_DETAIL_INFO A
    where A.ID = #{id,jdbcType=DECIMAL}
  </select>
  
  <delete id="deleteByPrimaryKey" parameterType="java.lang.Integer" >
    delete from TB_MEMBER_DETAIL_INFO
    where ID = #{id,jdbcType=DECIMAL}
  </delete>
  
  <insert id="insert" parameterType="com.spring.scenic.member.domain.MemberDetailInfo" >
  	<selectKey keyProperty="id" order="BEFORE" resultType="java.lang.Integer">
		select seq_tb_member_detail_info.nextval from dual
	</selectKey>
    insert into TB_MEMBER_DETAIL_INFO (ID, FK_ID, TYPE, 
      NAME_CH, NAME_CH_PIN, NAME_EN_F, 
      NAME_EN_S, SEX, NATIONALITY, 
      BIRTHDAY, PHONE_CH, PHONE_OVERSEAS, 
      FIX_TEL_AREA, FIX_TEL, FIX_TEL_EXTENSION, 
      MAIL, COUNTRY_ID, PROVINCE_ID, 
      CITY_ID, IS_SELF, PASSENGER_TYPE, CREATE_TIME, CREATE_USER, 
      UPDATE_TIME, UPDATE_USER)
    values (#{id,jdbcType=DECIMAL}, #{fkId,jdbcType=DECIMAL}, #{type,jdbcType=DECIMAL}, 
      #{nameCh,jdbcType=VARCHAR}, #{nameChPin,jdbcType=VARCHAR}, #{nameEnF,jdbcType=VARCHAR}, 
      #{nameEnS,jdbcType=VARCHAR}, #{sex,jdbcType=DECIMAL}, #{nationality,jdbcType=DECIMAL}, 
      #{birthday,jdbcType=TIMESTAMP}, #{phoneCh,jdbcType=VARCHAR}, #{phoneOverseas,jdbcType=VARCHAR}, 
      #{fixTelArea,jdbcType=VARCHAR}, #{fixTel,jdbcType=VARCHAR}, #{fixTelExtension,jdbcType=VARCHAR}, 
      #{mail,jdbcType=VARCHAR}, #{countryId,jdbcType=DECIMAL}, #{provinceId,jdbcType=DECIMAL}, 
      #{cityId,jdbcType=DECIMAL}, #{createTime,jdbcType=TIMESTAMP}, #{createUser,jdbcType=DECIMAL}, 
      #{updateTime,jdbcType=TIMESTAMP}, #{updateUser,jdbcType=DECIMAL})
  </insert>
  
  <insert id="addMemberDetailInfo" parameterType="com.spring.scenic.member.domain.MemberDetailInfo" >
  	<selectKey keyProperty="id" order="BEFORE" resultType="java.lang.Integer">
		select seq_tb_member_detail_info.nextval from dual
	</selectKey>
    insert into TB_MEMBER_DETAIL_INFO
    <trim prefix="(" suffix=")" suffixOverrides="," >
      <if test="id != null" >
        ID,
      </if>
      <if test="fkId != null" >
        FK_ID,
      </if>
      <if test="type != null" >
        TYPE,
      </if>
      <if test="nameCh != null" >
        NAME_CH,
      </if>
      <if test="nameChPin != null" >
        NAME_CH_PIN,
      </if>
      <if test="nameEnF != null" >
        NAME_EN_F,
      </if>
      <if test="nameEnS != null" >
        NAME_EN_S,
      </if>
      <if test="sex != null" >
        SEX,
      </if>
      <if test="nationality != null" >
        NATIONALITY,
      </if>
      <if test="birthday != null" >
        BIRTHDAY,
      </if>
      <if test="phoneCh != null" >
        PHONE_CH,
      </if>
      <if test="phoneOverseas != null" >
        PHONE_OVERSEAS,
      </if>
      <if test="fixTelArea != null" >
        FIX_TEL_AREA,
      </if>
      <if test="fixTel != null" >
        FIX_TEL,
      </if>
      <if test="fixTelExtension != null" >
        FIX_TEL_EXTENSION,
      </if>
      <if test="mail != null" >
        MAIL,
      </if>
      <if test="countryId != null" >
        COUNTRY_ID,
      </if>
      <if test="provinceId != null" >
        PROVINCE_ID,
      </if>
      <if test="cityId != null" >
        CITY_ID,
      </if>
      <if test="isSelf != null" >
        IS_SELF,
      </if>
      <if test="passengerType != null" >
        PASSENGER_TYPE,
      </if>   
      <if test="createTime != null" >
        CREATE_TIME,
      </if>
      <if test="createUser != null" >
        CREATE_USER,
      </if>
      <if test="updateTime != null" >
        UPDATE_TIME,
      </if>
      <if test="updateUser != null" >
        UPDATE_USER,
      </if>
    </trim>
    <trim prefix="values (" suffix=")" suffixOverrides="," >
      <if test="id != null" >
        #{id,jdbcType=DECIMAL},
      </if>
      <if test="fkId != null" >
        #{fkId,jdbcType=DECIMAL},
      </if>
      <if test="type != null" >
        #{type,jdbcType=DECIMAL},
      </if>
      <if test="nameCh != null" >
        #{nameCh,jdbcType=VARCHAR},
      </if>
      <if test="nameChPin != null" >
        #{nameChPin,jdbcType=VARCHAR},
      </if>
      <if test="nameEnF != null" >
        #{nameEnF,jdbcType=VARCHAR},
      </if>
      <if test="nameEnS != null" >
        #{nameEnS,jdbcType=VARCHAR},
      </if>
      <if test="sex != null" >
        #{sex,jdbcType=DECIMAL},
      </if>
      <if test="nationality != null" >
        #{nationality,jdbcType=DECIMAL},
      </if>
      <if test="birthday != null" >
        #{birthday,jdbcType=TIMESTAMP},
      </if>
      <if test="phoneCh != null" >
        #{phoneCh,jdbcType=VARCHAR},
      </if>
      <if test="phoneOverseas != null" >
        #{phoneOverseas,jdbcType=VARCHAR},
      </if>
      <if test="fixTelArea != null" >
        #{fixTelArea,jdbcType=VARCHAR},
      </if>
      <if test="fixTel != null" >
        #{fixTel,jdbcType=VARCHAR},
      </if>
      <if test="fixTelExtension != null" >
        #{fixTelExtension,jdbcType=VARCHAR},
      </if>
      <if test="mail != null" >
        #{mail,jdbcType=VARCHAR},
      </if>
      <if test="countryId != null" >
        #{countryId,jdbcType=DECIMAL},
      </if>
      <if test="provinceId != null" >
        #{provinceId,jdbcType=DECIMAL},
      </if>
      <if test="cityId != null" >
        #{cityId,jdbcType=DECIMAL},
      </if>
      <if test="isSelf != null" >
        #{isSelf,jdbcType=DECIMAL},
      </if>
      <if test="passengerType != null" >
        #{passengerType,jdbcType=DECIMAL},
      </if>   
      <if test="createTime != null" >
        #{createTime,jdbcType=TIMESTAMP},
      </if>
      <if test="createUser != null" >
        #{createUser,jdbcType=DECIMAL},
      </if>
      <if test="updateTime != null" >
        #{updateTime,jdbcType=TIMESTAMP},
      </if>
      <if test="updateUser != null" >
        #{updateUser,jdbcType=DECIMAL},
      </if>
    </trim>
  </insert>
  <update id="updateByPrimaryKeySelective" parameterType="com.spring.scenic.member.domain.MemberDetailInfo" >
    update TB_MEMBER_DETAIL_INFO
    <set >
      
        NAME_CH = #{nameCh,jdbcType=VARCHAR},
        SEX = #{sex,jdbcType=DECIMAL},
        BIRTHDAY = #{birthday,jdbcType=TIMESTAMP},
        PHONE_CH = #{phoneCh,jdbcType=VARCHAR},
        FIX_TEL_AREA = #{fixTelArea,jdbcType=VARCHAR},
        FIX_TEL = #{fixTel,jdbcType=VARCHAR},
        FIX_TEL_EXTENSION = #{fixTelExtension,jdbcType=VARCHAR},
        MAIL = #{mail,jdbcType=VARCHAR},
        COUNTRY_ID = #{countryId,jdbcType=DECIMAL},
        PROVINCE_ID = #{provinceId,jdbcType=DECIMAL},
        CITY_ID = #{cityId,jdbcType=DECIMAL},
        IS_SELF = #{isSelf,jdbcType=DECIMAL},
        PASSENGER_TYPE = #{passengerType,jdbcType=DECIMAL},
        UPDATE_TIME = #{updateTime,jdbcType=TIMESTAMP},
        UPDATE_USER = #{updateUser,jdbcType=DECIMAL},
    </set>
    where ID = #{id,jdbcType=DECIMAL}
  </update>
  <update id="updateByPrimaryKey" parameterType="com.spring.scenic.member.domain.MemberDetailInfo" >
    update TB_MEMBER_DETAIL_INFO
    set FK_ID = #{fkId,jdbcType=DECIMAL},
      TYPE = #{type,jdbcType=DECIMAL},
      NAME_CH = #{nameCh,jdbcType=VARCHAR},
      NAME_CH_PIN = #{nameChPin,jdbcType=VARCHAR},
      NAME_EN_F = #{nameEnF,jdbcType=VARCHAR},
      NAME_EN_S = #{nameEnS,jdbcType=VARCHAR},
      SEX = #{sex,jdbcType=DECIMAL},
      NATIONALITY = #{nationality,jdbcType=DECIMAL},
      BIRTHDAY = #{birthday,jdbcType=TIMESTAMP},
      PHONE_CH = #{phoneCh,jdbcType=VARCHAR},
      PHONE_OVERSEAS = #{phoneOverseas,jdbcType=VARCHAR},
      FIX_TEL_AREA = #{fixTelArea,jdbcType=VARCHAR},
      FIX_TEL = #{fixTel,jdbcType=VARCHAR},
      FIX_TEL_EXTENSION = #{fixTelExtension,jdbcType=VARCHAR},
      MAIL = #{mail,jdbcType=VARCHAR},
      COUNTRY_ID = #{countryId,jdbcType=DECIMAL},
      PROVINCE_ID = #{provinceId,jdbcType=DECIMAL},
      CITY_ID = #{cityId,jdbcType=DECIMAL},
      IS_SELF = #{isSelf,jdbcType=DECIMAL},
      PASSENGER_TYPE = #{passengerType,jdbcType=DECIMAL},
      CREATE_TIME = #{createTime,jdbcType=TIMESTAMP},
      CREATE_USER = #{createUser,jdbcType=DECIMAL},
      UPDATE_TIME = #{updateTime,jdbcType=TIMESTAMP},
      UPDATE_USER = #{updateUser,jdbcType=DECIMAL}
    where ID = #{id,jdbcType=DECIMAL}
  </update>
  
  <select id="selectCommonTripManList" resultMap="BaseResultMap">
  	  select 
    <include refid="Base_Column_List_Detail" />
    ,
    <include refid="Base_Column_NATIONALITY" />
    from TB_MEMBER_DETAIL_INFO A
    left join TB_COUNTRY B
    on B.ID = A.NATIONALITY
    where 1=2
	<if test="fkId !=null  and fkId !='' ">
		or A.FK_ID = #{fkId}
	</if>
	<if test="type !=null  and type !='' ">
		and A.TYPE = #{type}
	</if>
	<![CDATA[
		order by A.IS_SELF desc,A.UPDATE_TIME desc
	]]>
  </select>
  
  <select id="selectCommonTripMan" resultMap="BaseResultMap">
  	  select 
    <include refid="Base_Column_List_Detail" />
    ,
    <include refid="Base_Column_NATIONALITY" />
    from TB_MEMBER_DETAIL_INFO A
    left join TB_COUNTRY B
    on B.ID = A.NATIONALITY
    where A.ID = #{id,jdbcType=DECIMAL}
  </select>
  
  <select id="queryCommonTripMan" resultMap="BaseResultMap">
	  	  select 
	    <include refid="Base_Column_List_Detail" />
	    from TB_MEMBER_DETAIL_INFO A
	    where 1=2
		<if test="fkId !=null  and fkId !='' ">
			or A.FK_ID = #{fkId}
		</if>
		<if test="type !=null  and type !='' ">
			and A.TYPE = #{type}
		</if>
  </select>
  
  <select id="selectCountByPhone" resultType="java.lang.Integer">
  	select count(1) from TB_MEMBER_DETAIL_INFO where PHONE_CH = #{phone}
  </select>
  
  <select id="getMemberDetailInfoByPhone" resultMap="BaseResultMap" parameterType="java.lang.String">
    select 
    <include refid="Base_Column_List_Detail" />
    from TB_MEMBER_DETAIL_INFO A
    where A.PHONE_CH = #{phone} and A.TYPE = 1
  </select>
  
    <select id="selectByFkId" resultMap="BaseResultMap" parameterType="java.lang.Integer" >
    select 
    <include refid="Base_Column_List_Detail" />
    from TB_MEMBER_DETAIL_INFO A
    where  A.type=1
 	and  A.FK_ID = #{fkId,jdbcType=DECIMAL}
  </select>
  
  <!-- 更新常旅客为非会员本人状态 -->
  <update id="updateIsSelfStatus" parameterType="java.lang.Integer">
    update TB_MEMBER_DETAIL_INFO
    set    IS_SELF = 0
    where  FK_ID = #{memberId,jdbcType=DECIMAL}
    and    type = 2
    and	   IS_SELF = 1
  </update>
  
  <!-- 查询手机号是否已被使用 -->
  <select id="selectPhoneIsBand" parameterType="com.spring.scenic.member.domain.MemberDetailInfo" resultType="java.lang.Integer">
		select count(1) 
		from   TB_MEMBER_DETAIL_INFO
		where  PHONE_CH=#{phoneCh,jdbcType=VARCHAR} 
		<if test="fkId != null" >
		and FK_ID != #{fkId,jdbcType=DECIMAL}
	 	</if>
	 	and TYPE = #{type,jdbcType=DECIMAL}  
	</select>
  
</mapper>