<?xml version="1.0" encoding="UTF-8" ?>
<!DOCTYPE mapper PUBLIC "-//mybatis.org//DTD Mapper 3.0//EN" "http://mybatis.org/dtd/mybatis-3-mapper.dtd" >
<mapper namespace="com.spring.scenic.member.infrastructure.MemberBasicMapper" >
  <resultMap id="BaseResultMapMemberList" type="com.spring.scenic.member.domain.MemberBasic" >
    <id column="ID" property="id" jdbcType="DECIMAL" />
    <result column="MEMBER_ACCOUNT" property="memberAccount" jdbcType="VARCHAR" />
    <result column="PASSWORD" property="password" jdbcType="VARCHAR" />
    <result column="IMAGE_URL" property="imageUrl" jdbcType="VARCHAR" />
    <result column="CAREER_TYPE" property="careerType" jdbcType="DECIMAL" />
    <result column="EDUCATE_TYPE" property="educateType" jdbcType="DECIMAL" />
    <result column="ACTIVATED_FLG" property="activatedFlg" jdbcType="DECIMAL" />
    <result column="MEMBER_FROM" property="memberFrom" jdbcType="VARCHAR" />
    <result column="VALID" property="valid" jdbcType="DECIMAL" />
    <result column="LOGIN_TIME" property="loginTime" jdbcType="TIMESTAMP" />
    <result column="LOGIN_FROM" property="loginFrom" jdbcType="DECIMAL" />
    <result column="LAST_LOGIN_TIME" property="lastLoginTime" jdbcType="TIMESTAMP" />
    <result column="LOGIN_IP" property="loginIp" jdbcType="VARCHAR" />
    <result column="GUID" property="guid" jdbcType="VARCHAR" />
    <result column="MEMBER_LEVEL" property="memberLevel" jdbcType="VARCHAR" />
    <result column="ACTIVITY_DEGREE" property="activityDegree" jdbcType="VARCHAR" />
    <result column="GROWTH_VALUE" property="growthValue" jdbcType="DECIMAL" />
    <result column="GROWTH_DATE" property="growthDate" jdbcType="TIMESTAMP" />
    <result column="CREATE_USER" property="createUser" jdbcType="DECIMAL" />
    <result column="CREATE_TIME" property="createTime" jdbcType="TIMESTAMP" />
    <result column="UPDATE_USER" property="updateUser" jdbcType="DECIMAL" />
    <result column="RECEIVE_COMMENT" property="receiveComment" jdbcType="DECIMAL" />
    <result column="RECEIVE_PRASIE" property="receivePrasie" jdbcType="DECIMAL" />
    <result column="RECEIVE_COMMENT_START" property="receiveCommentStart" jdbcType="TIMESTAMP" />
    <result column="RECEIVE_PRASIE_START" property="receivePrasieStart" jdbcType="TIMESTAMP" />
    <result column="RECEIVE_COMMENT" property="receiveComment" jdbcType="DECIMAL" />
    <result column="RECEIVE_COMMENT_START" property="receiveCommentStart" jdbcType="TIMESTAMP" />
    <result column="RECEIVE_PRASIE" property="receivePrasie" jdbcType="DECIMAL" />
    <result column="RECEIVE_PRASIE_START" property="receivePrasieStart" jdbcType="TIMESTAMP" />
    <result column="COUNTRY_NAME" property="countryName" jdbcType="VARCHAR" />
    <result column="PROVINCE_NAME" property="provinceName" jdbcType="VARCHAR" />
    <result column="CITY_NAME" property="cityName" jdbcType="VARCHAR" />
  </resultMap>
  
  <!-- 带会员详情 -->
  <resultMap id="BaseResultMapMemberDetail" type="com.spring.scenic.member.domain.MemberBasic" extends="BaseResultMapMemberList" >
    <association property="memberDetail" javaType="com.spring.scenic.member.domain.MemberDetailInfo">
		<id column="DETAIL_ID" property="id" jdbcType="DECIMAL" />
		<!-- <result column="ID" property="id" jdbcType="DECIMAL" /> -->
		<result column="FK_ID" property="fkId" jdbcType="DECIMAL" />
		<result column="TYPE" property="type" jdbcType="DECIMAL" />
	    <result column="NAME_CH" property="nameCh" jdbcType="VARCHAR" />
	    <result column="NAME_CH_PIN" property="nameChPin" jdbcType="VARCHAR" />
	    <result column="NAME_EN_F" property="nameEnF" jdbcType="VARCHAR" />
        <result column="NAME_EN_S" property="nameEnS" jdbcType="VARCHAR" />
	    <result column="SEX" property="sex" jdbcType="DECIMAL" />
	    <result column="BIRTHDAY" property="birthday" jdbcType="TIMESTAMP" />
	    <result column="PHONE_CH" property="phoneCh" jdbcType="VARCHAR" />
	    <result column="FIX_TEL_AREA" property="fixTelArea" jdbcType="VARCHAR" />
	    <result column="FIX_TEL" property="fixTel" jdbcType="VARCHAR" />
	    <result column="FIX_TEL_EXTENSION" property="fixTelExtension" jdbcType="VARCHAR" />
	    <result column="COUNTRY_ID" property="countryId" jdbcType="DECIMAL" />
	    <result column="PROVINCE_ID" property="provinceId" jdbcType="DECIMAL" />
	    <result column="CITY_ID" property="cityId" jdbcType="DECIMAL" />
	    <result column="MAIL" property="mail" jdbcType="VARCHAR" />
    </association>
  </resultMap>
  
  <!-- 带共享账号详情 -->
    <resultMap id="BaseResultSharedAccountDetail" type="com.spring.scenic.member.domain.MemberBasic" extends="BaseResultMapMemberDetail">
	<collection property="memberSharedAccountList" column="ID" ofType="com.spring.scenic.member.domain.MemberSharedAccount" 
		select="com.spring.scenic.member.infrastructure.MemberSharedAccountMapper.getMemberSharedAccountList">  
	</collection>
  	</resultMap>
  	<!-- select = "getMemberSharedAccountList"> -->
  	<resultMap id="BaseResultSharedAccountInfo" type="com.spring.scenic.member.domain.MemberSharedAccount" >
		<result column="ACCOUNT_TYPE" property="accountType"/>
		<result column="ACCOUNT_NUM" property="accountNum"/>
    </resultMap>
  
  <sql id="BaseColumnListMemberBasic" >
    M.ID, M.MEMBER_ACCOUNT, M.PASSWORD, M.IMAGE_URL, M.CAREER_TYPE, M.EDUCATE_TYPE, M.ACTIVATED_FLG, 
    M.MEMBER_FROM, M.VALID, M.LOGIN_TIME, M.LOGIN_FROM, M.LAST_LOGIN_TIME, M.LOGIN_IP, M.GUID, M.MEMBER_LEVEL, 
    M.ACTIVITY_DEGREE, M.GROWTH_VALUE, M.GROWTH_DATE, M.CREATE_USER, M.CREATE_TIME, M.UPDATE_USER, 
    M.UPDATE_TIME,M.RECEIVE_COMMENT,M.RECEIVE_COMMENT_START,M.RECEIVE_PRASIE,M.RECEIVE_PRASIE_START
  </sql>
  
  <sql id="BaseColumnListMemberDetail" >
    N.ID DETAIL_ID,N.FK_ID,N.NAME_CH,N.PHONE_CH,N.TYPE,N.NAME_CH_PIN,N.NAME_EN_F,N.NAME_EN_S,
    N.SEX,N.BIRTHDAY,N.FIX_TEL_AREA,N.FIX_TEL,N.FIX_TEL_EXTENSION,N.COUNTRY_ID,N.PROVINCE_ID,N.CITY_ID,N.MAIL
  </sql>
  
  <!-- 带国家名称 -->
   <sql id="BaseColumnCountryName" >
   	A.NAME COUNTRY_NAME
   </sql>
  
  <!-- 带省份名称 -->
   <sql id="BaseColumnProvinceName" >
   	B.NAME PROVINCE_NAME
   </sql>
  
  <!-- 带城市名称 -->
   <sql id="BaseColumnCityName" >
   	O.NAME CITY_NAME
   </sql>
  
  
  <!-- <sql id="BaseColumnListMemberSharedAccount" >
    S.ACCOUNT_TYPE,S.ACCOUNT_NUM
  </sql> -->
  
 <!--  <select id="getMemberSharedAccountList" parameterType="java.lang.Integer" resultMap="BaseResultSharedAccountInfo">
    select <include refid="BaseColumnListMemberSharedAccount" /> from TB_MEMBER_SHARED_ACCOUNT S where MEMBER_ID = #{id}
  </select> -->
  
  <!-- 查询会员信息列表 -->
  <select id="getMemberList" parameterType="com.spring.scenic.member.domain.MemberBasic"
  resultMap="BaseResultSharedAccountDetail">
  	select
   <include refid="BaseColumnListMemberBasic" />
   ,
   <include refid="BaseColumnListMemberDetail" />
    from TB_MEMBER_BASIC M
    left join TB_MEMBER_DETAIL_INFO N
    on N.FK_ID = M.ID
    where N.TYPE = #{type}
     <if test="id!=null and id!=0">
		AND M.ID = #{id}
	</if>
	<if test="memberAccount!=null and memberAccount!=''">
	AND M.MEMBER_ACCOUNT LIKE '%'||TRIM(#{memberAccount})||'%'
	</if>
	<if test="activatedFlg!=null">
		AND M.ACTIVATED_FLG = #{activatedFlg}
	</if>
	<if test="nameCh!= null and nameCh !=''">
	AND N.NAME_CH LIKE '%'||TRIM(#{nameCh})||'%'
	</if>
	<if test="memberFrom!=null and memberFrom!=''">
	AND M.ID in (select D.member_id from Tb_Member_Shared_Account D where D.member_id=M.ID and D.account_type = #{memberFrom})
	</if>
	<if test="phoneCh!=null and phoneCh!=''">
	AND N.PHONE_CH LIKE '%'||TRIM(#{phoneCh})||'%'
	</if>
		ORDER BY M.CREATE_TIME desc
  </select>
  
  <!-- 查询会员基本信息 -->
  <select id="getMemberDetailInfo" parameterType="com.spring.scenic.member.domain.MemberBasic"
  resultMap="BaseResultSharedAccountDetail">
  	select
   <include refid="BaseColumnListMemberDetail" />
    from TB_MEMBER_BASIC M
    left join TB_MEMBER_DETAIL_INFO N
    on N.FK_ID = M.ID
    where N.TYPE = #{type}
     <if test="id!=null and id!=0">
		AND M.ID = #{id}
	</if>
  </select>
  
  <select id="selectByPrimaryKey" resultMap="BaseResultMapMemberList" parameterType="java.lang.Integer" >
    select 
    <include refid="BaseColumnListMemberBasic" />
    from TB_MEMBER_BASIC M
    where M.ID = #{id,jdbcType=DECIMAL}
  </select>
  
  <delete id="deleteByPrimaryKey" parameterType="java.lang.Integer" >
    delete from TB_MEMBER_BASIC
    where ID = #{id,jdbcType=DECIMAL}
  </delete>
  
  <insert id="insert" parameterType="com.spring.scenic.member.domain.MemberBasic" >
    insert into TB_MEMBER_BASIC (ID, MEMBER_ACCOUNT, PASSWORD, 
      IMAGE_URL, CAREER_TYPE, EDUCATE_TYPE, 
      ACTIVATED_FLG, MEMBER_FROM, VALID, 
      LOGIN_TIME, LOGIN_FROM, LAST_LOGIN_TIME, 
      LOGIN_IP, GUID, MEMBER_LEVEL, 
      ACTIVITY_DEGREE, GROWTH_VALUE, GROWTH_DATE, 
      CREATE_USER, CREATE_TIME, UPDATE_USER, 
      UPDATE_TIME,RECEIVE_COMMENT,RECEIVE_COMMENT_START,RECEIVE_PRASIE,RECEIVE_PRASIE_START)
    values (#{id,jdbcType=DECIMAL}, #{memberAccount,jdbcType=VARCHAR}, #{password,jdbcType=VARCHAR}, 
      #{imageUrl,jdbcType=VARCHAR}, #{careerType,jdbcType=DECIMAL}, #{educateType,jdbcType=DECIMAL}, 
      #{activatedFlg,jdbcType=DECIMAL}, #{memberFrom,jdbcType=VARCHAR}, #{valid,jdbcType=DECIMAL}, 
      #{loginTime,jdbcType=TIMESTAMP}, #{loginFrom,jdbcType=DECIMAL}, #{lastLoginTime,jdbcType=TIMESTAMP}, 
      #{loginIp,jdbcType=VARCHAR}, #{guid,jdbcType=VARCHAR}, #{memberLevel,jdbcType=VARCHAR}, 
      #{activityDegree,jdbcType=VARCHAR}, #{growthValue,jdbcType=DECIMAL}, #{growthDate,jdbcType=TIMESTAMP}, 
      #{createUser,jdbcType=DECIMAL}, #{createTime,jdbcType=TIMESTAMP}, #{updateUser,jdbcType=DECIMAL}, 
      #{updateTime,jdbcType=TIMESTAMP},#{receiveComment,jdbcType=DECIMAL}, #{receiveCommentStart,jdbcType=TIMESTAMP}, 
      #{receivePrasie,jdbcType=DECIMAL}, #{receivePrasieStart,jdbcType=TIMESTAMP})
  </insert>
  <insert id="addMemberBasicInfo" parameterType="com.spring.scenic.member.domain.MemberBasic" >
    <selectKey keyProperty="id" order="BEFORE" resultType="java.lang.Integer">
		select SEQ_TB_MEMBER_BASIC.nextval from dual
	</selectKey>
    insert into TB_MEMBER_BASIC
    <trim prefix="(" suffix=")" suffixOverrides="," >
      <if test="id != null" >
        ID,
      </if>
      <if test="memberAccount != null" >
        MEMBER_ACCOUNT,
      </if>
      <if test="password != null" >
        PASSWORD,
      </if>
      <if test="imageUrl != null" >
        IMAGE_URL,
      </if>
      <if test="careerType != null" >
        CAREER_TYPE,
      </if>
      <if test="educateType != null" >
        EDUCATE_TYPE,
      </if>
      <if test="activatedFlg != null" >
        ACTIVATED_FLG,
      </if>
      <if test="memberFrom != null" >
        MEMBER_FROM,
      </if>
      <if test="valid != null" >
        VALID,
      </if>
      <if test="loginTime != null" >
        LOGIN_TIME,
      </if>
      <if test="loginFrom != null" >
        LOGIN_FROM,
      </if>
      <if test="lastLoginTime != null" >
        LAST_LOGIN_TIME,
      </if>
      <if test="loginIp != null" >
        LOGIN_IP,
      </if>
      <if test="guid != null" >
        GUID,
      </if>
      <if test="memberLevel != null" >
        MEMBER_LEVEL,
      </if>
      <if test="activityDegree != null" >
        ACTIVITY_DEGREE,
      </if>
      <if test="growthValue != null" >
        GROWTH_VALUE,
      </if>
      <if test="growthDate != null" >
        GROWTH_DATE,
      </if>
      <if test="createUser != null" >
        CREATE_USER,
      </if>
      <if test="createTime != null" >
        CREATE_TIME,
      </if>
      <if test="updateUser != null" >
        UPDATE_USER,
      </if>
      <if test="updateTime != null" >
        UPDATE_TIME,
      </if>
      <if test="receivePrasie != null" >
        RECEIVE_PRASIE,
      </if>
      <if test="receivePrasieStart != null" >
        RECEIVE_PRASIE_START,
      </if>
      <if test="receiveComment != null" >
        RECEIVE_COMMENT,
      </if>
      <if test="receiveCommentStart != null" >
        RECEIVE_COMMENT_START
      </if>
    </trim>
    <trim prefix="values (" suffix=")" suffixOverrides="," >
      <if test="id != null" >
        #{id,jdbcType=DECIMAL},
      </if>
      <if test="memberAccount != null" >
        #{memberAccount,jdbcType=VARCHAR},
      </if>
      <if test="password != null" >
        #{password,jdbcType=VARCHAR},
      </if>
      <if test="imageUrl != null" >
        #{imageUrl,jdbcType=VARCHAR},
      </if>
      <if test="careerType != null" >
        #{careerType,jdbcType=DECIMAL},
      </if>
      <if test="educateType != null" >
        #{educateType,jdbcType=DECIMAL},
      </if>
      <if test="activatedFlg != null" >
        #{activatedFlg,jdbcType=DECIMAL},
      </if>
      <if test="memberFrom != null" >
        #{memberFrom,jdbcType=VARCHAR},
      </if>
      <if test="valid != null" >
        #{valid,jdbcType=DECIMAL},
      </if>
      <if test="loginTime != null" >
        #{loginTime,jdbcType=TIMESTAMP},
      </if>
      <if test="loginFrom != null" >
        #{loginFrom,jdbcType=DECIMAL},
      </if>
      <if test="lastLoginTime != null" >
        #{lastLoginTime,jdbcType=TIMESTAMP},
      </if>
      <if test="loginIp != null" >
        #{loginIp,jdbcType=VARCHAR},
      </if>
      <if test="guid != null" >
        #{guid,jdbcType=VARCHAR},
      </if>
      <if test="memberLevel != null" >
        #{memberLevel,jdbcType=VARCHAR},
      </if>
      <if test="activityDegree != null" >
        #{activityDegree,jdbcType=VARCHAR},
      </if>
      <if test="growthValue != null" >
        #{growthValue,jdbcType=DECIMAL},
      </if>
      <if test="growthDate != null" >
        #{growthDate,jdbcType=TIMESTAMP},
      </if>
      <if test="createUser != null" >
        #{createUser,jdbcType=DECIMAL},
      </if>
      <if test="createTime != null" >
        #{createTime,jdbcType=TIMESTAMP},
      </if>
      <if test="updateUser != null" >
        #{updateUser,jdbcType=DECIMAL},
      </if>
      <if test="updateTime != null" >
        #{updateTime,jdbcType=TIMESTAMP},
      </if>
      <if test="receivePrasie != null" >
         #{receivePrasie,jdbcType=DECIMAL},
      </if>
      <if test="receivePrasieStart != null" >
        #{receivePrasieStart,jdbcType=TIMESTAMP},
      </if>
      <if test="receiveComment != null" >
         #{receiveComment,jdbcType=DECIMAL},
      </if>
      <if test="receiveCommentStart != null" >
       #{receiveCommentStart,jdbcType=TIMESTAMP}
      </if>
    </trim>
  </insert>
  <!-- 修改会员基本信息 -->
  <update id="updateMemberBasicInfo" parameterType="com.spring.scenic.member.domain.MemberBasic" >
    update TB_MEMBER_BASIC
    <set >
        CAREER_TYPE = #{careerType,jdbcType=DECIMAL},
        EDUCATE_TYPE = #{educateType,jdbcType=DECIMAL},
        UPDATE_USER = #{updateUser,jdbcType=DECIMAL},
        UPDATE_TIME = #{updateTime,jdbcType=TIMESTAMP},
    </set>
    where ID = #{id,jdbcType=DECIMAL}
  </update>
  <!-- 修改会员详细信息 -->
   <update id="updateMemberDetailInfo" parameterType="com.spring.scenic.member.domain.MemberDetailInfo" >
    update TB_MEMBER_DETAIL_INFO
    <set >
        NAME_CH = #{nameCh,jdbcType=VARCHAR},
        SEX = #{sex,jdbcType=DECIMAL},
        BIRTHDAY = #{birthday,jdbcType=TIMESTAMP},
        PHONE_CH = #{phoneCh,jdbcType=VARCHAR},
        FIX_TEL_AREA = #{fixTelArea,jdbcType=VARCHAR},
        FIX_TEL = #{fixTel,jdbcType=VARCHAR},
        FIX_TEL_EXTENSION = #{fixTelExtension,jdbcType=VARCHAR},
        MAIL = #{mail,jdbcType=VARCHAR},
        COUNTRY_ID = #{countryId,jdbcType=DECIMAL},
        PROVINCE_ID = #{provinceId,jdbcType=DECIMAL},
        CITY_ID = #{cityId,jdbcType=DECIMAL},
        UPDATE_TIME = #{updateTime,jdbcType=TIMESTAMP},
        UPDATE_USER = #{updateUser,jdbcType=DECIMAL},
    </set>
    where ID = #{id,jdbcType=DECIMAL}
  </update>
  <!-- 会员密码重置 -->
   <update id="updateMemberPassword" parameterType="com.spring.scenic.member.domain.MemberBasic" >
    update TB_MEMBER_BASIC
    <set >
        PASSWORD = #{password,jdbcType=VARCHAR}
    </set>
    where ID = #{id,jdbcType=DECIMAL}
  </update>
  <!-- 密码设置 -->
   <update id="updatePassword" parameterType="com.spring.scenic.member.domain.MemberBasic" >
    update TB_MEMBER_BASIC
    <set >
        PASSWORD = #{password,jdbcType=VARCHAR}
    </set>
    where ID = #{id,jdbcType=DECIMAL}
  </update>
  <update id="updateMemberBasicInfoById" parameterType="com.spring.scenic.member.domain.MemberBasic" >
    update TB_MEMBER_BASIC
    set MEMBER_ACCOUNT = #{memberAccount,jdbcType=VARCHAR},
      PASSWORD = #{password,jdbcType=VARCHAR},
      IMAGE_URL = #{imageUrl,jdbcType=VARCHAR},
      CAREER_TYPE = #{careerType,jdbcType=DECIMAL},
      EDUCATE_TYPE = #{educateType,jdbcType=DECIMAL},
      ACTIVATED_FLG = #{activatedFlg,jdbcType=DECIMAL},
      MEMBER_FROM = #{memberFrom,jdbcType=VARCHAR},
      VALID = #{valid,jdbcType=DECIMAL},
      LOGIN_TIME = #{loginTime,jdbcType=TIMESTAMP},
      LOGIN_FROM = #{loginFrom,jdbcType=DECIMAL},
      LAST_LOGIN_TIME = #{lastLoginTime,jdbcType=TIMESTAMP},
      LOGIN_IP = #{loginIp,jdbcType=VARCHAR},
      GUID = #{guid,jdbcType=VARCHAR},
      MEMBER_LEVEL = #{memberLevel,jdbcType=VARCHAR},
      ACTIVITY_DEGREE = #{activityDegree,jdbcType=VARCHAR},
      GROWTH_VALUE = #{growthValue,jdbcType=DECIMAL},
      GROWTH_DATE = #{growthDate,jdbcType=TIMESTAMP},
      CREATE_USER = #{createUser,jdbcType=DECIMAL},
      CREATE_TIME = #{createTime,jdbcType=TIMESTAMP},
      UPDATE_USER = #{updateUser,jdbcType=DECIMAL},
      UPDATE_TIME = #{updateTime,jdbcType=TIMESTAMP},
      RECEIVE_COMMENT = #{receiveComment,jdbcType=DECIMAL},
      RECEIVE_COMMENT_START = #{receiveCommentStart,jdbcType=TIMESTAMP}, 
      RECEIVE_PRASIE = #{receivePrasie,jdbcType=DECIMAL},
      RECEIVE_PRASIE_START = #{receivePrasieStart,jdbcType=TIMESTAMP}
    where ID = #{id,jdbcType=DECIMAL}
  </update>
  
  <!-- 查询会员信息接口 -->
  <select id="selectMemberDetailInfoByAccount" resultMap="BaseResultMapMemberDetail">
  	select
    <include refid="BaseColumnListMemberBasic" />
    ,
    <include refid="BaseColumnListMemberDetail" />
    ,
    <include refid="BaseColumnCountryName" />
    ,
    <include refid="BaseColumnProvinceName" />
    ,
    <include refid="BaseColumnCityName" />
    from TB_MEMBER_BASIC M
    inner join TB_MEMBER_DETAIL_INFO N
    on N.FK_ID = M.ID
    left join TB_COUNTRY A
    on A.ID = N.COUNTRY_ID
    left join TB_PROVINCE B
    on B.ID = N.PROVINCE_ID
    left join  TB_CITY O
    on O.ID = N.CITY_ID
    where N.TYPE = 1
    and M.MEMBER_ACCOUNT = #{phone,jdbcType=VARCHAR}
  </select>
  
  <!-- 更新评论通知状态 -->
   <update id="updateCommentState" parameterType="com.spring.scenic.member.domain.MemberBasic" >
    update TB_MEMBER_BASIC
    <set >
        RECEIVE_COMMENT = #{receiveComment,jdbcType=DECIMAL},
        RECEIVE_COMMENT_START = #{receiveCommentStart,jdbcType=TIMESTAMP}
    </set>
    where ID = #{id,jdbcType=DECIMAL}
  </update>
  <!-- 更新点赞通知状态 -->
   <update id="updatePrasieState" parameterType="com.spring.scenic.member.domain.MemberBasic" >
    update TB_MEMBER_BASIC
    <set >
        RECEIVE_PRASIE = #{receivePrasie,jdbcType=DECIMAL},
        RECEIVE_PRASIE_START = #{receivePrasieStart,jdbcType=TIMESTAMP}
    </set>
    where ID = #{id,jdbcType=DECIMAL}
  </update>
  
  <!-- 查询会员信息接口(通过id) -->
  <select id="selectMemberInfo" resultMap="BaseResultMapMemberDetail">
  	select
    <include refid="BaseColumnListMemberBasic" />
    ,
    <include refid="BaseColumnListMemberDetail" />
    ,
    <include refid="BaseColumnCountryName" />
    ,
    <include refid="BaseColumnProvinceName" />
    ,
    <include refid="BaseColumnCityName" />
    from TB_MEMBER_BASIC M
    inner join TB_MEMBER_DETAIL_INFO N
    on N.FK_ID = M.ID
    left join TB_COUNTRY A
    on A.ID = N.COUNTRY_ID
    left join TB_PROVINCE B
    on B.ID = N.PROVINCE_ID
    left join  TB_CITY O
    on O.ID = N.CITY_ID
    where N.TYPE = 1
    and M.ID = #{id,jdbcType=DECIMAL}
  </select>
  
  
</mapper>