<?xml version="1.0" encoding="UTF-8" ?>
<!DOCTYPE mapper PUBLIC "-//mybatis.org//DTD Mapper 3.0//EN" "http://mybatis.org/dtd/mybatis-3-mapper.dtd" >
<mapper namespace="com.spring.scenic.member.infrastructure.MemberCollectionMapper" >
  
  <resultMap id="BaseResultMap" type="com.spring.scenic.member.domain.MemberCollection" >
    <id column="ID" property="id" jdbcType="DECIMAL" />
    <result column="COLLECTION_TYPE" property="collectionType" jdbcType="DECIMAL" />
    <result column="MEMBER_ID" property="memberId" jdbcType="DECIMAL" />
    <result column="COLLECTION_CONTENT_ID" property="collectionContentId" jdbcType="DECIMAL" />
    <result column="CREATE_USER" property="createUser" jdbcType="DECIMAL" />
    <result column="CREATE_TIME" property="createTime" jdbcType="TIMESTAMP" />
    <result column="UPDATE_USER" property="updateUser" jdbcType="DECIMAL" />
    <result column="UPDATE_TIME" property="updateTime" jdbcType="TIMESTAMP" />
    <result column="LOGIN_IP" property="loginIp" jdbcType="VARCHAR" />
  </resultMap>
  
  <!-- 我的收藏游记攻略 -->
  <resultMap id="MyConllectionOfTravelMap" type="com.spring.scenic.member.domain.vo.MyConllectionOfTravel" >
    <result column="ID" property="id" jdbcType="DECIMAL" />
    <result column="COLLECTION_TYPE" property="collectionType" jdbcType="DECIMAL" />
    <result column="TITLE" property="title" jdbcType="VARCHAR" />
    <result column="WORDS" property="words" jdbcType="CLOB" />
    <result column="COVERS_IMAGE_URL" property="coversImageUrl" jdbcType="VARCHAR" />
    <result column="NOW_TIME" property="nowTime" jdbcType="VARCHAR" />
    <result column="TYPE" property="type" jdbcType="DECIMAL" />
    <result column="PRAISE_COUNT" property="praiseCount" jdbcType="DECIMAL" />
    <result column="READ_COUNT" property="readCount" jdbcType="DECIMAL" />
    <result column="COMMENT_COUNT" property="commentCount" jdbcType="DECIMAL" />
    <result column="COLLECTION_COUNT" property="collectionCount" jdbcType="DECIMAL" />
	<result column="PRAISED" property="praised" jdbcType="DECIMAL" />
	<result column="COLLECTED" property="collected" jdbcType="DECIMAL" />
  </resultMap>
  
  <!-- 我的收藏产品 -->
  <resultMap id="MyConllectionOfProductMap" type="com.spring.scenic.member.domain.vo.MyConllectionOfProduct" >
    <result column="ID" property="id" jdbcType="DECIMAL" />
    <result column="COLLECTION_TYPE" property="collectionType" jdbcType="DECIMAL" />
    <result column="CITYNAME" property="cityName" jdbcType="VARCHAR" />
    <result column="PICTUERNAME" property="pictuerName" jdbcType="VARCHAR" />
    <result column="PRODUCT_TYPE" property="productType" jdbcType="DECIMAL" />
    <result column="PRODUCT_NAME" property="productName" jdbcType="VARCHAR" />
    <result column="PRICE" property="price" jdbcType="DECIMAL" />
    <result column="SALE_NUM" property="saleNum" jdbcType="DECIMAL" />
    <result column="PRODUCT_SUB_TYPE" property="productSubType" jdbcType="DECIMAL" />
    <result column="PRODUCT_SUB_TYPE_NAME" property="productSubTypeName" jdbcType="VARCHAR" />    
  </resultMap>
  
  <!-- 游记攻略：我的收藏、我的浏览历史 -->
  <resultMap id="BaseResultTraveNotesMap" type="com.spring.scenic.travelnotes.domain.vo.TravelNotesVo" >
    <id column="ID" property="id" jdbcType="DECIMAL" />
    <result column="NAME" property="name" jdbcType="VARCHAR" />
    <result column="IMAGEURL" property="imageUrl" jdbcType="VARCHAR" />
    <result column="DEPARTUREDATE" property="departureDate" jdbcType="TIMESTAMP" />
    <result column="FEE" property="fee" jdbcType="VARCHAR" />
    <result column="DAYS" property="days" jdbcType="VARCHAR" />
    <result column="COVERSIMAGEURL" property="coversImageUrl" jdbcType="VARCHAR" />
    <result column="NOW_TIME" property="nowTime" jdbcType="VARCHAR" />
    <result column="USERID" property="userId" jdbcType="DECIMAL" />
    <result column="CREATEUSERTYPE" property="createUserType" jdbcType="DECIMAL" />
    <result column="PERSONS" property="persons" jdbcType="VARCHAR" />
	<result column="READ_COUNT" property="readCount" jdbcType="DECIMAL" />
	<result column="PRAISE_COUNT" property="praiseCount" jdbcType="DECIMAL" />
	<result column="COMMENT_COUNT" property="commentCount" jdbcType="DECIMAL" />
	<result column="COLLECTION_COUNT" property="collectionCount" jdbcType="DECIMAL" />
	<result column="PRAISED" property="praised" jdbcType="DECIMAL" />
	<result column="COLLECTED" property="collected" jdbcType="DECIMAL" />
  </resultMap>
  
  
  <sql id="Base_Column_List" >
    T.ID, T.COLLECTION_TYPE, T.MEMBER_ID, T.COLLECTION_CONTENT_ID, T.CREATE_USER, T.CREATE_TIME, 
    T.UPDATE_USER, T.UPDATE_TIME
  </sql>
  
  <resultMap id="getRealtiveKeywordList" extends="MyConllectionOfProductMap"  type="com.spring.scenic.member.domain.vo.MyConllectionOfProduct">  
	    <collection property="keyWordProduct" column="ID" ofType="com.spring.scenic.product.domain.vo.KeywordHolidayHotelVo"  
  		select="com.spring.scenic.basic.infrastructure.KeywordMapper.selectHolidayHotel">  
 		</collection> 
  </resultMap>
  
  
  <select id="getMemberCollections" resultMap="BaseResultMap" parameterType="com.spring.scenic.member.domain.MemberCollection" >
    select 
	    <include refid="Base_Column_List" />
	    ,N.TITLE collectionName from TB_MEMBER_COLLECTION t  
	    left join TB_TRAVEL_NOTES N 
	    on T.COLLECTION_CONTENT_ID = N.ID 
	    where T.COLLECTION_TYPE= 2
	    and T.MEMBER_ID = #{memberId,jdbcType=DECIMAL}
    union all
    select
     	<include refid="Base_Column_List" />
	    ,P.PRODUCT_NAME collectionName  from TB_MEMBER_COLLECTION t 
	    left join TB_PRODUCT P 
	    on t.collection_content_id=p.id 
	    where t.COLLECTION_TYPE= 1 
	    and T.MEMBER_ID = #{memberId,jdbcType=DECIMAL}
	    order by CREATE_TIME desc
  </select>
  
  <!-- 查询会员某记录（1、产品；2、游记攻略）的收藏数 -->
  <select id="getMemberCollectCount" resultType="java.lang.Integer" parameterType="com.spring.scenic.member.domain.MemberCollection" >
    select count(0) from TB_MEMBER_COLLECTION T 
	    where T.COLLECTION_TYPE= #{collectionType,jdbcType=DECIMAL} 
	    and T.MEMBER_ID = #{memberId,jdbcType=DECIMAL}
	    and T.COLLECTION_CONTENT_ID = #{collectionContentId,jdbcType=DECIMAL}
  </select>
  
  <select id="selectCollection" resultMap="BaseResultMap" parameterType="com.spring.scenic.member.domain.MemberCollection" >
    <!-- select 
	    <include refid="Base_Column_List" />
	    from TB_COLLECTION t   
	    where T.COLLECTION_TYPE= 2
	    and T.MEMBER_ID = #{memberId,jdbcType=DECIMAL}
    union all -->
    select
     	<include refid="Base_Column_List" />
	    from TB_MEMBER_COLLECTION T 
	    where T.COLLECTION_TYPE= #{collectionType,jdbcType=DECIMAL} 
	    and T.MEMBER_ID = #{memberId,jdbcType=DECIMAL}
	    order by CREATE_TIME desc
  </select>
  
  <delete id="deleteByPrimaryKey" parameterType="java.lang.Integer" >
    delete from TB_MEMBER_COLLECTION
    where ID = #{id,jdbcType=DECIMAL}
  </delete>
  <delete id="delete" parameterType="com.spring.scenic.member.domain.MemberCollection" >
    delete from TB_MEMBER_COLLECTION
    where  collection_Type = #{collectionType,jdbcType=DECIMAL} 
       and member_Id = #{memberId,jdbcType=DECIMAL} 
       and collection_Content_Id =  #{collectionContentId,jdbcType=DECIMAL} 
  </delete>
  <insert id="insert" parameterType="com.spring.scenic.member.domain.MemberCollection" >
  	<selectKey  keyProperty="id" order="BEFORE" resultType="java.lang.Integer" >
      	SELECT seq_tb_member_collection.nextval FROM dual
      </selectKey>
    insert into TB_MEMBER_COLLECTION (ID, COLLECTION_TYPE, MEMBER_ID, 
      COLLECTION_CONTENT_ID, CREATE_USER, CREATE_TIME, 
      UPDATE_USER, UPDATE_TIME)
    values (#{id,jdbcType=DECIMAL}, #{collectionType,jdbcType=DECIMAL}, #{memberId,jdbcType=DECIMAL}, 
      #{collectionContentId,jdbcType=DECIMAL}, #{createUser,jdbcType=DECIMAL}, #{createTime,jdbcType=TIMESTAMP}, 
      #{updateUser,jdbcType=DECIMAL}, #{updateTime,jdbcType=TIMESTAMP})
  </insert>
  
  <insert id="insertSelective" parameterType="com.spring.scenic.member.domain.MemberCollection" >
    insert into TB_MEMBER_COLLECTION
    <trim prefix="(" suffix=")" suffixOverrides="," >
      <if test="id != null" >
        ID,
      </if>
      <if test="collectionType != null" >
        COLLECTION_TYPE,
      </if>
      <if test="memberId != null" >
        MEMBER_ID,
      </if>
      <if test="collectionContentId != null" >
        COLLECTION_CONTENT_ID,
      </if>
      <if test="createUser != null" >
        CREATE_USER,
      </if>
      <if test="createTime != null" >
        CREATE_TIME,
      </if>
      <if test="updateUser != null" >
        UPDATE_USER,
      </if>
      <if test="updateTime != null" >
        UPDATE_TIME,
      </if>
    </trim>
    <trim prefix="values (" suffix=")" suffixOverrides="," >
      <if test="id != null" >
        #{id,jdbcType=DECIMAL},
      </if>
      <if test="collectionType != null" >
        #{collectionType,jdbcType=DECIMAL},
      </if>
      <if test="memberId != null" >
        #{memberId,jdbcType=DECIMAL},
      </if>
      <if test="collectionContentId != null" >
        #{collectionContentId,jdbcType=DECIMAL},
      </if>
      <if test="createUser != null" >
        #{createUser,jdbcType=DECIMAL},
      </if>
      <if test="createTime != null" >
        #{createTime,jdbcType=TIMESTAMP},
      </if>
      <if test="updateUser != null" >
        #{updateUser,jdbcType=DECIMAL},
      </if>
      <if test="updateTime != null" >
        #{updateTime,jdbcType=TIMESTAMP},
      </if>
    </trim>
  </insert>
  
  <!-- 查询我的游记攻略收藏 -->
  <select id="selectMyConllectionOfTravel" resultMap="MyConllectionOfTravelMap" parameterType="com.spring.scenic.material.domain.vo.MaterialtravelsVo">
	   select ttn.id,tmc.COLLECTION_TYPE,ttn.title TITLE,
	      (
	      select words from tb_travel_notes_details where type=1 and travel_notes_id=ttn.id  and rownum=1
	      ) subTitle,
	      ttn.COVERS_IMAGE_URL,
	      nvl(ttn.READ_COUNT,0) READ_COUNT,
	      (select count(0) from TB_PUSH_PRAISE tpp where tpp.PRAISE_CONTENT_ID = ttn.ID and tpp.PRAISE_TYPE = 1) PRAISE_COUNT,
	      (select count(1) from TB_TRAVEL_NOTES_COMMENT ttnc where ttnc.TRAVELNOTE_ID=ttn.ID) COMMENT_COUNT,
	      nvl(to_char(ROUND(TO_NUMBER(sysdate - to_date(to_char(ttn.create_time,'yyyy-MM-dd HH24:mi:ss'),'YYYY-MM-DD hh24:mi:ss')) * 24 * 60)),0) NOW_TIME,
	      ttn.type,
	      (select count(1) from tb_member_collection where collection_type=2 and collection_content_id=ttn.id) COLLECTION_COUNT,
		 <if test="sessionId ==null or sessionId==''">
		 	0 as PRAISED,
		 </if>
		 <if test="sessionId !=null">
			(select count(0) from tb_push_praise tpp,TB_MEMBER_COLLECTION tmc where tmc.COLLECTION_CONTENT_ID = tpp.praise_content_id 
			   		and tpp.praise_type=1  
			   		and tmc.collection_type=2
			   		and tpp.praise_content_id=tmc.collection_content_id
			 		and tpp.session_id=#{sessionId,jdbcType=VARCHAR}
			) as PRAISED,
		 </if>
		 <if test="userId ==null or userId==''">
		 	0 as COLLECTED
		 </if>
	     <if test="userId !=null">
			(select count(1) from tb_member_collection where collection_type=2 and collection_content_id=ttn.id   
				and create_user=#{userId,jdbcType=DECIMAL}
			) as COLLECTED
	     </if>
	    from TB_MEMBER_COLLECTION tmc
	    inner join TB_TRAVEL_NOTES ttn
	      on tmc.COLLECTION_CONTENT_ID = ttn.ID
	    where tmc.COLLECTION_TYPE = 2  and ttn.status=2 and tmc.MEMBER_ID=#{userId,jdbcType=DECIMAL} 
	    order by tmc.CREATE_TIME  desc
  </select>
  
  <!-- 查询我的产品收藏 -->
  <select id="selectMyConllectionOfProduct" resultMap="getRealtiveKeywordList" parameterType="java.lang.Integer">
       select tp.id,tmc.COLLECTION_TYPE,tc.name CITYNAME,tp.product_name PRODUCT_NAME,tp.price PRICE,tp.sale_num SALE_NUM,tpp.file_url PICTUERNAME,tp.product_type PRODUCT_TYPE
    ,tp.product_sub_type PRODUCT_SUB_TYPE
           from TB_MEMBER_COLLECTION tmc 
           left join   tb_product tp  on tmc.collection_content_id=tp.id
           inner join tb_city tc on tp.city_id=tc.id
           left join ( select tpp.product_id,tpl.file_url from tb_product_pic_rel tpp inner join tb_busi_picture_lib  tpl on tpp.picture_lib_id=tpl.id  where tpl.valid=1 and tpp.is_logo=1) tpp
           on  tp.id=tpp.product_id
           where tp.is_sale=1 and tmc.create_user=#{memberId,jdbcType=DECIMAL} and tmc.COLLECTION_TYPE = 1
    
  </select>
  
  <select id="getMemberCollecttionCount" resultType="java.lang.Integer" parameterType="com.spring.scenic.member.domain.MemberCollection">
  	select count(0) from TB_MEMBER_COLLECTION where 1=1
  		and MEMBER_ID = #{memberId,jdbcType=DECIMAL} 
  		and COLLECTION_TYPE = #{collectionType,jdbcType=DECIMAL} 
  		and COLLECTION_CONTENT_ID = #{collectionContentId,jdbcType=DECIMAL} 
  </select>
  
  	<!-- 我的浏览游记或攻略 -->
    <select id="getTravelNoteViewHistory" resultMap="BaseResultTraveNotesMap" parameterType="java.util.Map">
      	select ttn.id ID,
		       ttn.author_name AUTHORNAME,
		       ttn.title TITLE,
		       (select  t.words subTitle from tb_travel_notes_details t where t.type=1 and t.travel_notes_id=ttn.id  and rownum=1) subTitle,
               ttn.covers_image_url COVERSIMAGEURL,
               (select   count(tpp.id)  from tb_push_praise tpp where tpp.praise_type=1  and ttn.id=tpp.praise_content_id  ) PRAISE_COUNT,
               (select  count(ttnc.id)  from TB_TRAVEL_NOTES_COMMENT  ttnc where  ttn.id=ttnc.travelnote_id ) COMMENT_COUNT,
               TO_NUMBER(nvl(ttn.read_count,0)) READ_COUNT,
               to_char(ROUND(TO_NUMBER(sysdate - to_date(to_char(ttn.create_time,'yyyy-MM-dd HH24:mi:ss'),'YYYY-MM-DD hh24:mi:ss')) * 24 * 60)) NOW_TIME,
               ttn.type,
               ttn.create_user_type,
               ttn.create_user userId,
               (select count(1) from tb_member_collection where collection_type=2 and collection_content_id=ttn.id) COLLECTION_COUNT,
	           <if test="sessionId ==null or sessionId==''">
	             0 as PRAISED,
	           </if>
	           <if test="sessionId !=null">
	              (select count(0) from tb_push_praise tpp where tpp.praise_type=1  and tpp.praise_content_id=ttn.id
	                 and  session_id=#{sessionId,jdbcType=VARCHAR}
	            ) as PRAISED,
	           </if>
	           <if test="userId ==null or userId==''">
	             0 as COLLECTED
	           </if>
	           <if test="userId !=null">
	            (select count(1) from tb_member_collection where collection_type=2 and collection_content_id=ttn.id   
	              and create_user=#{userId,jdbcType=DECIMAL}
	            ) as COLLECTED
	           </if>
               from tb_travel_notes ttn
         where ttn.status=2 and ttn.id in
			<foreach collection="ids" item="ids" index="index"  open="(" separator="," close=")">
				#{ids}
 			</foreach>
      	 order by ttn.create_time desc
  	</select>
  
  	<!-- 我的浏览产品 -->
    <select id="selectMyBrowserProduct" resultMap="MyConllectionOfProductMap" parameterType="java.util.List">
              select tp.id, 1 COLLECTION_TYPE,tc.name CITYNAME,tp.product_name PRODUCT_NAME,tp.price PRICE,tp.sale_num SALE_NUM,tpp.file_url PICTUERNAME,tp.product_type PRODUCT_TYPE
    ,tp.product_sub_type PRODUCT_SUB_TYPE
           from tb_product tp 
           inner join tb_city tc on tp.city_id=tc.id
           left join ( select tpp.product_id,tpl.file_url from tb_product_pic_rel tpp inner join tb_busi_picture_lib  tpl on tpp.picture_lib_id=tpl.id  where tpl.valid=1 and tpp.is_logo=1) tpp
           on  tp.id=tpp.product_id
           where 1=1 and tp.id in 
     <foreach item="item" index="index" collection="list" open="(" separator="," close=")">
									  #{item}
		</foreach>
		
  </select>
  	<!-- 我的浏览产品 -->
    <select id="selectMyBrowserProductId" resultMap="getRealtiveKeywordList" parameterType="com.spring.scenic.member.domain.vo.MyConllectionOfProduct">
              select tp.id, 1 COLLECTION_TYPE,tc.name CITYNAME,tp.product_name PRODUCT_NAME,tp.price PRICE,tp.sale_num SALE_NUM,tpp.file_url PICTUERNAME,tp.product_type PRODUCT_TYPE
    ,tp.product_sub_type PRODUCT_SUB_TYPE
           from tb_product tp 
           inner join tb_city tc on tp.city_id=tc.id
           left join ( select tpp.product_id,tpl.file_url from tb_product_pic_rel tpp inner join tb_busi_picture_lib  tpl on tpp.picture_lib_id=tpl.id  where tpl.valid=1 and tpp.is_logo=1) tpp
           on  tp.id=tpp.product_id
           where  tp.is_sale=1 and tp.id= #{id,jdbcType=DECIMAL}
     
  </select>
  
</mapper>