<?xml version="1.0" encoding="UTF-8" ?>
<!DOCTYPE mapper PUBLIC "-//mybatis.org//DTD Mapper 3.0//EN" "http://mybatis.org/dtd/mybatis-3-mapper.dtd" >
<mapper namespace="com.spring.scenic.content.infrastructure.TravelNotesCommentMapper" >
  <resultMap id="BaseResultMap" type="com.spring.scenic.content.domain.TravelNotesComment" >
    <id column="ID" property="id" jdbcType="DECIMAL" />
    <result column="TRAVELNOTE_ID" property="travelnoteId" jdbcType="DECIMAL" />
    <result column="COMMENTS" property="comments" jdbcType="VARCHAR" />
    <result column="COMMENT_USER" property="commentUser" jdbcType="DECIMAL" />
    <result column="COMMENT_TIME" property="commentTime" jdbcType="TIMESTAMP" />
    <result column="UPDATE_USER" property="updateUser" jdbcType="DECIMAL" />
    <result column="UPDATE_TIME" property="updateTime" jdbcType="TIMESTAMP" />
    <result column="VALID" property="valid" jdbcType="DECIMAL" />
  </resultMap>
  
  <!-- 游记攻略信息 -->
  <resultMap id="BaseResultMapTravelNotes" type="com.spring.scenic.travelnotes.domain.TravelNotesdetails">
    <id column="ID" jdbcType="DECIMAL" property="id" />
    <result column="TITLE" jdbcType="VARCHAR" property="title" />
    <result column="AUTHOR_NAME" jdbcType="VARCHAR" property="authorName" />
    <result column="TYPE" jdbcType="DECIMAL" property="type" />
    <result column="COVERS_IMAGE_URL" jdbcType="VARCHAR" property="coversImageUrl" />
    <result column="COVERS_IMAGE_NAME" jdbcType="VARCHAR" property="coversImageName" />
    <result column="DEPARTURE_DATE" jdbcType="TIMESTAMP" property="departureDate" />
    <result column="FEE" jdbcType="VARCHAR" property="fee" />
    <result column="PERSONS" jdbcType="VARCHAR" property="persons" />
    <result column="DAYS" jdbcType="VARCHAR" property="days" />
    <result column="VALID" jdbcType="DECIMAL" property="valid" />
    <result column="STATUS" jdbcType="DECIMAL" property="status" />
    <result column="PUBLISH_DATE" jdbcType="TIMESTAMP" property="publishDate" />
    <result column="REVIEWED_USER" jdbcType="DECIMAL" property="reviewedUser" />
    <result column="REVIEWED_USER_NAME" jdbcType="VARCHAR" property="reviewedUserName" />
    <result column="CREATE_TIME" jdbcType="TIMESTAMP" property="createTime" />
    <result column="CREATE_USER" jdbcType="DECIMAL" property="createUser" />
    <result column="UPDATE_TIME" jdbcType="TIMESTAMP" property="updateTime" />
    <result column="UPDATE_USER" jdbcType="DECIMAL" property="updateUser" />
    <result column="CREATE_USER_TYPE" jdbcType="DECIMAL" property="createUserType" />
    <result column="READ_COUNT" jdbcType="DECIMAL" property="readCount" />
  </resultMap>
  <sql id="Base_Column_List" >
    TTNC.ID,TTNC.TRAVELNOTE_ID,TTNC.COMMENTS,TTNC.COMMENT_USER,TTNC.COMMENT_TIME,TTNC.UPDATE_USER,TTNC.UPDATE_TIME,TTNC.VALID
  </sql>
  
  <sql id="BaseColumnListTravelNotes">
    N.ID, N.TITLE, N.AUTHOR_NAME, N.TYPE, N.COVERS_IMAGE_URL,N.COVERS_IMAGE_NAME, N.DEPARTURE_DATE, N.FEE, N.PERSONS, N.DAYS, 
    N.VALID, N.STATUS, N.PUBLISH_DATE, N.REVIEWED_USER,U.TRUENAME REVIEWED_USER_NAME,N.CREATE_TIME, N.CREATE_USER, N.UPDATE_TIME, 
    N.UPDATE_USER,N.CREATE_USER_TYPE,N.READ_COUNT
  </sql>
  
  <resultMap id="myCommentMap" type="com.spring.scenic.content.domain.vo.MyCommentVo" >
  	<id column="ID" property="id" jdbcType="DECIMAL" />
  	 <result column="IMAGE_URL" property="imageUrl" jdbcType="VARCHAR" />
    <result column="TITLE" property="title" jdbcType="VARCHAR" />
    <result column="NAME_CH" property="nameCh" jdbcType="VARCHAR" />
    <result column="COVERS_IMAGE_URL" property="coverImageUrl" jdbcType="VARCHAR" />
    <result column="NOWTIME" property="nowTime" jdbcType="VARCHAR" />
    <result column="PRODUCT_NAME" property="productName" jdbcType="VARCHAR" />
    <result column="COMMENTS" property="comments" jdbcType="VARCHAR" />
    <result column="MEMBER_ACCOUNT" property="memberAccount" jdbcType="VARCHAR" />
  </resultMap>
  
  <select id="selectByPrimaryKey" resultMap="BaseResultMap" parameterType="java.lang.Integer" >
    select 
    <include refid="Base_Column_List" />
    from TB_TRAVEL_NOTES_COMMENT
    where ID = #{id,jdbcType=DECIMAL}
  </select>
  
  <select id="selectTravelNotesComment" resultMap="BaseResultMap" parameterType="com.spring.scenic.travelnotes.domain.TravelNotesdetails" >
    select 
    <include refid="Base_Column_List" />
    from TB_TRAVEL_NOTES_COMMENT TTNC
    where TTNC.TRAVELNOTE_ID  
    in (select TTN.ID from TB_TRAVEL_NOTES TTN where TTN.CREATE_USER = #{createUser,jdbcType=DECIMAL})
  </select>
  
  <select id="selectTravelNotesCommentCount" resultType="java.lang.Integer" parameterType="com.spring.scenic.travelnotes.domain.TravelNotesdetails" >
    select count(0) from TB_TRAVEL_NOTES_COMMENT TTNC
    where TTNC.TRAVELNOTE_ID  
    in (select TTN.ID from TB_TRAVEL_NOTES TTN where TTN.CREATE_USER = #{createUser,jdbcType=DECIMAL})
  </select>
  <delete id="deleteByPrimaryKey" parameterType="java.lang.Integer" >
    <!--
      WARNING - @mbggenerated
      This element is automatically generated by MyBatis Generator, do not modify.
      This element was generated on Thu Dec 01 17:17:52 CST 2016.
    -->
    delete from TB_TRAVEL_NOTES_COMMENT
    where ID = #{id,jdbcType=DECIMAL}
  </delete>
  <insert id="insert" parameterType="com.spring.scenic.content.domain.TravelNotesComment" >
    <!--
      WARNING - @mbggenerated
      This element is automatically generated by MyBatis Generator, do not modify.
      This element was generated on Thu Dec 01 17:17:52 CST 2016.
    -->
    insert into TB_TRAVEL_NOTES_COMMENT (ID, TRAVELNOTE_ID, COMMENTS, 
      COMMENT_USER, COMMENT_TIME, UPDATE_USER, 
      UPDATE_TIME, VALID)
    values (SEQ_TB_TRAVEL_NOTES_COMMENT.NEXTVAL, #{travelnoteId,jdbcType=DECIMAL}, #{comments,jdbcType=VARCHAR}, 
      #{commentUser,jdbcType=DECIMAL}, sysdate, #{updateUser,jdbcType=DECIMAL}, 
      #{updateTime,jdbcType=TIMESTAMP}, #{valid,jdbcType=DECIMAL})
  </insert>
  <insert id="insertSelective" parameterType="com.spring.scenic.content.domain.TravelNotesComment" >
    <!--
      WARNING - @mbggenerated
      This element is automatically generated by MyBatis Generator, do not modify.
      This element was generated on Thu Dec 01 17:17:52 CST 2016.
    -->
    insert into TB_TRAVEL_NOTES_COMMENT
    <trim prefix="(" suffix=")" suffixOverrides="," >
      <if test="id != null" >
        ID,
      </if>
      <if test="travelnoteId != null" >
        TRAVELNOTE_ID,
      </if>
      <if test="comments != null" >
        COMMENTS,
      </if>
      <if test="commentUser != null" >
        COMMENT_USER,
      </if>
      <if test="commentTime != null" >
        COMMENT_TIME,
      </if>
      <if test="updateUser != null" >
        UPDATE_USER,
      </if>
      <if test="updateTime != null" >
        UPDATE_TIME,
      </if>
      <if test="valid != null" >
        VALID,
      </if>
    </trim>
    <trim prefix="values (" suffix=")" suffixOverrides="," >
      <if test="id != null" >
        #{id,jdbcType=DECIMAL},
      </if>
      <if test="travelnoteId != null" >
        #{travelnoteId,jdbcType=DECIMAL},
      </if>
      <if test="comments != null" >
        #{comments,jdbcType=VARCHAR},
      </if>
      <if test="commentUser != null" >
        #{commentUser,jdbcType=DECIMAL},
      </if>
      <if test="commentTime != null" >
        #{commentTime,jdbcType=TIMESTAMP},
      </if>
      <if test="updateUser != null" >
        #{updateUser,jdbcType=DECIMAL},
      </if>
      <if test="updateTime != null" >
        #{updateTime,jdbcType=TIMESTAMP},
      </if>
      <if test="valid != null" >
        #{valid,jdbcType=DECIMAL},
      </if>
    </trim>
  </insert>
  <update id="updateByPrimaryKeySelective" parameterType="com.spring.scenic.content.domain.TravelNotesComment" >
    <!--
      WARNING - @mbggenerated
      This element is automatically generated by MyBatis Generator, do not modify.
      This element was generated on Thu Dec 01 17:17:52 CST 2016.
    -->
    update TB_TRAVEL_NOTES_COMMENT
    <set >
      <if test="travelnoteId != null" >
        TRAVELNOTE_ID = #{travelnoteId,jdbcType=DECIMAL},
      </if>
      <if test="comment != null" >
        COMMENTS = #{comments,jdbcType=VARCHAR},
      </if>
      <if test="commentUser != null" >
        COMMENT_USER = #{commentUser,jdbcType=DECIMAL},
      </if>
      <if test="commentTime != null" >
        COMMENT_TIME = #{commentTime,jdbcType=TIMESTAMP},
      </if>
      <if test="updateUser != null" >
        UPDATE_USER = #{updateUser,jdbcType=DECIMAL},
      </if>
      <if test="updateTime != null" >
        UPDATE_TIME = #{updateTime,jdbcType=TIMESTAMP},
      </if>
      <if test="valid != null" >
        VALID = #{valid,jdbcType=DECIMAL},
      </if>
    </set>
    where ID = #{id,jdbcType=DECIMAL}
  </update>
  <update id="updateByPrimaryKey" parameterType="com.spring.scenic.content.domain.TravelNotesComment" >
    <!--
      WARNING - @mbggenerated
      This element is automatically generated by MyBatis Generator, do not modify.
      This element was generated on Thu Dec 01 17:17:52 CST 2016.
    -->
    update TB_TRAVEL_NOTES_COMMENT
    set TRAVELNOTE_ID = #{travelnoteId,jdbcType=DECIMAL},
      COMMENTS = #{comments,jdbcType=VARCHAR},
      COMMENT_USER = #{commentUser,jdbcType=DECIMAL},
      COMMENT_TIME = #{commentTime,jdbcType=TIMESTAMP},
      UPDATE_USER = #{updateUser,jdbcType=DECIMAL},
      UPDATE_TIME = #{updateTime,jdbcType=TIMESTAMP},
      VALID = #{valid,jdbcType=DECIMAL}
    where ID = #{id,jdbcType=DECIMAL}
  </update>
  
  <!-- 会员游记攻略的评论信息 -->
  <select id="selectMemberCommentList" resultMap="myCommentMap" parameterType="java.lang.Integer">
   select distinct   TTNC.ID,TTNC.COMMENTS,TMB.IMAGE_URL, TMDI.NAME_CH,TTN.COVERS_IMAGE_URL,TTNC.COMMENT_TIME,TTN.TITLE,TMB.MEMBER_ACCOUNT,
	                 to_char(ROUND(TO_NUMBER(sysdate - to_date(to_char(TTNC.COMMENT_TIME,'yyyy-MM-dd HH24:mi:ss'),'YYYY-MM-DD hh24:mi:ss')) * 24 * 60)) NOWTIME 
	          from   TB_TRAVEL_NOTES_COMMENT TTNC
	     LEFT JOIN   TB_MEMBER_BASIC TMB 
	            ON   TTNC.COMMENT_USER = TMB.ID
	     LEFT JOIN   TB_MEMBER_DETAIL_INFO TMDI
	            ON   TMDI.FK_ID = TTNC.COMMENT_USER
	     LEFT JOIN   TB_TRAVEL_NOTES TTN
	            ON   TTN.ID = TTNC.TRAVELNOTE_ID
	     LEFT JOIN   TB_MEMBER_BASIC TMB1 
	            ON   TTN.CREATE_USER = TMB1.ID
	     LEFT JOIN   TB_MEMBER_DETAIL_INFO TMDI1
	            ON   TMDI1.FK_ID = TTN.CREATE_USER
         	 WHERE   TTN.CREATE_USER_TYPE = 1 
	           AND   TMB1.ID = #{memberId,jdbcType=DECIMAL} 
	           AND   TMDI.TYPE = 1
               AND   TMDI1.TYPE = 1  
               AND   TTNC.VALID = 1
               AND   TTN.STATUS = 2
	      ORDER BY   TTNC.COMMENT_TIME desc 
	 </select>
  
  <!-- 游记攻略的评论 -->
   <select id="selectCommentOfTravel" resultMap="myCommentMap" parameterType="java.lang.Integer">
    select tmb.IMAGE_URL,tmdi.NAME_CH,ttn.TITLE,ttnc.COMMENTS,to_char(ROUND(TO_NUMBER(sysdate - to_date(to_char(ttnc.COMMENT_TIME,'yyyy-MM-dd HH24:mi:ss'),'YYYY-MM-DD hh24:mi:ss')) * 24 * 60)) NOWTIME
    from TB_MEMBER_BASIC tmb,TB_MEMBER_DETAIL_INFO tmdi, TB_TRAVEL_NOTES_COMMENT ttnc,TB_TRAVEL_NOTES ttn
    where ttnc.COMMENT_USER = tmb.ID and tmb.ID=tmdi.FK_ID and ttnc.TRAVELNOTE_ID = ttn.ID and ttnc.COMMENT_USER = #{commentUser,jdbcType=DECIMAL}
    </select>
    <!-- 产品的评论 -->
    <select id="selectCommentOfProduct" resultMap="myCommentMap" parameterType="java.lang.Integer">
    select tmb.IMAGE_URL,tmdi.NAME_CH,tpc.PRODUCT_NAME,ttnc.COMMENTS,to_char(ROUND(TO_NUMBER(sysdate - to_date(to_char(ttnc.COMMENT_TIME,'yyyy-MM-dd HH24:mi:ss'),'YYYY-MM-DD hh24:mi:ss')) * 24 * 60)) NOWTIME
    from TB_MEMBER_BASIC tmb,TB_MEMBER_DETAIL_INFO tmdi, tb_travel_notes_comment ttnc,TB_PRODUCT_COMMENT_FILE tpcf,TB_PRODUCT_COMMENT tpc
    where ttnc.COMMENT_USER = tmb.ID and tmb.ID=tmdi.FK_ID and ttnc.id = tpcf.PRODUCT_COMMENT_ID and tpcf.PRODUCT_COMMENT_ID = tpc.ID and ttnc.COMMENT_USER = #{commentUser,jdbcType=DECIMAL}
   </select>
   
   <!-- 批量删除评论 -->
  <delete id="deleteMyComment" parameterType="java.util.List">
    delete from TB_TRAVEL_NOTES_COMMENT
    where ID in  
       <foreach collection="list" item="id" separator="," open="(" close=")">
            #{id,jdbcType=DECIMAL}
       </foreach>
  </delete>
  
   <!-- 批量删除评论 -->
  <delete id="deleteMemberCommentByBatch" parameterType="java.util.List">
    delete from TB_TRAVEL_NOTES_COMMENT
    where ID in  
       <foreach collection="list" item="id" separator="," open="(" close=")">
            #{id,jdbcType=DECIMAL}
       </foreach>
  </delete>
  
</mapper>