<?xml version="1.0" encoding="UTF-8"?>
<beans xmlns="http://www.springframework.org/schema/beans"
	xmlns:xsi="http://www.w3.org/2001/XMLSchema-instance"
	xmlns:p="http://www.springframework.org/schema/p"
	xmlns:context="http://www.springframework.org/schema/context"
	xmlns:tx="http://www.springframework.org/schema/tx"
	xmlns:mvc="http://www.springframework.org/schema/mvc"
	xsi:schemaLocation="
	http://www.springframework.org/schema/beans
	http://www.springframework.org/schema/beans/spring-beans-3.2.xsd
	http://www.springframework.org/schema/tx
	http://www.springframework.org/schema/tx/spring-tx-3.2.xsd
	http://www.springframework.org/schema/mvc
	http://www.springframework.org/schema/mvc/spring-mvc-3.2.xsd
	http://www.springframework.org/schema/context
	http://www.springframework.org/schema/context/spring-context-3.2.xsd"
	>

	<!-- 启用spring mvc 注解 -->
	<tx:annotation-driven />
	
	<context:annotation-config />
	<context:component-scan base-package="com.springtour"/>
    <context:component-scan base-package="com.springtour.weblogic"/>
    
	<mvc:annotation-driven content-negotiation-manager="contentNegotiationManager"/>
	
	<!-- 使用bean定义一个Interceptor，直接定义在mvc:interceptors根下面的Interceptor将拦截所有的请求 -->
	<mvc:interceptors>  
	    <bean class="com.springtour.svn.interceptor.AuthInterceptor"/>  
	</mvc:interceptors>
	<!-- 完成请求和注解POJO的映射 -->
	<bean class="org.springframework.web.servlet.mvc.annotation.AnnotationMethodHandlerAdapter" />
	
    <!-- 设置自动配置 -->
	<bean class="org.springframework.beans.factory.annotation.AutowiredAnnotationBeanPostProcessor"/>
	
	
    <bean id="viewResolver" class="org.springframework.web.servlet.view.InternalResourceViewResolver"
        p:prefix="/WEB-INF/"
        p:suffix=".jsp"
        >
    </bean>
     
    <bean id="contentNegotiationManager" class="org.springframework.web.accept.ContentNegotiationManagerFactoryBean"> 
		<property name="favorPathExtension" value="false" />
		<property name="favorParameter" value="false" /> 
		<property name="ignoreAcceptHeader" value="false" /> 
		<property name="mediaTypes" >
			<value>
				atom=application/atom+xml
			 	html=text/html
			 	json=application/json
			 	*=*/*
			</value> 
		</property>
	</bean>
	
	 
	
</beans>