<?xml version="1.0" encoding="UTF-8" ?>
<!DOCTYPE mapper PUBLIC "-//mybatis.org//DTD Mapper 3.0//EN" "http://mybatis.org/dtd/mybatis-3-mapper.dtd" >
<mapper namespace="com.spring.scenic.system.infrastructure.AuthDepartmentMapper" >
  <resultMap id="BaseResultMap" type="com.spring.scenic.system.domain.AuthDepartment" >
    <!--
      WARNING - @mbggenerated
      This element is automatically generated by MyBatis Generator, do not modify.
      This element was generated on Tue Dec 20 22:11:23 CST 2016.
    -->
    <result column="ID" property="id" jdbcType="DECIMAL" />
    <result column="NAME" property="name" jdbcType="VARCHAR" />
    <result column="PARENT_ID" property="parentId" jdbcType="DECIMAL" />
    <result column="REMARKS" property="remarks" jdbcType="VARCHAR" />
    <result column="TYPE" property="type" jdbcType="DECIMAL" />
    <result column="VALID" property="valid" jdbcType="VARCHAR" />
    <result column="CREATE_USER" property="createUser" jdbcType="DECIMAL" />
    <result column="CREATE_TIME" property="createTime" jdbcType="TIMESTAMP" />
    <result column="UPDATE_USER" property="updateUser" jdbcType="DECIMAL" />
    <result column="UPDATE_TIME" property="updateTime" jdbcType="TIMESTAMP" />
    <result column="GUID" property="guid" jdbcType="VARCHAR" />
  </resultMap>
  <insert id="insert" parameterType="com.spring.scenic.system.domain.AuthDepartment" >
    <!--
      WARNING - @mbggenerated
      This element is automatically generated by MyBatis Generator, do not modify.
      This element was generated on Tue Dec 20 22:11:23 CST 2016.
    -->
    insert into TB_AUTH_DEPARTMENT (ID, NAME, PARENT_ID, 
      REMARKS, TYPE, VALID, 
      CREATE_USER, CREATE_TIME, UPDATE_USER, 
      UPDATE_TIME, GUID)
    values (#{id,jdbcType=DECIMAL}, #{name,jdbcType=VARCHAR}, #{parentId,jdbcType=DECIMAL}, 
      #{remarks,jdbcType=VARCHAR}, #{type,jdbcType=DECIMAL}, #{valid,jdbcType=VARCHAR}, 
      #{createUser,jdbcType=DECIMAL}, #{createTime,jdbcType=TIMESTAMP}, #{updateUser,jdbcType=DECIMAL}, 
      #{updateTime,jdbcType=TIMESTAMP}, #{guid,jdbcType=VARCHAR})
  </insert>
  <insert id="insertSelective" parameterType="com.spring.scenic.system.domain.AuthDepartment" >
    <!--
      WARNING - @mbggenerated
      This element is automatically generated by MyBatis Generator, do not modify.
      This element was generated on Tue Dec 20 22:11:23 CST 2016.
    -->
    insert into TB_AUTH_DEPARTMENT
    <trim prefix="(" suffix=")" suffixOverrides="," >
      <if test="id != null" >
        ID,
      </if>
      <if test="name != null" >
        NAME,
      </if>
      <if test="parentId != null" >
        PARENT_ID,
      </if>
      <if test="remarks != null" >
        REMARKS,
      </if>
      <if test="type != null" >
        TYPE,
      </if>
      <if test="valid != null" >
        VALID,
      </if>
      <if test="createUser != null" >
        CREATE_USER,
      </if>
      <if test="createTime != null" >
        CREATE_TIME,
      </if>
      <if test="updateUser != null" >
        UPDATE_USER,
      </if>
      <if test="updateTime != null" >
        UPDATE_TIME,
      </if>
      <if test="guid != null" >
        GUID,
      </if>
    </trim>
    <trim prefix="values (" suffix=")" suffixOverrides="," >
      <if test="id != null" >
        #{id,jdbcType=DECIMAL},
      </if>
      <if test="name != null" >
        #{name,jdbcType=VARCHAR},
      </if>
      <if test="parentId != null" >
        #{parentId,jdbcType=DECIMAL},
      </if>
      <if test="remarks != null" >
        #{remarks,jdbcType=VARCHAR},
      </if>
      <if test="type != null" >
        #{type,jdbcType=DECIMAL},
      </if>
      <if test="valid != null" >
        #{valid,jdbcType=VARCHAR},
      </if>
      <if test="createUser != null" >
        #{createUser,jdbcType=DECIMAL},
      </if>
      <if test="createTime != null" >
        #{createTime,jdbcType=TIMESTAMP},
      </if>
      <if test="updateUser != null" >
        #{updateUser,jdbcType=DECIMAL},
      </if>
      <if test="updateTime != null" >
        #{updateTime,jdbcType=TIMESTAMP},
      </if>
      <if test="guid != null" >
        #{guid,jdbcType=VARCHAR},
      </if>
    </trim>
  </insert>
</mapper>