<?xml version="1.0" encoding="UTF-8" ?>
<!DOCTYPE mapper PUBLIC "-//mybatis.org//DTD Mapper 3.0//EN" "http://mybatis.org/dtd/mybatis-3-mapper.dtd" >
<mapper namespace="com.spring.scenic.system.infrastructure.AuthPermissionMapper" >
 
  <resultMap id="BaseResultMapAuthPermission" type="com.spring.scenic.system.domain.AuthPermission" >
    <id column="ID" property="id" jdbcType="DECIMAL" />
    <result column="USER_ID" property="userId" jdbcType="DECIMAL" />
    <result column="ROLE_ID" property="roleId" jdbcType="DECIMAL" />
    <result column="RESOURCE_ID" property="resourceId" jdbcType="DECIMAL" />
    <result column="GUID" property="guid" jdbcType="VARCHAR" />
    <result column="CREATE_TIME" property="createTime" jdbcType="TIMESTAMP" />
    <result column="CREATE_USER" property="createUser" jdbcType="DECIMAL" />
    <result column="UPDATE_TIME" property="updateTime" jdbcType="TIMESTAMP" />
    <result column="UPDATE_USER" property="updateUser" jdbcType="DECIMAL" />
    <result column="VALID" property="valid" jdbcType="DECIMAL" />
  </resultMap>
  
  <sql id="BaseColumnListAuthPermission" >
    ID, USER_ID, ROLE_ID, RESOURCE_ID, GUID, CREATE_TIME, CREATE_USER, UPDATE_TIME, 
    UPDATE_USER, VALID
  </sql>
  
  <!-- 获取角色关联的资源MAP -->
  <select id="getPermissionList" resultMap="BaseResultMapAuthPermission" parameterType="com.spring.scenic.system.domain.AuthPermission" >
    select 
    <include refid="BaseColumnListAuthPermission" />
    from TB_AUTH_PERMISSION
    where 1=1
    <if test="roleId != null" >
    	AND ROLE_ID = #{roleId}
    </if>
  </select>
  
  <select id="selectByPrimaryKey" resultMap="BaseResultMapAuthPermission" parameterType="java.lang.Integer" >
    select 
    <include refid="BaseColumnListAuthPermission" />
    from TB_AUTH_PERMISSION
    where ID = #{id,jdbcType=DECIMAL}
  </select>
  
  <!-- 删除角色的权限 -->
  <delete id="deletePermissionByRole" parameterType="com.spring.scenic.system.domain.AuthRole" >
    delete from TB_AUTH_PERMISSION
    where ROLE_ID = #{id,jdbcType=DECIMAL}
  </delete>
  
  <!-- 批量保存角色、权限信息 -->
  <insert id="saveBatchPermissions" parameterType="java.util.List" >
    insert into TB_AUTH_PERMISSION (ID,USER_ID,ROLE_ID,RESOURCE_ID,GUID,VALID,CREATE_TIME,CREATE_USER,UPDATE_TIME,UPDATE_USER)
    	SELECT SEQ_TB_AUTH_PERMISSION.NEXTVAL, A.* FROM(
	    	<foreach collection="list" item="item" index="index" separator="union all" >
			  SELECT
			  
		      <if test="item.userId != null" >
		        #{item.userId}
		      </if>
		      <if test="item.userId == null" >
		      	null userId
		      </if>
		      
		      <if test="item.roleId != null" >
		        ,#{item.roleId}
		      </if>
     		  <if test="item.roleId == null" >
		      	,null roleId
		      </if>
		      
		      <if test="item.resourceId != null" >
		        ,#{item.resourceId}
		      </if>
		      <if test="item.resourceId == null" >
		        ,null resourceId
		      </if>
		      
		      <if test="item.guid != null" >
		        ,#{item.guid}
		      </if>
		      <if test="item.guid == null" >
		        ,null guid
		      </if>
		      
		      <if test="item.valid != null" >
		        ,#{item.valid}
		      </if>
		      <if test="item.valid == null" >
		        ,null valid
		      </if>
		      
			  <if test="item.createTime!=null">
				,#{item.createTime}
			   </if>
			   <if test="item.createTime==null">
				,null createTime
			   </if>
			
			   <if test="item.createUser!=null">
				,#{item.createUser}
			   </if>
			   <if test="item.createUser==null">
				,null createUser
			   </if>

			   <if test="item.updateTime!=null">
				,#{item.updateTime}
			   </if>
			   <if test="item.updateTime==null">
				,null updateTime
			   </if>

			   <if test="item.updateUser!=null">
				,#{item.updateUser}
			   </if>
			   <if test="item.updateUser==null">
				,null updateUser
			   </if>
			   
			 FROM dual
			</foreach>
		)A
  </insert>
  
  <update id="updateByPrimaryKeySelective" parameterType="com.spring.scenic.system.domain.AuthPermission" >
    update TB_AUTH_PERMISSION
    <set >
      <if test="userId != null" >
        USER_ID = #{userId,jdbcType=DECIMAL},
      </if>
      <if test="roleId != null" >
        ROLE_ID = #{roleId,jdbcType=DECIMAL},
      </if>
      <if test="resourceId != null" >
        RESOURCE_ID = #{resourceId,jdbcType=DECIMAL},
      </if>
      <if test="guid != null" >
        GUID = #{guid,jdbcType=VARCHAR},
      </if>
      <if test="createTime != null" >
        CREATE_TIME = #{createTime,jdbcType=TIMESTAMP},
      </if>
      <if test="createUser != null" >
        CREATE_USER = #{createUser,jdbcType=DECIMAL},
      </if>
      <if test="updateTime != null" >
        UPDATE_TIME = #{updateTime,jdbcType=TIMESTAMP},
      </if>
      <if test="updateUser != null" >
        UPDATE_USER = #{updateUser,jdbcType=DECIMAL},
      </if>
      <if test="valid != null" >
        VALID = #{valid,jdbcType=DECIMAL},
      </if>
    </set>
    where ID = #{id,jdbcType=DECIMAL}
  </update>
  
  <update id="updateByPrimaryKey" parameterType="com.spring.scenic.system.domain.AuthPermission" >
    update TB_AUTH_PERMISSION
      set 
      USER_ID = #{userId,jdbcType=DECIMAL},
      ROLE_ID = #{roleId,jdbcType=DECIMAL},
      RESOURCE_ID = #{resourceId,jdbcType=DECIMAL},
      GUID = #{guid,jdbcType=VARCHAR},
      CREATE_TIME = #{createTime,jdbcType=TIMESTAMP},
      CREATE_USER = #{createUser,jdbcType=DECIMAL},
      UPDATE_TIME = #{updateTime,jdbcType=TIMESTAMP},
      UPDATE_USER = #{updateUser,jdbcType=DECIMAL},
      VALID = #{valid,jdbcType=DECIMAL}
    where ID = #{id,jdbcType=DECIMAL}
  </update>
  
</mapper>