<?xml version="1.0" encoding="UTF-8"?>
<!DOCTYPE mapper PUBLIC "-//mybatis.org//DTD Mapper 3.0//EN" "http://mybatis.org/dtd/mybatis-3-mapper.dtd">
<mapper namespace="com.spring.scenic.basic.infrastructure.CityLandMarkMapper" >
	<sql id="Base_Column_List">
		ID,NAME, PROVINCE_ID provinceid, COUNTRY_ID countryid
		, EN_NAME enName, VALID valid,
		CODE code,CREATE_USER creatuser,
		CREATE_TIME creattime,
		UPDATE_USER updateuser, UPDATE_TIME updatetime
	</sql>
	
	<!--查询国家信息，以id,name的形式封装在实体里返回-->
	<select id="getCountryList" 
		resultType="com.spring.scenic.basic.domain.City">
		 select id,name from tb_country
	</select>
	
	<!--查询省份信息，以id,name的形式封装在实体里返回-->
	<select id="getProvinceList" parameterType="java.lang.Integer"
		resultType="com.spring.scenic.basic.domain.City">
		select id, name from tb_province p where p.country_id = #{id,jdbcType=DECIMAL}
	</select>
	
	
	<select id="getCityLandMarkList" parameterType="com.spring.scenic.basic.domain.CityLandMark"
		resultType="com.spring.scenic.basic.domain.CityLandMark">
		select t.id,
        t.name,
        a.name countryName,
        t.city_id cityId,
        c.truename createName,
        p.name cityName,
        t.type typeId,
        t.valid status,
        a.valid countryValid,
        p.valid cityValid,
        nvl(c.truename, d.truename) updateName,
        nvl(c.id, d.id) userId,
        nvl(t.update_time, t.create_time) updateTime
	   from TB_CITY_LAND_MARK t
	   left join tb_auth_user c
	     on t.update_user = c.id
	   left join tb_auth_user d
	     on t.create_user = d.id
	   left join tb_city p
	     on p.id = t.city_id
	   left join tb_country a
	     on a.id = p.country_id
        where 1 =1
		<if test="name != null and name !='' ">
			and t.name like '%' ||TRIM(#{name})|| '%'
		</if>
		<if test="status != null">
			and t.valid = #{status}
		</if>
		<if test="cityId != null ">
			and t.city_id = #{cityId}
		</if>
		<if test="typeId != null ">
			and t.type = #{typeId}
		</if>
		order by t.create_time desc
	</select>
	<select id="selectByPrimaryKey" parameterType="java.lang.Integer"
		resultType="com.spring.scenic.basic.domain.CityLandMark">
		select
		<include refid="Base_Column_List" />
		from TB_CITY
		where ID = #{id,jdbcType=DECIMAL}
	</select>
	<!--  -->
	<select id="getCityLandMarkInfoById" parameterType="com.spring.scenic.basic.domain.CityLandMark"
		resultType="com.spring.scenic.basic.domain.CityLandMark">
		select t.id ,t.name,t.city_id cityId,t.valid,t.type typeId from tb_city_land_mark t
		where t.id =  #{id,jdbcType=DECIMAL}
		
		</select>
	<!-- 查询位置信息 -->
	<select id="getPositionList" parameterType="com.spring.scenic.basic.domain.CityLandMark"
		resultType="com.spring.scenic.basic.domain.CityLandMark">
		select
		t.lgn,t.lat,t.type typeId
		from tb_position t
		where t.OUT_RELATED_ID = #{id,jdbcType=DECIMAL}
		and t.out_related_type = #{outRelatedType,jdbcType=DECIMAL}
	</select>
	
	
	<delete id="deleteByPrimaryKey" parameterType="java.lang.Integer">
		delete from
		tb_city_land_mark
		where ID = #{id,jdbcType=DECIMAL}
	</delete>
	<insert id="addCityLandMarkInfo" parameterType="com.spring.scenic.basic.domain.CityLandMark">
		<selectKey keyProperty="sequence" order="BEFORE" resultType="java.lang.Integer">
			select seq_tb_city_land_mark.nextval from dual
		</selectKey>
		 INSERT INTO tb_city_land_mark 
        (ID,
         NAME,
         TYPE,
         CITY_ID,
         VALID,
         CREATE_TIME,
		 CREATE_USER)
		values (#{sequence,jdbcType=DECIMAL},
		#{name,jdbcType=VARCHAR},
		#{typeId,jdbcType=DECIMAL},
		#{cityId,jdbcType=DECIMAL},
		#{valid,jdbcType=DECIMAL},
		#{createTime,jdbcType=TIMESTAMP}, 
		#{createUser,jdbcType=DECIMAL})
	</insert>
	
	
	<insert id="insertPosition" parameterType="java.util.List" >
    	insert into tb_position (id,
	      lgn,
	      lat,
	      type,
	      valid,
	      out_related_id,
	      out_related_type,
	      create_time,
	      create_user)
    	SELECT seq_tb_position.nextval, A.* FROM(
    	<foreach collection="list" item="item" index="index" separator="union all" >
		SELECT #{item.lgn},#{item.lat},#{item.typeId},#{item.status},#{item.outRelatedId},#{item.outRelatedType},#{item.createTime},#{item.createUser} FROM dual
		</foreach>
	)A
  </insert>
  
  <insert id="insertLgnAndLat" parameterType="java.util.List" >
    	insert into tb_position (id,
	      lgn,
	      lat,
	      type,
	      valid,
	      out_related_id,
	      out_related_type,
	      create_time,
	      create_user)
    	SELECT seq_tb_position.nextval, A.* FROM(
    	<foreach collection="list" item="item" index="index" separator="union all" >
		SELECT #{item.lgn},#{item.lat},#{item.typeId},#{item.status},#{item.outRelatedId},#{item.outRelatedType},#{item.createTime},#{item.createUser} FROM dual
		</foreach>
	)A
  </insert>
	
	<update id="updateCityLandMarkInfo" parameterType="com.spring.scenic.basic.domain.CityLandMark">
		update
		tb_city_land_mark
		set NAME = #{name,jdbcType=VARCHAR},
		TYPE = #{typeId,jdbcType=DECIMAL},
		CITY_ID = #{cityId,jdbcType=DECIMAL},
		VALID = #{status,jdbcType=DECIMAL},
		UPDATE_USER = #{createUser,jdbcType=DECIMAL},
		UPDATE_TIME = #{createTime,jdbcType=TIMESTAMP}
		where ID = #{id,jdbcType=DECIMAL}
	</update>
	<update id="updateCityLandMarkStatus" parameterType="com.spring.scenic.basic.domain.CityLandMark">
	update tb_city_land_mark 
	set VALID = #{status,jdbcType=DECIMAL},
	UPDATE_USER = #{updateUser,jdbcType=DECIMAL},
	UPDATE_TIME = #{updateTime,jdbcType=TIMESTAMP}
	where ID = #{id,jdbcType=DECIMAL}
	</update>
	<update id="updatePositionStatus" parameterType="com.spring.scenic.basic.domain.CityLandMark">
	update tb_position
	set VALID = #{status,jdbcType=DECIMAL},
	UPDATE_USER = #{updateUser,jdbcType=DECIMAL},
	UPDATE_TIME = #{updateTime,jdbcType=TIMESTAMP}
	where OUT_RELATED_ID = #{id,jdbcType=DECIMAL}
	and OUT_RELATED_TYPE = #{outRelatedType,jdbcType=DECIMAL}
	</update>
	<update id="updatePositionInfo" parameterType="com.spring.scenic.basic.domain.CityLandMark">
	
	update tb_position
	set 
	LGN = #{lgn,jdbcType=VARCHAR},
	LAT = #{lat,jdbcType=VARCHAR},
	VALID = #{status,jdbcType=DECIMAL},
	UPDATE_USER = #{updateUser,jdbcType=DECIMAL},
	UPDATE_TIME = #{updateTime,jdbcType=TIMESTAMP}
	where OUT_RELATED_ID = #{outRelatedId,jdbcType=DECIMAL}
	and OUT_RELATED_TYPE = #{outRelatedType,jdbcType=DECIMAL} 
	and type = #{typeId,jdbcType=DECIMAL}
	</update>
	<!-- 查询位置信息的数量 -->
	<select id="getPositionCountByType" parameterType="com.spring.scenic.basic.domain.CityLandMark"
	resultType="java.lang.Integer">
	select count(1) from tb_position 
	where OUT_RELATED_ID = #{id,jdbcType=DECIMAL} 
	and type = #{typeId,jdbcType=DECIMAL}
	</select>
	
	<delete id="deleteList">
		
	<foreach collection="list" item="item" index="index" open="begin" close=";end;" separator=";" >
			delete from TB_POSITION  where 
			TYPE = #{item.typeId} and OUT_RELATED_ID = #{item.outRelatedId}
			and OUT_RELATED_TYPE = #{item.outRelatedType}
	</foreach>
	</delete>
	
	<update id="updateList">
		<foreach collection="list" item="item" index="index" open="begin" close=";end;" separator=";">
		update TB_POSITION 
		<set>
		LGN = ${item.lgn},
		LAT = ${item.lat},
		TYPE= ${item.typeId},
		valid = ${item.status},
		UPDATE_TIME = sysdate,
		UPDATE_USER = ${item.updateUser}
		</set>
		where OUT_RELATED_ID = ${item.outRelatedId}
		and OUT_RELATED_TYPE = ${item.outRelatedType}
		and TYPE = ${item.typeId}
		</foreach>
	</update>
	<!-- 查询地标的名称是否重复 -->
	<select id="getCityLandMarkCount" parameterType="com.spring.scenic.basic.domain.CityLandMark"
	resultType="java.lang.Integer">
	select count(1) from TB_CITY_LAND_MARK t where
		 t.name = #{name}
	     and t.city_id = #{cityId}
		 and t.type = #{typeId}
		 <if test="id != null" >
		 and t.id != #{id}
	 	</if>
	</select>
</mapper>