<?xml version="1.0" encoding="UTF-8"?>
<!DOCTYPE mapper PUBLIC "-//mybatis.org//DTD Mapper 3.0//EN" "http://mybatis.org/dtd/mybatis-3-mapper.dtd">
<mapper namespace="com.spring.scenic.basic.infrastructure.CityMapper">
	<sql id="Base_Column_List">
		ID,NAME, PROVINCE_ID provinceid, COUNTRY_ID countryid
		, EN_NAME enName, VALID valid,
		CODE code,CREATE_USER creatuser,
		CREATE_TIME creattime,
		UPDATE_USER updateuser, UPDATE_TIME updatetime
	</sql>
	
	<resultMap type="com.spring.scenic.basic.domain.CityArea" id="selectCantonAreaListResult">
		<result column="id" property="id"/>
		<result column="city_id" property="cityId"/>
		<result column="name" property="name"/>
		<result column="type" property="typeId"/>
		<result column="valid" property="valid"/>
		<result column="update_time" property="updateTime"/>
		<!-- <association property="updUser" javaType="com.spring.scenic.system.domain.AuthUser">
			<id column="update_user" property="id"/>
			<result column="updateUserName" property="truename"/>
		</association> -->
		<collection property="children" ofType="com.spring.scenic.basic.domain.CityBusinessArea" 
			select="selectBusinessAreaList" column="id">
		</collection>
	</resultMap>
	
	
	<!--查询国家信息，以id,name的形式封装在实体里返回-->
	<select id="getCountryList" 
		resultType="com.spring.scenic.basic.domain.City">
		 select id,name from tb_country
	</select>
	
	<!--查询省份信息，以id,name的形式封装在实体里返回-->
	<select id="getProvinceList" parameterType="java.lang.Integer"
		resultType="com.spring.scenic.basic.domain.City">
		select id, name from tb_province p where p.country_id = #{id,jdbcType=DECIMAL}
	</select>
	
	<!-- 公共方法专用：根据国家ID、省份ID查询城市 -->
	<select id="getCityByCountryOrProvince" parameterType="com.spring.scenic.basic.domain.City"
		resultType="com.spring.scenic.basic.domain.City">
		
		select t.id, t.name,t.valid status from tb_city t
		where 1=1
		<if test="countryId != null and provinceId == null ">
			and t.COUNTRY_ID = #{countryId}
		</if>
		<if test="countryId == null and provinceId != null ">
			and t.PROVINCE_ID = #{provinceId}
		</if>
		<if test="countryId != null and provinceId != null ">
			and (t.PROVINCE_ID = #{provinceId} or t.COUNTRY_ID = #{countryId})
		</if>
		
	</select>
	
	<!-- 通过id查询城市信息 -->
	<select id="getCityInfoById" parameterType="com.spring.scenic.basic.domain.City"
		resultType="com.spring.scenic.basic.domain.City">
		 select t.id,
           t.name,
           t.country_id  countryId,
           t.province_id provinceId,
           t.en_name     enName,
           t.code,
           t.pinyin,
           t.jianPin,
           t.initial_letter initialLetter,
           t.valid
	      from tb_city t
	    where ID = #{id,jdbcType=DECIMAL}
	</select>
	<!-- 通过id查询城市所属国家省份信息 -->
	<select id="getCountryProvinceInfoById" parameterType="com.spring.scenic.basic.domain.City"
		resultType="com.spring.scenic.basic.domain.City">
		 select t.id,
           t.name,
           t.country_id  countryId,
           t.province_id provinceId,
           t.en_name     enName,
           t.code,
           t.valid,
           p.valid provinceValid,
           c.valid countryValid
	      from tb_city t
	      left join tb_province p
	       on p.id = t.province_id
	       left join tb_country c
	       on c.id = t.country_id
	    where t.ID = #{id,jdbcType=DECIMAL}
	</select>
	<!-- 通过id查询城市区域所属行政区信息 -->
	<select id="getCantonInfoById" parameterType="com.spring.scenic.basic.domain.CityArea"
	resultType="com.spring.scenic.basic.domain.CityArea">
		select t.id,
           t.name,
           t.city_id  cityId,
           t.type typeId,
           a.valid cantonValid,
           t.INNER_RELEATED_ID innerReleatedId,
           t.valid 
           from tb_city_area t
           left join tb_city_area a
           on a.id = t.INNER_RELEATED_ID
	    where t.ID = #{id,jdbcType=DECIMAL}
	</select>
	<!-- 通过id查询城市区域信息 -->
	<select id="getCityAreaInfoById" parameterType="com.spring.scenic.basic.domain.CityArea"
		resultType="com.spring.scenic.basic.domain.CityArea">
		 select t.id,
           t.name,
           t.city_id  cityId,
           t.type typeId,
           t.INNER_RELEATED_ID innerReleatedId,
           t.valid
	      from tb_city_area t
	    where ID = #{id,jdbcType=DECIMAL}
	</select>
	<!-- 查询行政区下面的商业区集合 -->
	<select id="getBusinessAreaListByInnerReleatedId" parameterType="com.spring.scenic.basic.domain.CityArea"
		resultType="com.spring.scenic.basic.domain.CityArea">
		 select t.id,
           t.name,
           t.city_id  cityId,
           t.type typeId,
           t.INNER_RELEATED_ID innerReleatedId,
           t.valid
	      from tb_city_area t
	    where INNER_RELEATED_ID = #{id,jdbcType=DECIMAL}
	</select>
	
	
	<!-- 查询城市信息 -->
	<select id="getCityInfoList" 
		parameterType="com.spring.scenic.basic.domain.City" 
		resultType="com.spring.scenic.basic.domain.City">
		select t.id,
           t.name,
           t.province_id provinceId,
           t.country_id  countryId,
           t.en_name     enName,
           a.name countryName,
           p.name provinceName,
           t.valid status,
           a.valid countryValid,
           p.valid provinceValid,
           t.code,
           nvl(c.truename,d.truename) updateName,
           nvl(c.id,d.id) userId,
           nvl(t.update_time,t.create_time) updateDate,
           t.create_time createdate
        from tb_city t
        left join tb_auth_user c
	    on t.update_user = c.id
        left join tb_auth_user d
        on t.create_user = d.id
        left join tb_province p
        on p.id = t.province_id
         left join tb_country a
        on a.id = t.country_id
	     where 1 = 1
		<if test="name != null and name !='' ">
			and t.name like '%' ||TRIM(#{name})|| '%'
		</if>
		<if test="code !=null  and code !='' ">
			and t.code like '%' ||TRIM(#{code})|| '%'
		</if>
		<if test="status != null">
			and t.valid = #{status}
		</if>
		<if test="countryId != null and countryId != '' ">
			and t.country_id = #{countryId}
		</if>
		<if test="provinceId != null and provinceId != '' ">
			and t.province_id = #{provinceId}
		</if>
		order by t.create_time desc
	</select>
	
	<!-- 查询城市对应的区域信息 -->
	<!--行政区-->
	<select id="getCityAreaInfoList" 
		parameterType="com.spring.scenic.basic.domain.CityArea" 
		resultMap="selectCantonAreaListResult">
		select t.id,
		   t.city_id cityId,
           t.name,
           t.type typeId,
           t.valid,
           t.INNER_RELEATED_ID innerReleatedId,
           nvl(c.truename,d.truename) updateName,
           nvl(c.id,d.id) userId,
           nvl(t.update_time,t.create_time) updateTime,
           t.create_time createTime
        from tb_city_area t
        left join tb_auth_user c
	    on t.update_user = c.id
	    left join tb_auth_user d
	    on t.create_user = d.id
	    where 1 = 1 
	    <if test="cityId !=null">
	     and t.city_id = #{cityId,jdbcType=DECIMAL} 
	    </if>
		<if test="name != null and name !='' ">
			and t.name like '%' ||TRIM(#{name})|| '%'
		</if>
		<if test="valid != null">
			and t.valid = #{valid}
		</if>
		<if test="typeId != null ">
			and t.type = #{typeId}
		</if>
		order by t.create_time desc
	</select>
	<!-- 查询行政区下的商业区 -->
	<select id="selectBusinessAreaList" 
		parameterType="java.lang.Integer" 
		resultType="com.spring.scenic.basic.domain.CityBusinessArea">
		   select t.id,
		   t.city_id cityId,
           t.name,
           t.type typeId,
           t.valid,
           t.INNER_RELEATED_ID innerReleatedId,
           nvl(c.truename,d.truename) updateName,
           nvl(c.id,d.id) userId,
           nvl(t.update_time,t.create_time) updateTime,
           t.create_time createTime
        from tb_city_area t
        left join tb_auth_user c
	    on t.update_user = c.id
	    left join tb_auth_user d
	    on t.create_user = d.id
	    where t.INNER_RELEATED_ID =#{id} and t.type= 2
	    
	</select>
	<!--             区域查询重写                                                             -->
	<select id="getCantonAreaList" parameterType="com.spring.scenic.basic.domain.CityArea"
	 resultType="com.spring.scenic.basic.domain.CityArea">
	select t.id,
		   t.city_id cityId,
           t.name,
           t.type typeId,
           t.valid,
           t.INNER_RELEATED_ID innerReleatedId,
           nvl(c.truename,d.truename) updateName,
           nvl(c.id,d.id) userId,
           nvl(t.update_time,t.create_time) updateTime,
           t.create_time createTime
        from tb_city_area t
        left join tb_auth_user c
	    on t.update_user = c.id
	    left join tb_auth_user d
	    on t.create_user = d.id
	    where 1 = 1 
	    <if test="cityId !=null">
	     and t.city_id = #{cityId,jdbcType=DECIMAL} 
	    </if>
		<if test="name != null and name !='' ">
			and t.name like '%' ||TRIM(#{name})|| '%'
		</if>
		<if test="valid != null">
			and t.valid = #{valid}
		</if>
		<if test="typeId != null ">
			and t.type = #{typeId}
		</if>
		order by t.create_time desc
	</select>
	
	
	
	
	<!--              区域查询重写                                                                 -->
	<select id="selectByPrimaryKey" parameterType="java.lang.Integer"
		resultType="com.spring.scenic.basic.domain.City">
		select
		<include refid="Base_Column_List" />
		from TB_CITY
		where ID = #{id,jdbcType=DECIMAL}
	</select>
	
	<delete id="deleteByPrimaryKey" parameterType="java.lang.Integer">
		delete from
		TB_CITY
		where ID = #{id,jdbcType=DECIMAL}
	</delete>
	<!-- 启动禁用城市 -->
	<update id="updateCityStatus" parameterType="com.spring.scenic.basic.domain.City">
		update
		TB_CITY
		set VALID = #{status,jdbcType=DECIMAL},
		UPDATE_USER = #{updateUser,jdbcType=DECIMAL},
		UPDATE_TIME = #{updateDate,jdbcType=TIMESTAMP}
		where ID = #{id,jdbcType=DECIMAL}
	</update>
	<!-- 启动禁用城市区域 -->
	<update id="updateCityAreaStatus" parameterType="com.spring.scenic.basic.domain.CityArea">
		update
		TB_CITY_AREA
		set VALID = #{valid,jdbcType=DECIMAL},
		UPDATE_USER = #{updateUser,jdbcType=DECIMAL},
		UPDATE_TIME = #{updateTime,jdbcType=TIMESTAMP}
		where ID = #{id,jdbcType=DECIMAL}
	</update>
	<!-- 添加城市信息 -->
	<insert id="addCityInfo" parameterType="com.spring.scenic.basic.domain.City">
		<selectKey keyProperty="id" order="BEFORE" resultType="java.lang.Integer">
			select SEQ_TB_CITY.nextval from dual
		</selectKey>
		 INSERT INTO TB_City 
        (ID,
         NAME,
         PROVINCE_ID,
         COUNTRY_ID,
         EN_NAME,
         VALID,
         CODE,
         PINYIN,
         JIANPIN,
         INITIAL_LETTER,
         CREATE_TIME,
		 CREATE_USER)
		values (#{id,jdbcType=DECIMAL},
		#{name,jdbcType=VARCHAR},
		#{provinceId,jdbcType=DECIMAL},
		#{countryId,jdbcType=DECIMAL},
		#{enName,jdbcType=VARCHAR},
		#{status,jdbcType=DECIMAL},
		#{code,jdbcType=VARCHAR},
		#{pinyin,jdbcType=VARCHAR},
		#{jianPin,jdbcType=VARCHAR},
		#{initialLetter,jdbcType=VARCHAR},
		#{createDate,jdbcType=TIMESTAMP}, 
		#{createUser,jdbcType=DECIMAL})
	</insert>
	<!-- 添加城市对应的区域信息 -->
	<insert id="addCityAreaInfo" parameterType="com.spring.scenic.basic.domain.CityArea">
		<selectKey keyProperty="id" order="BEFORE" resultType="java.lang.Integer">
			select seq_tb_city_area.nextval from dual
		</selectKey>
		 INSERT INTO TB_CITY_AREA
        (ID,
         NAME,
         CITY_ID,
         TYPE,
         VALID,
         INNER_RELEATED_ID,
         CREATE_TIME,
		 CREATE_USER)
		values (#{id,jdbcType=DECIMAL},
		#{name,jdbcType=VARCHAR},
		#{cityId,jdbcType=DECIMAL},
		#{typeId,jdbcType=DECIMAL},
		#{valid,jdbcType=DECIMAL},
		#{innerReleatedId,jdbcType=DECIMAL},
		#{createTime,jdbcType=TIMESTAMP}, 
		#{createUser,jdbcType=DECIMAL})
	</insert>
	<!-- 更新城市信息 -->
	<update id="updateCityInfo" parameterType="com.spring.scenic.basic.domain.City">
		update
		TB_City
		set NAME = #{name,jdbcType=VARCHAR},
		PROVINCE_ID = #{provinceId,jdbcType=DECIMAL},
		COUNTRY_ID = #{countryId,jdbcType=DECIMAL},
		VALID = #{status,jdbcType=DECIMAL},
		EN_NAME = #{enName,jdbcType=VARCHAR},
		CODE = #{code,jdbcType=VARCHAR},
		PINYIN = #{pinyin,jdbcType=VARCHAR},
		JIANPIN = #{jianPin,jdbcType=VARCHAR},
		INITIAL_LETTER = #{initialLetter,jdbcType=VARCHAR},
		UPDATE_USER = #{createUser,jdbcType=DECIMAL},
		UPDATE_TIME = #{createDate,jdbcType=TIMESTAMP}
		where ID = #{id,jdbcType=DECIMAL}
	</update>
	<update id="updateCityAreaInfo" parameterType="com.spring.scenic.basic.domain.CityArea">
		update
		TB_City_AREA
		set NAME = #{name,jdbcType=VARCHAR},
		TYPE = #{typeId,jdbcType=DECIMAL},
		INNER_RELEATED_ID= #{innerReleatedId,jdbcType=DECIMAL},
		CITY_ID = #{cityId,jdbcType=DECIMAL},
		VALID = #{valid,jdbcType=DECIMAL},
		UPDATE_USER = #{createUser,jdbcType=DECIMAL},
		UPDATE_TIME = #{createTime,jdbcType=TIMESTAMP}
		where ID = #{id,jdbcType=DECIMAL}
	</update>
	<!--对一个行政区下面的商业区进行批量修改-->
	<!-- <update id="updateBusinessList">
		<foreach collection="list" item="item" index="index" open="begin" close=";end;" separator=";">
		update TB_City_AREA 
		<set>
		INNER_RELEATED_ID = #{item.innerReleatedId}
		UPDATE_TIME = sysdate,
		UPDATE_USER = ${item.updateUser}
		</set>
		where id = ${item.id}
		</foreach>
	</update> -->
	
	<update id="updateBusinessList">
	 update TB_City_AREA set
    INNER_RELEATED_ID=
  <foreach collection="list" item="item" index="index" separator=" " open="case ID" close="end">
      when #{item.id,jdbcType=DECIMAL} then #{item.innerReleatedId,jdbcType=DECIMAL}
  </foreach>
   ,UPDATE_TIME=
  <foreach collection="list" item="item" index="index" separator=" " open="case ID" close="end">
      when #{item.id,jdbcType=DECIMAL} then #{item.updateTime,jdbcType=TIMESTAMP}
  </foreach>
   ,UPDATE_USER=
  <foreach collection="list" item="item" index="index" separator=" " open="case ID" close="end">
      when #{item.id,jdbcType=DECIMAL} then #{item.updateUser,jdbcType=DECIMAL}
  </foreach>
  where ID in
  <foreach collection="list" index="index" item="item" separator="," open="(" close=")">
      #{item.id,jdbcType=DECIMAL}
  </foreach>
  </update>
	
	<!-- 获取当前城市行政区下拉框 -->
	<select id="getCantonList" parameterType="com.spring.scenic.basic.domain.CityArea"
		resultType="com.spring.scenic.basic.domain.CityArea">
		select id, name,valid from TB_City_AREA p where p.city_id = #{cityId,jdbcType=DECIMAL}
		and p.type =#{typeId,jdbcType=DECIMAL} 
	</select>
	<!-- 获取当前城市行政区下拉框（出去当前编辑行政区） -->
	<select id="getOtherCantonList" parameterType="com.spring.scenic.basic.domain.CityArea"
		resultType="com.spring.scenic.basic.domain.CityArea">
		select id, name,valid from TB_City_AREA p where p.city_id = #{cityId,jdbcType=DECIMAL}
		and p.type =#{typeId,jdbcType=DECIMAL} and p.id!=#{id,jdbcType=DECIMAL} 
	</select>
	<!-- 校验城市是否已经存在 -->
	<select id="getCityCount" parameterType="com.spring.scenic.basic.domain.City"
	resultType="java.lang.Integer">
		select count(1) from tb_city where name=#{name} 
		<if test="countryId!=null">
		and COUNTRY_ID=#{countryId}
		</if>
		<if test="id != null" >
		 and id != #{id}
	 	</if>
	 	<if test="provinceId != null" >
		 and PROVINCE_ID = #{provinceId}
	 	</if>
	</select>
	<!-- 校验城市对应的区域是否已经存在 -->
	<select id="getCityAreaCount" parameterType="com.spring.scenic.basic.domain.CityArea"
	resultType="java.lang.Integer">
		select count(1) from tb_city_area where name=#{name} 
		and TYPE=#{typeId}
		and CITY_ID =#{cityId}
		<if test="id != null" >
		 and id != #{id}
	 	</if>
	 	<if test="innerReleatedId != null" >
		 and INNER_RELEATED_ID = #{innerReleatedId}
	 	</if>
	</select>
	<!-- 查询没有父级行政区的商业区 -->
	<select id="getBusinessNoParentlistByCityId" parameterType="com.spring.scenic.basic.domain.CityArea"
	resultType="com.spring.scenic.basic.domain.CityArea">
	select name from tb_city_area where CITY_ID =#{cityId} and TYPE=#{typeId}
	and (INNER_RELEATED_ID is null or INNER_RELEATED_ID = '')
	</select>
	<!-- 查询当前父级行政区下面的商业区 -->
	<select id="getBusinessAreaHaveCommonParentList" parameterType="com.spring.scenic.basic.domain.CityArea"
	resultType="com.spring.scenic.basic.domain.CityArea">
	select name from tb_city_area where CITY_ID =#{cityId} and TYPE=#{typeId}
	and INNER_RELEATED_ID = #{innerReleatedId}
	</select>
	<!-- 通过innerealtedId集合批量查询行政区集合 -->
	<select id="selectByParentIdList" parameterType="java.util.List"
	 resultType="com.spring.scenic.basic.domain.CityArea">
		select t.id,
		   t.city_id cityId,
           t.name,
           t.type typeId,
           t.valid,
           t.INNER_RELEATED_ID innerReleatedId,
           nvl(c.truename,d.truename) updateName,
           nvl(c.id,d.id) userId,
           nvl(t.update_time,t.create_time) updateTime,
           t.create_time createTime
        from tb_city_area t
        left join tb_auth_user c
	    on t.update_user = c.id
	    left join tb_auth_user d
	    on t.create_user = d.id
	    where t.ID in
		<foreach collection="list" index="index" item="item" open="(" separator="," close=")">
        	#{item}
    	</foreach>
	</select>
</mapper>