<?xml version="1.0" encoding="UTF-8" ?>
<!DOCTYPE mapper PUBLIC "-//mybatis.org//DTD Mapper 3.0//EN" "http://mybatis.org/dtd/mybatis-3-mapper.dtd" >
<mapper namespace="com.spring.scenic.basic.basic.infrastructure.CityAreaMapper" >
  <resultMap id="BaseResultMap" type="com.spring.scenic.basic.domain.CityArea" >
    <!--
      WARNING - @mbggenerated
      This element is automatically generated by MyBatis Generator, do not modify.
      This element was generated on Thu Dec 22 10:43:53 CST 2016.
    -->
    <id column="ID" property="id" jdbcType="DECIMAL" />
    <result column="CITY_ID" property="cityId" jdbcType="DECIMAL" />
    <result column="NAME" property="name" jdbcType="VARCHAR" />
    <result column="TYPE" property="type" jdbcType="DECIMAL" />
    <result column="INNER_RELEATED_ID" property="innerReleatedId" jdbcType="DECIMAL" />
    <result column="VALID" property="valid" jdbcType="DECIMAL" />
    <result column="CREATE_TIME" property="createTime" jdbcType="TIMESTAMP" />
    <result column="CREATE_USER" property="createUser" jdbcType="DECIMAL" />
    <result column="UPDATE_TIME" property="updateTime" jdbcType="TIMESTAMP" />
    <result column="UPDATE_USER" property="updateUser" jdbcType="DECIMAL" />
  </resultMap>
  <sql id="Base_Column_List" >
    <!--
      WARNING - @mbggenerated
      This element is automatically generated by MyBatis Generator, do not modify.
      This element was generated on Thu Dec 22 10:43:53 CST 2016.
    -->
    ID, CITY_ID, NAME, TYPE, INNER_RELEATED_ID, VALID, CREATE_TIME, CREATE_USER, UPDATE_TIME, 
    UPDATE_USER
  </sql>
  <select id="selectByPrimaryKey" resultMap="BaseResultMap" parameterType="java.lang.Integer" >
    <!--
      WARNING - @mbggenerated
      This element is automatically generated by MyBatis Generator, do not modify.
      This element was generated on Thu Dec 22 10:43:53 CST 2016.
    -->
    select 
    <include refid="Base_Column_List" />
    from TB_CITY_AREA
    where ID = #{id,jdbcType=DECIMAL}
  </select>
  <delete id="deleteByPrimaryKey" parameterType="java.lang.Integer" >
    <!--
      WARNING - @mbggenerated
      This element is automatically generated by MyBatis Generator, do not modify.
      This element was generated on Thu Dec 22 10:43:53 CST 2016.
    -->
    delete from TB_CITY_AREA
    where ID = #{id,jdbcType=DECIMAL}
  </delete>
  <insert id="insert" parameterType="com.spring.scenic.basic.domain.CityArea" >
    <!--
      WARNING - @mbggenerated
      This element is automatically generated by MyBatis Generator, do not modify.
      This element was generated on Thu Dec 22 10:43:53 CST 2016.
    -->
    insert into TB_CITY_AREA (ID, CITY_ID, NAME, 
      TYPE, INNER_RELEATED_ID, VALID, 
      CREATE_TIME, CREATE_USER, UPDATE_TIME, 
      UPDATE_USER)
    values (#{id,jdbcType=DECIMAL}, #{cityId,jdbcType=DECIMAL}, #{name,jdbcType=VARCHAR}, 
      #{type,jdbcType=DECIMAL}, #{innerReleatedId,jdbcType=DECIMAL}, #{valid,jdbcType=DECIMAL}, 
      #{createTime,jdbcType=TIMESTAMP}, #{createUser,jdbcType=DECIMAL}, #{updateTime,jdbcType=TIMESTAMP}, 
      #{updateUser,jdbcType=DECIMAL})
  </insert>
  <insert id="insertSelective" parameterType="com.spring.scenic.basic.domain.CityArea" >
    <!--
      WARNING - @mbggenerated
      This element is automatically generated by MyBatis Generator, do not modify.
      This element was generated on Thu Dec 22 10:43:53 CST 2016.
    -->
    insert into TB_CITY_AREA
    <trim prefix="(" suffix=")" suffixOverrides="," >
      <if test="id != null" >
        ID,
      </if>
      <if test="cityId != null" >
        CITY_ID,
      </if>
      <if test="name != null" >
        NAME,
      </if>
      <if test="type != null" >
        TYPE,
      </if>
      <if test="innerReleatedId != null" >
        INNER_RELEATED_ID,
      </if>
      <if test="valid != null" >
        VALID,
      </if>
      <if test="createTime != null" >
        CREATE_TIME,
      </if>
      <if test="createUser != null" >
        CREATE_USER,
      </if>
      <if test="updateTime != null" >
        UPDATE_TIME,
      </if>
      <if test="updateUser != null" >
        UPDATE_USER,
      </if>
    </trim>
    <trim prefix="values (" suffix=")" suffixOverrides="," >
      <if test="id != null" >
        #{id,jdbcType=DECIMAL},
      </if>
      <if test="cityId != null" >
        #{cityId,jdbcType=DECIMAL},
      </if>
      <if test="name != null" >
        #{name,jdbcType=VARCHAR},
      </if>
      <if test="type != null" >
        #{type,jdbcType=DECIMAL},
      </if>
      <if test="innerReleatedId != null" >
        #{innerReleatedId,jdbcType=DECIMAL},
      </if>
      <if test="valid != null" >
        #{valid,jdbcType=DECIMAL},
      </if>
      <if test="createTime != null" >
        #{createTime,jdbcType=TIMESTAMP},
      </if>
      <if test="createUser != null" >
        #{createUser,jdbcType=DECIMAL},
      </if>
      <if test="updateTime != null" >
        #{updateTime,jdbcType=TIMESTAMP},
      </if>
      <if test="updateUser != null" >
        #{updateUser,jdbcType=DECIMAL},
      </if>
    </trim>
  </insert>
  <update id="updateByPrimaryKeySelective" parameterType="com.spring.scenic.basic.domain.CityArea" >
    <!--
      WARNING - @mbggenerated
      This element is automatically generated by MyBatis Generator, do not modify.
      This element was generated on Thu Dec 22 10:43:53 CST 2016.
    -->
    update TB_CITY_AREA
    <set >
      <if test="cityId != null" >
        CITY_ID = #{cityId,jdbcType=DECIMAL},
      </if>
      <if test="name != null" >
        NAME = #{name,jdbcType=VARCHAR},
      </if>
      <if test="type != null" >
        TYPE = #{type,jdbcType=DECIMAL},
      </if>
      <if test="innerReleatedId != null" >
        INNER_RELEATED_ID = #{innerReleatedId,jdbcType=DECIMAL},
      </if>
      <if test="valid != null" >
        VALID = #{valid,jdbcType=DECIMAL},
      </if>
      <if test="createTime != null" >
        CREATE_TIME = #{createTime,jdbcType=TIMESTAMP},
      </if>
      <if test="createUser != null" >
        CREATE_USER = #{createUser,jdbcType=DECIMAL},
      </if>
      <if test="updateTime != null" >
        UPDATE_TIME = #{updateTime,jdbcType=TIMESTAMP},
      </if>
      <if test="updateUser != null" >
        UPDATE_USER = #{updateUser,jdbcType=DECIMAL},
      </if>
    </set>
    where ID = #{id,jdbcType=DECIMAL}
  </update>
  <update id="updateByPrimaryKey" parameterType="com.spring.scenic.basic.domain.CityArea" >
    <!--
      WARNING - @mbggenerated
      This element is automatically generated by MyBatis Generator, do not modify.
      This element was generated on Thu Dec 22 10:43:53 CST 2016.
    -->
    update TB_CITY_AREA
    set CITY_ID = #{cityId,jdbcType=DECIMAL},
      NAME = #{name,jdbcType=VARCHAR},
      TYPE = #{type,jdbcType=DECIMAL},
      INNER_RELEATED_ID = #{innerReleatedId,jdbcType=DECIMAL},
      VALID = #{valid,jdbcType=DECIMAL},
      CREATE_TIME = #{createTime,jdbcType=TIMESTAMP},
      CREATE_USER = #{createUser,jdbcType=DECIMAL},
      UPDATE_TIME = #{updateTime,jdbcType=TIMESTAMP},
      UPDATE_USER = #{updateUser,jdbcType=DECIMAL}
    where ID = #{id,jdbcType=DECIMAL}
  </update>
</mapper>