<?xml version="1.0" encoding="UTF-8" ?>
<!DOCTYPE mapper PUBLIC "-//mybatis.org//DTD Mapper 3.0//EN" "http://mybatis.org/dtd/mybatis-3-mapper.dtd" >
<mapper namespace="com.spring.scenic.basic.infrastructure.CommercialApproveMapper" >
  <resultMap id="BaseResultMap" type="com.spring.scenic.basic.domain.CommercialApprove" >
    <id column="ID" property="id" jdbcType="DECIMAL" />
    <result column="NAME" property="name" jdbcType="VARCHAR" />
    <result column="PHONE" property="phone" jdbcType="VARCHAR" />
    <result column="ID_CARD_CODE" property="idCardCode" jdbcType="VARCHAR" />
    <result column="ID_CARD_IMAGE" property="idCardImage" jdbcType="VARCHAR" />
    <result column="EMAIL" property="email" jdbcType="VARCHAR" />
    <result column="BUSINESS_LICENSE_CODE" property="businessLicenseCode" jdbcType="VARCHAR" />
    <result column="BUSINESS_LICENSE_IMAGE" property="businessLicenseImage" jdbcType="VARCHAR" />
    <result column="SCENIC_SELLER_ID" property="scenicSellerId" jdbcType="DECIMAL" />
    <result column="GUID" property="guid" jdbcType="VARCHAR" />
    <result column="VALID" property="valid" jdbcType="DECIMAL" />
    <result column="CREATE_TIME" property="createTime" jdbcType="TIMESTAMP" />
    <result column="CREATE_USER" property="createUser" jdbcType="DECIMAL" />
    <result column="UPDATE_TIME" property="updateTime" jdbcType="TIMESTAMP" />
    <result column="UPDATE_USER" property="updateUser" jdbcType="DECIMAL" />
  </resultMap>
  <sql id="Base_Column_List" >
    ID, NAME, PHONE, ID_CARD_CODE, ID_CARD_IMAGE, EMAIL, BUSINESS_LICENSE_CODE, BUSINESS_LICENSE_IMAGE, 
    SCENIC_SELLER_ID, GUID, VALID, CREATE_TIME, CREATE_USER, UPDATE_TIME, UPDATE_USER
  </sql>
  <select id="selectByPrimaryKey" resultMap="BaseResultMap" parameterType="java.lang.Integer" >
    select 
    <include refid="Base_Column_List" />
    from TB_SCENIC_SELLER_AUTH
    where ID = #{id,jdbcType=DECIMAL}
  </select>
  <delete id="deleteByPrimaryKey" parameterType="java.lang.Integer" >
    delete from TB_SCENIC_SELLER_AUTH
    where ID = #{id,jdbcType=DECIMAL}
  </delete>
  <insert id="insert" parameterType="com.spring.scenic.basic.domain.CommercialApprove" >
   insert into TB_SCENIC_SELLER_AUTH
	  (ID,
	   NAME,
	   PHONE,
	   ID_CARD_CODE,
	   ID_CARD_IMAGE,
	   EMAIL,
	   BUSINESS_LICENSE_CODE,
	   BUSINESS_LICENSE_IMAGE,
	   SCENIC_SELLER_ID,
	   GUID,
	   VALID,
	   CREATE_TIME,
	   CREATE_USER,
	   UPDATE_TIME,
	   UPDATE_USER)
	values
	  (#{id,jdbcType = DECIMAL},
	   #{name,jdbcType = VARCHAR},
	   #{phone,jdbcType = VARCHAR},
	   #{idCardCode,jdbcType = VARCHAR},
	   #{idCardImage,jdbcType = VARCHAR},
	   #{email,jdbcType = VARCHAR},
	   #{businessLicenseCode,jdbcType = VARCHAR},
	   #{businessLicenseImage,jdbcType = VARCHAR},
	   #{scenicSellerId,jdbcType = DECIMAL},
	   #{guid,jdbcType = VARCHAR},
	   #{valid,jdbcType = DECIMAL},
	   #{createTime,jdbcType = TIMESTAMP},
	   #{createUser,jdbcType = DECIMAL},
	   #{updateTime,jdbcType = TIMESTAMP},
	   #{updateUser,jdbcType = DECIMAL})
   
  </insert>
  <insert id="insertSelective" parameterType="com.spring.scenic.basic.domain.CommercialApprove" >
    insert into TB_SCENIC_SELLER_AUTH
        ID,
        NAME,
        PHONE,
        ID_CARD_CODE,
        ID_CARD_IMAGE,
        EMAIL,
        BUSINESS_LICENSE_CODE,
        BUSINESS_LICENSE_IMAGE,
        SCENIC_SELLER_ID,
        GUID,
        VALID,
        CREATE_TIME,
        CREATE_USER,
        UPDATE_TIME,
        UPDATE_USER,
	values(
        #{id,jdbcType=DECIMAL},
        #{name,jdbcType=VARCHAR},
        #{phone,jdbcType=VARCHAR},
        #{idCardCode,jdbcType=VARCHAR},
        #{idCardImage,jdbcType=VARCHAR},
        #{email,jdbcType=VARCHAR},
        #{businessLicenseCode,jdbcType=VARCHAR},
        #{businessLicenseImage,jdbcType=VARCHAR},
        #{scenicSellerId,jdbcType=DECIMAL},
        #{guid,jdbcType=VARCHAR},
        #{valid,jdbcType=DECIMAL},
        #{createTime,jdbcType=TIMESTAMP},
        #{createUser,jdbcType=DECIMAL},
        #{updateTime,jdbcType=TIMESTAMP},
        #{updateUser,jdbcType=DECIMAL},
          )
  </insert>
  <update id="updateByPrimaryKeySelective" parameterType="com.spring.scenic.basic.domain.CommercialApprove" >
    update TB_SCENIC_SELLER_AUTH set
        NAME = #{name,jdbcType=VARCHAR},
        PHONE = #{phone,jdbcType=VARCHAR},
        ID_CARD_CODE = #{idCardCode,jdbcType=VARCHAR},
        ID_CARD_IMAGE = #{idCardImage,jdbcType=VARCHAR},
        EMAIL = #{email,jdbcType=VARCHAR},
        BUSINESS_LICENSE_CODE = #{businessLicenseCode,jdbcType=VARCHAR},
        BUSINESS_LICENSE_IMAGE = #{businessLicenseImage,jdbcType=VARCHAR},
        SCENIC_SELLER_ID = #{scenicSellerId,jdbcType=DECIMAL},
        GUID = #{guid,jdbcType=VARCHAR},
        VALID = #{valid,jdbcType=DECIMAL},
        CREATE_TIME = #{createTime,jdbcType=TIMESTAMP},
        CREATE_USER = #{createUser,jdbcType=DECIMAL},
        UPDATE_TIME = #{updateTime,jdbcType=TIMESTAMP},
        UPDATE_USER = #{updateUser,jdbcType=DECIMAL},
    where ID = #{id,jdbcType=DECIMAL}
  </update>
  <update id="updateByPrimaryKey" parameterType="com.spring.scenic.basic.domain.CommercialApprove" >
    update TB_SCENIC_SELLER_AUTH
	   set NAME                   = #{name,jdbcType = VARCHAR},
	       PHONE                  = #{phone,jdbcType = VARCHAR},
	       ID_CARD_CODE           = #{idCardCode,jdbcType = VARCHAR},
	       ID_CARD_IMAGE          = #{idCardImage,jdbcType = VARCHAR},
	       EMAIL                  = #{email,jdbcType = VARCHAR},
	       BUSINESS_LICENSE_CODE  = #{businessLicenseCode,jdbcType = VARCHAR},
	       BUSINESS_LICENSE_IMAGE = #{businessLicenseImage,jdbcType = VARCHAR},
	       SCENIC_SELLER_ID       = #{scenicSellerId,jdbcType = DECIMAL},
	       GUID                   = #{guid,jdbcType = VARCHAR},
	       VALID                  = #{valid,jdbcType = DECIMAL},
	       UPDATE_TIME            = #{updateTime,jdbcType = TIMESTAMP},
	       UPDATE_USER            = #{updateUser,jdbcType = DECIMAL}
	 where ID = #{id, jdbcType = DECIMAL}
  </update>
</mapper>