<?xml version="1.0" encoding="UTF-8" ?>
<!DOCTYPE mapper PUBLIC "-//mybatis.org//DTD Mapper 3.0//EN" "http://mybatis.org/dtd/mybatis-3-mapper.dtd" >
<mapper namespace="com.spring.scenic.basic.infrastructure.KeywordMapper" >
  <!-- 关键字 -->
  <resultMap id="BaseResultMap" type="com.spring.scenic.basic.domain.Keyword" >
    <id column="ID" property="id" jdbcType="DECIMAL" />
    <result column="NAME" property="name" jdbcType="VARCHAR" />
    <result column="TYPE" property="type" jdbcType="DECIMAL" />
    <result column="VALID" property="valid" jdbcType="DECIMAL" />
    <result column="OUT_RELATED_ID" property="outRelatedId" jdbcType="DECIMAL" />
    <result column="OUT_RELATED_TYPE" property="outRelatedType" jdbcType="DECIMAL" />
    <result column="CREATE_TIME" property="createTime" jdbcType="TIMESTAMP" />
    <result column="CREATE_USER" property="createUser" jdbcType="DECIMAL" />
    <result column="UPDATE_TIME" property="updateTime" jdbcType="TIMESTAMP" />
    <result column="UPDATE_USER" property="updateUser" jdbcType="DECIMAL" />
  </resultMap>
  
  <sql id="Base_Column_List" >
    t.ID, t.NAME, t.TYPE, t.VALID, t.OUT_RELATED_ID,t.OUT_RELATED_TYPE,t.CREATE_TIME, t.CREATE_USER, t.UPDATE_TIME, t.UPDATE_USER
  </sql>
  
  <resultMap id="BaseResultMapUserInfo" type="com.spring.scenic.basic.domain.Keyword" extends="BaseResultMap">
  	<result column="createUserName" property="createUserName" jdbcType="VARCHAR" />
  	<result column="updateUserName" property="updateUserName" jdbcType="VARCHAR" />
  </resultMap>
  
  <sql id="Base_Column_List_User_Info" >
    au.truename createUserName,au1.truename updateUserName
  </sql>
  
  <!-- 关键字关联表 -->
  <resultMap id="BaseResultMapKeywordRef" type="com.spring.scenic.basic.domain.KeywordRef" >
    <id column="ID" property="id" jdbcType="DECIMAL" />
    <result column="OUT_RELATED_ID" property="outRelatedId" jdbcType="DECIMAL" />
    <result column="OUT_RELATED_TYPE" property="outRelatedType" jdbcType="DECIMAL" />
    <result column="KEYWORD_ID" property="keywordId" jdbcType="DECIMAL" />
    <result column="ORD" property="ord" jdbcType="DECIMAL" />
    <result column="CREATE_TIME" property="createTime" jdbcType="TIMESTAMP" />
    <result column="CREATE_USER" property="createUser" jdbcType="DECIMAL" />
    <result column="UPDATE_TIME" property="updateTime" jdbcType="TIMESTAMP" />
    <result column="UPDATE_USER" property="updateUser" jdbcType="DECIMAL" />
  </resultMap>
  
   <!-- 带关键字表 -->
  <resultMap id="BaseResultMapKeyword" type="com.spring.scenic.basic.domain.KeywordRef" extends="BaseResultMapKeywordRef" >
    <association property="keyword" javaType="com.spring.scenic.basic.domain.Keyword">
		<id column="KEYWORDID" property="id" jdbcType="DECIMAL" />
	    <result column="NAME" property="name" jdbcType="VARCHAR" />
	    <result column="TYPE" property="type" jdbcType="DECIMAL" />
	    <result column="VALID" property="valid" jdbcType="DECIMAL" />
    </association>
  </resultMap>
  
  <sql id="Base_Column_List_Keyword_Ref">
  	A.ID,A.OUT_RELATED_ID,A.OUT_RELATED_TYPE,A.KEYWORD_ID,A.CREATE_TIME, A.CREATE_USER, A.UPDATE_TIME, A.UPDATE_USER
  </sql>
  
  <sql id="Base_Column_List_Keyword">
  	B.ID KEYWORDID,B.NAME,B.TYPE,B.VALID
  </sql>
  
  <!--查询相关内容关联的关键字-->
  <select id="getRealtiveKeywordList" parameterType="com.spring.scenic.basic.domain.KeywordRef"
  resultMap="BaseResultMapKeyword">
  	select
   <include refid="Base_Column_List_Keyword_Ref" />
   ,
   <include refid="Base_Column_List_Keyword" />
    from TB_KEYWORD_REF A
    left join TB_KEYWORD B
    on A.KEYWORD_ID=B.ID
    where A.OUT_RELATED_ID = #{outRelatedId,jdbcType=DECIMAL}
    AND A.OUT_RELATED_TYPE = #{outRelatedType,jdbcType=DECIMAL}
	ORDER BY A.ORD
  </select>
  
  
  <select id="selectByPrimaryKey" resultMap="BaseResultMap" parameterType="java.lang.Integer" >
    select 
    <include refid="Base_Column_List" />
    from TB_KEYWORD t
    where ID = #{id,jdbcType=DECIMAL}
  </select>
  
   <select id="getkeywordTypeByid" parameterType="com.spring.scenic.basic.domain.Keyword" resultType="java.lang.Integer" >
    select 
    type
    from TB_KEYWORD t
    where ID = #{keywordId,jdbcType=DECIMAL}
  </select>
  
  <select id="queryKeywordList" parameterType="com.spring.scenic.basic.domain.Keyword" resultMap="BaseResultMapUserInfo">
  	select 
	       t.ID, t.NAME, t.TYPE, t.VALID, t.OUT_RELATED_ID,t.OUT_RELATED_TYPE,
	       t.CREATE_TIME, t.CREATE_USER, t.UPDATE_TIME, t.UPDATE_USER,
	        nvl(au.truename,su.truename) createUserName,au1.truename updateUserName
	    from TB_KEYWORD t
		left join tb_auth_user au on au.id = t.create_user
	    left join tb_auth_user au1 on au1.id = t.update_user
	    left join tb_busi_seller_user su on t.create_user = su.id
    where 1=1
	   	<if test="name !=null  and name !='' ">
			and t.NAME like '%' ||TRIM(#{name})|| '%'
		</if>
		<if test="type !=null  and type !='' ">
			and t.type = #{type}
		</if>
		<if test="valid !=null  and valid !='' or valid == 0">
			and t.valid = #{valid}
		</if>
	 
  </select>
  
  
  <insert id="insert" parameterType="com.spring.scenic.basic.domain.Keyword" >
    insert into TB_KEYWORD (ID, NAME, TYPE, 
      VALID, OUT_RELATED_ID, CREATE_TIME, 
      CREATE_USER, UPDATE_TIME, UPDATE_USER
      )
    values (#{id,jdbcType=DECIMAL}, #{name,jdbcType=VARCHAR}, #{type,jdbcType=DECIMAL}, 
      #{valid,jdbcType=DECIMAL}, #{outRelatedId,jdbcType=DECIMAL}, #{createTime,jdbcType=TIMESTAMP}, 
      #{createUser,jdbcType=DECIMAL}, #{updateTime,jdbcType=TIMESTAMP}, #{updateUser,jdbcType=DECIMAL}
      )
  </insert>
  <insert id="insertSelective" parameterType="com.spring.scenic.basic.domain.Keyword" >
   <selectKey keyProperty="id" order="BEFORE" resultType="java.lang.Integer">
		select seq_tb_keyword.nextval from dual
	</selectKey>
    insert into TB_KEYWORD
    <trim prefix="(" suffix=")" suffixOverrides="," >
      <if test="id != null" >
        ID,
      </if>
      <if test="name != null" >
        NAME,
      </if>
      <if test="type != null" >
        TYPE,
      </if>
      <if test="valid != null" >
        VALID,
      </if>
      <if test="createTime != null" >
        CREATE_TIME,
      </if>
      <if test="createUser != null" >
        CREATE_USER,
      </if>
      <if test="updateTime != null" >
        UPDATE_TIME,
      </if>
      <if test="updateUser != null" >
        UPDATE_USER,
      </if>
    </trim>
    <trim prefix="values (" suffix=")" suffixOverrides="," >
      <if test="id != null" >
        #{id,jdbcType=DECIMAL},
      </if>
      <if test="name != null" >
        #{name,jdbcType=VARCHAR},
      </if>
      <if test="type != null" >
        #{type,jdbcType=DECIMAL},
      </if>
      <if test="valid != null" >
        #{valid,jdbcType=DECIMAL},
      </if>
      <if test="createTime != null" >
        #{createTime,jdbcType=TIMESTAMP},
      </if>
      <if test="createUser != null" >
        #{createUser,jdbcType=DECIMAL},
      </if>
      <if test="updateTime != null" >
        #{updateTime,jdbcType=TIMESTAMP},
      </if>
      <if test="updateUser != null" >
        #{updateUser,jdbcType=DECIMAL},
      </if>
    </trim>
  </insert>
  <update id="updateByPrimaryKeySelective" parameterType="com.spring.scenic.basic.domain.Keyword" >
    update TB_KEYWORD
    <set >
      <if test="name != null" >
        NAME = #{name,jdbcType=VARCHAR},
      </if>
      <if test="type != null" >
        TYPE = #{type,jdbcType=DECIMAL},
      </if>
      <if test="valid != null" >
        VALID = #{valid,jdbcType=DECIMAL},
      </if>
      <if test="outRelatedId != null" >
        OUT_RELATED_ID = #{outRelatedId,jdbcType=DECIMAL},
      </if>
      <if test="createTime != null" >
        CREATE_TIME = #{createTime,jdbcType=TIMESTAMP},
      </if>
      <if test="createUser != null" >
        CREATE_USER = #{createUser,jdbcType=DECIMAL},
      </if>
      <if test="updateTime != null" >
        UPDATE_TIME = #{updateTime,jdbcType=TIMESTAMP},
      </if>
      <if test="updateUser != null" >
        UPDATE_USER = #{updateUser,jdbcType=DECIMAL},
      </if>
    </set>
    where ID = #{id,jdbcType=DECIMAL}
  </update>
  
  <update id="updateByPrimaryKey" parameterType="com.spring.scenic.basic.domain.Keyword" >
    update TB_KEYWORD
    set NAME = #{name,jdbcType=VARCHAR},
      TYPE = #{type,jdbcType=DECIMAL},
      VALID = #{valid,jdbcType=DECIMAL},
      OUT_RELATED_ID = #{outRelatedId,jdbcType=DECIMAL},
      CREATE_TIME = #{createTime,jdbcType=TIMESTAMP},
      CREATE_USER = #{createUser,jdbcType=DECIMAL},
      UPDATE_TIME = #{updateTime,jdbcType=TIMESTAMP},
      UPDATE_USER = #{updateUser,jdbcType=DECIMAL}
    where ID = #{id,jdbcType=DECIMAL}
  </update>
  
  <update id="updateKeywordById">
  	update TB_KEYWORD
  		set
  		<if test="valid != null" >
  			VALID = #{valid,jdbcType=DECIMAL},
  		</if>
  		<if test="updateTime != null" >
  			UPDATE_TIME = #{updateTime,jdbcType=TIMESTAMP},
  		</if>
  		<if test="updateUser != null" >
        	UPDATE_USER = #{updateUser,jdbcType=DECIMAL}
        </if>
    where ID = #{id,jdbcType=DECIMAL}
  		
  </update>
  
  <select id="selectKeywordList" resultMap="BaseResultMap">
  		select 
	    <include refid="Base_Column_List" />
	    from TB_KEYWORD t
	    where t.VALID = 1
  </select>
  
   <!-- 内容配置推荐关键字添加页面联想查询关键字 -->
  <select id="getSysConfigKeywordsByImagine" resultMap="BaseResultMap" parameterType="com.spring.scenic.basic.domain.Keyword" >
    select 
    <include refid="Base_Column_List" />
    from TB_KEYWORD t
    where t.VALID = #{valid,jdbcType=DECIMAL}
    and t.NAME like '%' ||TRIM(#{name})|| '%'
  </select>
  
  
  <insert id="addTravelNoteKeyword">
   <selectKey keyProperty="id" order="BEFORE" resultType="java.lang.Integer">
		select seq_tb_keyword_ref.nextval from dual
	</selectKey>
    insert into TB_KEYWORD_REF
        (ID,
        OUT_RELATED_ID,
        OUT_RELATED_TYPE,
        KEYWORD_ID,
        ORD,
        CREATE_TIME,
        CREATE_USER,
        UPDATE_USER,
        UPDATE_TIME
        )
        values(
        #{id,jdbcType=DECIMAL},
        #{outRelatedId,jdbcType=DECIMAL},
        #{outRelatedType,jdbcType=DECIMAL},
        #{keywordId,jdbcType=DECIMAL},
        #{ord,jdbcType=DECIMAL},
        #{createTime,jdbcType=TIMESTAMP},
        #{createUser,jdbcType=DECIMAL},
        #{updateUser,jdbcType=DECIMAL}, 
        #{updateTime,jdbcType=TIMESTAMP}
      )
  </insert>
  
  <select id="getTravelKeywordRef" resultType="java.lang.Integer">
  	select count(1) from TB_KEYWORD_REF
  	where 1=2
  	<if test="outRelatedId !=null  and outRelatedId !='' ">
		or OUT_RELATED_ID = #{outRelatedId}
	</if>
	<if test="outRelatedType !=null  and outRelatedType !='' ">
		and OUT_RELATED_TYPE = #{outRelatedType}
	</if>
	<if test="keywordId !=null  and keywordId !='' ">
		and KEYWORD_ID = #{keywordId}
	</if>
  </select>
  
  <!-- 查询该系统配置中的关键字的数量 -->
  <select id="getSysConfigKeywordCount" resultType="java.lang.Integer">
  	select count(1) from TB_KEYWORD_REF
  	where OUT_RELATED_ID = #{outRelatedId}
  	and OUT_RELATED_TYPE = #{outRelatedType}
  </select>
  
  <!-- 查询该系统配置中该keywordId下的关键字的数量，作重复校验 -->
  <select id="getCurrentKeywordIdCount" resultType="java.lang.Integer">
  	select count(1) from TB_KEYWORD_REF
  	where OUT_RELATED_ID = #{outRelatedId}
  	and OUT_RELATED_TYPE = #{outRelatedType}
  	and KEYWORD_ID = #{keywordId}
  </select>
  
  <!-- 根据名字查询关键字的数量 -->
  <select id="selectKeyNameCountByParam" parameterType="com.spring.scenic.basic.domain.Keyword" resultType="java.lang.Integer">
<!--      select count(1) from TB_KEYWORD -->
<!--      where NAME = #{name,jdbcType=VARCHAR} -->
<!--      and   TYPE = #{type,jdbcType=DECIMAL} -->
<!--      and   VALID = #{valid,jdbcType=DECIMAL} -->
     
     select count(1)
	  from (select A.ID
	          from TB_KEYWORD A
	         where A.TYPE = #{type,jdbcType=DECIMAL}
	           and A.VALID = #{valid,jdbcType=DECIMAL}
	           and A.NAME = #{name,jdbcType=VARCHAR}) B
	 where B.ID in (select C.keyword_id
	                  from TB_KEYWORD_REF C
	                 where C.OUT_RELATED_TYPE = #{outRelatedType,jdbcType=DECIMAL}
	                   and C.OUT_RELATED_ID = #{outRelatedId,jdbcType=DECIMAL})
  </select>
  
  <select id="selectByTravelNoteKeywordList" resultType="com.spring.scenic.basic.domain.Keyword">
  	select t.id, t.type, t.valid, t.name,ref.OUT_RELATED_ID outRelatedId,ref.OUT_RELATED_TYPE outRelatedType,ref.KEYWORD_ID keywordId
	  from tb_keyword_ref ref
	  left join tb_keyword t
	    on t.id = ref.keyword_id
	 where 1=2
		<if test="outRelatedId !=null  and outRelatedId !='' ">
			or ref.out_related_id = #{outRelatedId}
		</if>
		<if test="outRelatedType !=null  and outRelatedType !='' ">
			and ref.out_related_type = #{outRelatedType}
		</if>
  </select>
  
  <delete id="delTravelNoteKeyword">
  	delete from tb_keyword_ref 
  	where out_related_id = #{outRelatedId} and out_related_type = #{outRelatedType} and KEYWORD_ID = #{keywordId}
  </delete>
  
  <!-- 删除系统配置类型相关关键字 -->
  <delete id="deleteSysConfigKeyword" parameterType="com.spring.scenic.basic.domain.KeywordRef">
  	delete from tb_keyword_ref 
  	where id = #{id,jdbcType=DECIMAL} 
  </delete>
  
  <!-- 系统配置关键字拖拽排序 -->
  <update id="updateSysConfigKeywordOrder">
	 update tb_keyword_ref set
	    ORD=
	  <foreach collection="list" item="item" index="index" separator=" " open="case ID" close="end">
	      when #{item.id,jdbcType=DECIMAL} then #{item.ord,jdbcType=DECIMAL}
	  </foreach>
	  where ID in
	  <foreach collection="list" index="index" item="item" separator="," open="(" close=")">
	      #{item.id,jdbcType=DECIMAL}
	  </foreach>
  </update>
  
  
</mapper>