<?xml version="1.0" encoding="UTF-8" ?>
<!DOCTYPE mapper PUBLIC "-//mybatis.org//DTD Mapper 3.0//EN" "http://mybatis.org/dtd/mybatis-3-mapper.dtd" >
<mapper namespace="com.spring.scenic.basic.infrastructure.PositionMapper" >
 
  <resultMap id="BaseResultMapPosition" type="com.spring.scenic.basic.domain.Position" >
    <id column="ID" property="id" jdbcType="DECIMAL" />
    <result column="LGN" property="lgn" jdbcType="VARCHAR" />
    <result column="LAT" property="lat" jdbcType="VARCHAR" />
    <result column="TYPE" property="type" jdbcType="DECIMAL" />
    <result column="VALID" property="valid" jdbcType="DECIMAL" />
    <result column="OUT_RELATED_ID" property="outRelatedId" jdbcType="DECIMAL" />
    <result column="OUT_RELATED_TYPE" property="outRelatedType" jdbcType="DECIMAL" />
    <result column="CREATE_TIME" property="createTime" jdbcType="TIMESTAMP" />
    <result column="CREATE_USER" property="createUser" jdbcType="DECIMAL" />
    <result column="UPDATE_TIME" property="updateTime" jdbcType="TIMESTAMP" />
    <result column="UPDATE_USER" property="updateUser" jdbcType="DECIMAL" />
  </resultMap>
  
  <sql id="BaseColumnListPosition" >
    ID, LGN, LAT, TYPE, VALID, OUT_RELATED_ID, OUT_RELATED_TYPE, CREATE_TIME, CREATE_USER, 
    UPDATE_TIME, UPDATE_USER
  </sql>
  
  <select id="selectByPrimaryKey" resultMap="BaseResultMapPosition" parameterType="java.lang.Integer" >
    select 
    <include refid="BaseColumnListPosition" />
    from TB_POSITION
    where ID = #{id,jdbcType=DECIMAL}
  </select>
  
  <select id="getPositionList" resultMap="BaseResultMapPosition" parameterType="com.spring.scenic.basic.domain.Position" >
    select 
    <include refid="BaseColumnListPosition" />
    from TB_POSITION
    where 1=1 
    <if test="outRelatedId != null" >
		AND OUT_RELATED_ID = #{outRelatedId}
    </if>
    <if test="outRelatedType != null" >
		AND OUT_RELATED_TYPE = #{outRelatedType}
    </if>
  </select>
  
  <delete id="deletePosition" parameterType="com.spring.scenic.basic.domain.Position" >
    delete from TB_POSITION
    where 1=1
    <if test="id != null" >
		AND ID = #{id}
    </if>
    <if test="outRelatedId != null" >
		AND OUT_RELATED_ID = #{outRelatedId}
    </if>
    <if test="outRelatedType != null" >
		AND OUT_RELATED_TYPE = #{outRelatedType}
    </if>
  </delete>
  
  <insert id="saveBatchPosition" parameterType="com.spring.scenic.basic.domain.Position" >
	insert into TB_POSITION (ID,LGN,LAT,TYPE,VALID,OUT_RELATED_ID,OUT_RELATED_TYPE,CREATE_TIME,CREATE_USER,UPDATE_TIME,UPDATE_USER)
    	SELECT SEQ_TB_POSITION.NEXTVAL, A.* FROM(
	    	<foreach collection="list" item="item" index="index" separator="union all" >
			SELECT
			
			<if test="item.lgn!=null">
				#{item.lgn}
			</if>
			<if test="item.lgn==null">
				null lgn
			</if>
			
			<if test="item.lat!=null">
				,#{item.lat}
			</if>
			<if test="item.lat==null">
				,null lat
			</if>
			
			<if test="item.type!=null">
				,#{item.type}
			</if>
			<if test="item.type==null">
				,null type
			</if>
			
			<if test="item.valid!=null">
				,#{item.valid}
			</if>
			<if test="item.valid==null">
				,null valid
			</if>
			
			<if test="item.outRelatedId!=null">
				,#{item.outRelatedId}
			</if>
			<if test="item.outRelatedId==null">
				,null outRelatedId
			</if>
			
			<if test="item.outRelatedType!=null">
				,#{item.outRelatedType}
			</if>
			<if test="item.outRelatedType==null">
				,null outRelatedType
			</if>
			
			<if test="item.createTime!=null">
				,#{item.createTime}
			</if>
			<if test="item.createTime==null">
				,null createTime
			</if>
			
			<if test="item.createUser!=null">
				,#{item.createUser}
			</if>
			<if test="item.createUser==null">
				,null createUser
			</if>

			<if test="item.updateTime!=null">
				,#{item.updateTime}
			</if>
			<if test="item.updateTime==null">
				,null updateTime
			</if>

			<if test="item.updateUser!=null">
				,#{item.updateUser}
			</if>
			<if test="item.updateUser==null">
				,null updateUser
			</if>
			
			 FROM dual
			</foreach>
		)A
  </insert>

  <insert id="insertSelective" parameterType="com.spring.scenic.basic.domain.Position" >
    insert into TB_POSITION
    <trim prefix="(" suffix=")" suffixOverrides="," >
      <if test="id != null" >
        ID,
      </if>
      <if test="lgn != null" >
        LGN,
      </if>
      <if test="lat != null" >
        LAT,
      </if>
      <if test="type != null" >
        TYPE,
      </if>
      <if test="valid != null" >
        VALID,
      </if>
      <if test="outRelatedId != null" >
        OUT_RELATED_ID,
      </if>
      <if test="outRelatedType != null" >
        OUT_RELATED_TYPE,
      </if>
      <if test="createTime != null" >
        CREATE_TIME,
      </if>
      <if test="createUser != null" >
        CREATE_USER,
      </if>
      <if test="updateTime != null" >
        UPDATE_TIME,
      </if>
      <if test="updateUser != null" >
        UPDATE_USER,
      </if>
    </trim>
    <trim prefix="values (" suffix=")" suffixOverrides="," >
      <if test="id != null" >
        #{id,jdbcType=DECIMAL},
      </if>
      <if test="lgn != null" >
        #{lgn,jdbcType=VARCHAR},
      </if>
      <if test="lat != null" >
        #{lat,jdbcType=VARCHAR},
      </if>
      <if test="type != null" >
        #{type,jdbcType=DECIMAL},
      </if>
      <if test="valid != null" >
        #{valid,jdbcType=DECIMAL},
      </if>
      <if test="outRelatedId != null" >
        #{outRelatedId,jdbcType=DECIMAL},
      </if>
      <if test="outRelatedType != null" >
        #{outRelatedType,jdbcType=DECIMAL},
      </if>
      <if test="createTime != null" >
        #{createTime,jdbcType=TIMESTAMP},
      </if>
      <if test="createUser != null" >
        #{createUser,jdbcType=DECIMAL},
      </if>
      <if test="updateTime != null" >
        #{updateTime,jdbcType=TIMESTAMP},
      </if>
      <if test="updateUser != null" >
        #{updateUser,jdbcType=DECIMAL},
      </if>
    </trim>
  </insert>
  
  <update id="updateByPrimaryKeySelective" parameterType="com.spring.scenic.basic.domain.Position" >
    update TB_POSITION
    <set >
      <if test="lgn != null" >
        LGN = #{lgn,jdbcType=VARCHAR},
      </if>
      <if test="lat != null" >
        LAT = #{lat,jdbcType=VARCHAR},
      </if>
      <if test="type != null" >
        TYPE = #{type,jdbcType=DECIMAL},
      </if>
      <if test="valid != null" >
        VALID = #{valid,jdbcType=DECIMAL},
      </if>
      <if test="outRelatedId != null" >
        OUT_RELATED_ID = #{outRelatedId,jdbcType=DECIMAL},
      </if>
      <if test="outRelatedType != null" >
        OUT_RELATED_TYPE = #{outRelatedType,jdbcType=DECIMAL},
      </if>
      <if test="createTime != null" >
        CREATE_TIME = #{createTime,jdbcType=TIMESTAMP},
      </if>
      <if test="createUser != null" >
        CREATE_USER = #{createUser,jdbcType=DECIMAL},
      </if>
      <if test="updateTime != null" >
        UPDATE_TIME = #{updateTime,jdbcType=TIMESTAMP},
      </if>
      <if test="updateUser != null" >
        UPDATE_USER = #{updateUser,jdbcType=DECIMAL},
      </if>
    </set>
    where ID = #{id,jdbcType=DECIMAL}
  </update>
  
  <update id="updateByPrimaryKey" parameterType="com.spring.scenic.basic.domain.Position" >
    update TB_POSITION
    set LGN = #{lgn,jdbcType=VARCHAR},
      LAT = #{lat,jdbcType=VARCHAR},
      TYPE = #{type,jdbcType=DECIMAL},
      VALID = #{valid,jdbcType=DECIMAL},
      OUT_RELATED_ID = #{outRelatedId,jdbcType=DECIMAL},
      OUT_RELATED_TYPE = #{outRelatedType,jdbcType=DECIMAL},
      CREATE_TIME = #{createTime,jdbcType=TIMESTAMP},
      CREATE_USER = #{createUser,jdbcType=DECIMAL},
      UPDATE_TIME = #{updateTime,jdbcType=TIMESTAMP},
      UPDATE_USER = #{updateUser,jdbcType=DECIMAL}
    where ID = #{id,jdbcType=DECIMAL}
  </update>
  
</mapper>