<?xml version="1.0" encoding="UTF-8"?>
<!DOCTYPE mapper PUBLIC "-//mybatis.org//DTD Mapper 3.0//EN" "http://mybatis.org/dtd/mybatis-3-mapper.dtd">
<mapper namespace="com.spring.scenic.basic.infrastructure.ScenicCommercialMapper">
	<resultMap id="BaseResultMapScenicSeller" type="com.spring.scenic.basic.domain.ScenicCommercial">
	    <id column="ID" jdbcType="DECIMAL" property="id" />
	    <result column="NAME" jdbcType="VARCHAR" property="name" />
	    <result column="TYPE" jdbcType="VARCHAR" property="type" />
	    <result column="TYPE_CATEGORY" jdbcType="VARCHAR" property="typeCategory" />
	    <result column="PARENT_ID" jdbcType="DECIMAL" property="parentId" />
	    <result column="CITY_ID" jdbcType="DECIMAL" property="cityId" />
	    <result column="CITY_AREA_ID" jdbcType="DECIMAL" property="cityAreaId" />
	    <result column="ADDRESS" jdbcType="VARCHAR" property="address" />
	    <result column="TEL" jdbcType="VARCHAR" property="tel" />
	    <result column="VALID" jdbcType="DECIMAL" property="valid" />
	    <result column="BUSINESS_TIME" jdbcType="VARCHAR" property="businessTime" />
	    <result column="TRAFFICS" jdbcType="CLOB" javaType="java.lang.String" property="traffics" />
	    <result column="INTRODUCE" jdbcType="CLOB" javaType="java.lang.String" property="introduce" />
	    <result column="TIPS" jdbcType="CLOB" javaType="java.lang.String" property="tips" />
	    <result column="STAR_LEVEL" jdbcType="VARCHAR" property="starLevel" />
	    <result column="GUID" jdbcType="VARCHAR" property="guid" />
	    <result column="AUTY_STATUS" jdbcType="DECIMAL" property="autyStatus" />
	    <result column="CREATE_TIME" jdbcType="TIMESTAMP" property="createTime" />
	    <result column="CREATE_USER" jdbcType="DECIMAL" property="createUser" />
	    <result column="UPDATE_TIME" jdbcType="TIMESTAMP" property="updateTime" />
	    <result column="UPDATE_USER" jdbcType="DECIMAL" property="updateUser" />
	    <result column="COVERS_IMAGE_URL" jdbcType="VARCHAR" property="coversImageUrl" />
	    <result column="COVERS_IMAGE_NAME" jdbcType="VARCHAR" property="coversImageName" />
  </resultMap>
  
   <sql id="BaseColumnListScenicSeller">
	    t.ID, t.NAME, t.TYPE, t.TYPE_CATEGORY, t.PARENT_ID, t.CITY_ID, t.CITY_AREA_ID, t.ADDRESS, t.TEL, t.VALID, 
	    t.BUSINESS_TIME, t.TRAFFICS,t.INTRODUCE,t.TIPS,t.STAR_LEVEL, t.GUID, t.AUTY_STATUS, t.CREATE_TIME, t.CREATE_USER, t.UPDATE_TIME, 
	    t.UPDATE_USER, t.COVERS_IMAGE_URL,t.COVERS_IMAGE_NAME
   </sql>
   
   <!-- 列表分类union不能包含clob字段 -->
   <sql id="BaseColumnListScenicSellerUnClob">
	    t.ID, t.NAME, t.TYPE, t.TYPE_CATEGORY, t.PARENT_ID, t.CITY_ID, t.CITY_AREA_ID, t.ADDRESS, t.TEL, t.VALID, 
	    t.BUSINESS_TIME, t.STAR_LEVEL, t.GUID, t.AUTY_STATUS, t.CREATE_TIME, t.CREATE_USER, t.UPDATE_TIME, 
	    t.UPDATE_USER, t.COVERS_IMAGE_URL,t.COVERS_IMAGE_NAME
   </sql>
   
   <resultMap id="UserInfoResultMapScenicSeller" type="com.spring.scenic.basic.domain.ScenicCommercial" extends="BaseResultMapScenicSeller">
   		<result column="updateUserName" jdbcType="VARCHAR" property="updateUserName" />
	    <result column="createuserName" jdbcType="VARCHAR" property="createuserName" />
   </resultMap>
   
   <sql id="UserInfoColumnListScenicSeller">
	    au.truename createuserName,au1.truename updateUserName
   </sql>
   
	
	<!-- 查询景区商户 -->
	<select id="getScenicCommercial" resultMap="UserInfoResultMapScenicSeller">
		select 
		 <include refid="BaseColumnListScenicSeller" />,
		  <include refid="UserInfoColumnListScenicSeller" />
	    from TB_SCENIC_SELLER t
	    left join tb_auth_user au on t.create_user = au.id
	    left join tb_auth_user au1 on t.update_user = au1.id
		where 1=1
		<if test="id!= null and id!='' ">
			and t.id = #{id} 
		</if>
	</select>
	
	<!-- 修改景区商户 -->
	<update id="updateScenicCommercial" parameterType="com.spring.scenic.basic.domain.ScenicCommercial">
	    update TB_SCENIC_SELLER
	    set NAME = #{name,jdbcType=VARCHAR},
	      TYPE = #{type,jdbcType=VARCHAR},
	      TYPE_CATEGORY = #{typeCategory,jdbcType=VARCHAR},
	      PARENT_ID = #{parentId,jdbcType=DECIMAL},
	      CITY_ID = #{cityId,jdbcType=DECIMAL},
	      CITY_AREA_ID = #{cityAreaId,jdbcType=DECIMAL},
	      ADDRESS = #{address,jdbcType=VARCHAR},
	      TEL = #{tel,jdbcType=VARCHAR},
	      VALID = #{valid,jdbcType=DECIMAL},
	      BUSINESS_TIME = #{businessTime,jdbcType=VARCHAR},
	      STAR_LEVEL = #{starLevel,jdbcType=VARCHAR},
	      GUID = #{guid,jdbcType=VARCHAR},
	      AUTY_STATUS = #{autyStatus,jdbcType=DECIMAL},
	      CREATE_TIME = #{createTime,jdbcType=TIMESTAMP},
	      CREATE_USER = #{createUser,jdbcType=DECIMAL},
	      UPDATE_TIME = #{updateTime,jdbcType=TIMESTAMP},
	      UPDATE_USER = #{updateUser,jdbcType=DECIMAL},
	      COVERS_IMAGE_URL = #{coversImageUrl,jdbcType=VARCHAR},
	      COVERS_IMAGE_NAME = #{coversImageName,jdbcType=VARCHAR},
	      TRAFFICS = #{traffics,jdbcType=CLOB},
	      INTRODUCE = #{introduce,jdbcType=CLOB},
	      TIPS = #{tips,jdbcType=CLOB}
	    where ID = #{id,jdbcType=DECIMAL}
	</update>
	
	<select id="selectScenicCommercialForManager" 	resultMap="UserInfoResultMapScenicSeller">
		select 
		<include refid="BaseColumnListScenicSeller" />,
		  <include refid="UserInfoColumnListScenicSeller" />
	    from TB_SCENIC_SELLER t
	    left join tb_auth_user au on t.create_user = au.id
	    left join tb_auth_user au1 on t.update_user = au1.id
		where t.parent_id is null
		<if test="type != null and type !='' ">
			and t.type = #{type} 
		</if>
		<if test="name !=null  and name !='' ">
			and t.name like '%' ||TRIM(#{name})|| '%'
		</if>
		<if test="typeCategory !=null  and typeCategory !='' ">
			and t.type_category = #{typeCategory} 
		</if>
		<if test="valid !=null">
			and t.valid = #{valid}
		</if>
		order by t.create_time desc
	</select>
	
	<select id="queryScenicCommercial" resultMap="UserInfoResultMapScenicSeller">
		select t.* from (
			select 
			<include refid="BaseColumnListScenicSellerUnClob" />,
			  <include refid="UserInfoColumnListScenicSeller" />
		    from TB_SCENIC_SELLER t
		    left join tb_auth_user au on t.create_user = au.id
		    left join tb_auth_user au1 on t.update_user = au1.id
			START WITH  1=1
			CONNECT BY PRIOR t.ID = t.PARENT_ID  
		)t where 1=1 
		<if test="type != null and type !='' ">
			and t.type = #{type} 
		</if>
		<if test="name !=null  and name !='' ">
			and t.name like '%' ||TRIM(#{name})|| '%'
		</if>
		<if test="typeCategory !=null  and typeCategory !='' ">
			and t.type_category = #{typeCategory} 
		</if>
		<if test="valid !=null">
			and t.valid = #{valid}
		</if>
		
		union 
		
		select 
		<include refid="BaseColumnListScenicSellerUnClob" />,
		  <include refid="UserInfoColumnListScenicSeller" />
	    from TB_SCENIC_SELLER t
	    left join tb_auth_user au on t.create_user = au.id
	    left join tb_auth_user au1 on t.update_user = au1.id
		START WITH  1=1
		<if test="type != null and type !='' ">
			and t.type = #{type} 
		</if>
		<if test="name !=null  and name !='' ">
			and t.name like '%' ||TRIM(#{name})|| '%'
		</if>
		<if test="typeCategory !=null  and typeCategory !='' ">
			and t.type_category = #{typeCategory} 
		</if>
		<if test="valid !=null">
			and t.valid = #{valid}
		</if>
		CONNECT BY PRIOR t.PARENT_ID  = t.ID
		
	</select>
	
	

	<select id="selectScenicCommercialItemForManager" 
		resultMap="UserInfoResultMapScenicSeller">
		select 
		<include refid="BaseColumnListScenicSeller" />,
		  <include refid="UserInfoColumnListScenicSeller" />
	    from TB_SCENIC_SELLER t
	    left join tb_auth_user au on t.create_user = au.id
	    left join tb_auth_user au1 on t.update_user = au1.id
		where 1=1
		<if test="type != null and type !='' ">
			and t.type = #{type} 
		</if>
		<if test="name !=null  and name !='' ">
			and t.name like '%' ||TRIM(#{name})|| '%'
		</if>
		<if test="typeCategory !=null  and typeCategory !='' ">
			and t.type_category = #{typeCategory} 
		</if>
		<if test="valid !=null">
			and t.valid = #{valid}
		</if>
		order by t.id desc
	</select>

	<select id="selectByScenicCommercialCriteria"
		resultType="com.spring.scenic.basic.domain.ScenicCommercial">
		select t.id,
		   t.name scenicCommercialName,
	       t.type scenicCommercialClasses,
	       t.type_category typeCategory,
	       t.parent_id parentId,
	       t.city_id cityId,
	       t.city_area_id cityAreaId,
	       t.address,
	       t.tel,
	       t.valid,
	       t.star_level starLevel,
	       t.create_time createTime,
	       t.create_user createUser,
	       t.update_time updateTime,
	       t.update_user updateUser
	  from TB_SCENIC_SELLER t
		where 1=1
		<if test="type != null and type !='' ">
			and t.type = #{type} 
		</if>
		<if test="name !=null  and name !='' ">
			and t.name like '%' ||TRIM(#{name})|| '%'
		</if>
		<if test="typeCategory !=null  and typeCategory !='' ">
			and t.type_category = #{typeCategory} 
		</if>
		<if test="valid !=null">
			and t.valid = #{valid} 
		</if>
	</select>

	<select id="selectByPrimaryKey" parameterType="java.lang.Integer"
		resultType="com.spring.scenic.basic.domain.ScenicCommercial">
		  select t.id,
           t.name,
           t.type,
           case when t.type = 1 then '景区' when t.type=2 then '商户' end typeName,
           t.type_category typeCategory,
           d.name typeCategoryName,
           t.parent_id parentId,
           c.name parentName,
           t.city_id cityId,
           a.name cityName,
           t.city_area_id cityAreaId,
           b.name cityAreaName,
           t.address,
           t.tel,
           t.valid,
           t.star_level starLevel,
           t.business_time businessTime,
           t.traffics ,
           t.introduce ,
           t.tips,
           t.guid,
           t.auty_status autyStatus,
           t.COVERS_IMAGE_URL coversImageUrl,
           t.COVERS_IMAGE_NAME coversImageName,
           t.create_time createTime,
           t.create_user createUser,
           t.update_time updateTime,
           t.update_user updateUser
      from TB_SCENIC_SELLER t
      left join tb_city a on a.id=t.city_id
      left join tb_city_area b on b.id = t.city_area_id
      left join TB_SCENIC_SELLER c on c.id = t.parent_id
      left join tb_dictionary d on t.type_category = d.id
    where t.ID = #{id,jdbcType=DECIMAL}
	</select>
	
	<select id="selectByPrimaryIdList" parameterType="java.util.List"
	resultType="com.spring.scenic.basic.domain.ScenicCommercial">
		  select t.id,
           t.name,
           t.type,
           case when t.type = 1 then '景区' when t.type=2 then '商户' end typeName,
           t.type_category typeCategory,
           d.name typeCategoryName,
           t.parent_id parentId,
           c.name parentName,
           t.city_id cityId,
           a.name cityName,
           t.city_area_id cityAreaId,
           b.name cityAreaName,
           t.address,
           t.tel,
           t.valid,
           t.star_level starLevel,
           t.business_time businessTime,
           t.traffics ,
           t.introduce ,
           t.tips,
           t.guid,
           t.COVERS_IMAGE_URL coversImageUrl,
           t.COVERS_IMAGE_NAME coversImageName,
           t.auty_status autyStatus,
           t.create_time createTime,
           t.create_user createUser,
           t.update_time updateTime,
           t.update_user updateUser
      from TB_SCENIC_SELLER t
      left join tb_city a on a.id=t.city_id
      left join tb_city_area b on b.id = t.city_area_id
      left join TB_SCENIC_SELLER c on c.id = t.parent_id
      left join tb_dictionary d on t.type_category = d.id
    where t.ID in
    <foreach collection="list" index="index" item="item" open="(" separator="," close=")">
        	#{item}
    </foreach>
	</select>
	
	<delete id="deleteByPrimaryKey" parameterType="java.lang.Integer">
		delete from
		TB_SCENIC_SELLER
		where ID = #{id,jdbcType=DECIMAL}
	</delete>
	<insert id="addScenicCommercial">
		<selectKey keyProperty="id" order="BEFORE" resultType="java.lang.Integer">
			select SEQ_TB_SCENIC_SELLER.nextval from dual
		</selectKey>
		insert into TB_SCENIC_SELLER
		  (ID,
		   NAME,
		   type,
		   type_category,
		   parent_id,
		   city_id,
		   city_area_id,
		   address,
		   tel,
		   star_level,
		   COVERS_IMAGE_URL,
		   COVERS_IMAGE_NAME,
		   valid,
		   CREATE_TIME,
		   CREATE_USER,
		   UPDATE_USER,
		   UPDATE_TIME)
		values (#{id,jdbcType=DECIMAL},
			#{name,jdbcType=VARCHAR},
			#{type,jdbcType=VARCHAR},
			#{typeCategory,jdbcType=VARCHAR},
			#{parentId,jdbcType=DECIMAL},
			#{cityId,jdbcType=DECIMAL},
			#{cityAreaId,jdbcType=DECIMAL},
			#{address,jdbcType=VARCHAR},
			#{tel,jdbcType=VARCHAR},
			#{starLevel,jdbcType=DECIMAL},
			#{coversImageUrl,jdbcType=VARCHAR},
			#{coversImageName,jdbcType=VARCHAR},
			#{valid,jdbcType=DECIMAL},
			sysdate,
			#{createUser,jdbcType=DECIMAL},
			#{updateUser,jdbcType=DECIMAL},
			#{updateTime,jdbcType=DATE}
			)
	</insert>
	
	<update id="updateByPrimaryKey" parameterType="com.spring.scenic.basic.domain.ScenicCommercial">
		update
		TB_SCENIC_SELLER
		<set>
			<if test="name != null" >
				NAME = #{name,jdbcType=VARCHAR},
			</if>
			<if test="type != null" >
				type = #{type,jdbcType=VARCHAR},
			</if>
			<if test="typeCategory != null" >
				type_category = #{typeCategory,jdbcType=VARCHAR},
			</if>
			<if test="parentId != null" >
				parent_id = #{parentId,jdbcType=DECIMAL},
			</if>
			<if test="cityId != null" >
				city_id = #{cityId,jdbcType=DECIMAL},
			</if>
			<if test="cityAreaId != null" >
				city_area_id = #{cityAreaId,jdbcType=DECIMAL},
			</if>
			<if test="address != null" >
				address = #{address,jdbcType=VARCHAR},
			</if>
			<if test="tel != null" >
				tel = #{tel,jdbcType=VARCHAR},
			</if>
			<if test="starLevel != null" >
				star_level = #{starLevel,jdbcType=DECIMAL},
			</if>
			<if test="valid != null" >
				valid = #{valid,jdbcType=DECIMAL},
			</if>
			<if test="coversImageUrl != null" >
				COVERS_IMAGE_URL = #{coversImageUrl,jdbcType=VARCHAR},
			</if>
			<if test="coversImageName != null" >
				COVERS_IMAGE_NAME = #{coversImageName,jdbcType=VARCHAR},
			</if>
			<if test="updateUser != null" >
				UPDATE_USER = #{updateUser,jdbcType=DECIMAL},
			</if>
			UPDATE_TIME = sysdate
		</set>
		where ID = #{id,jdbcType=DECIMAL}
	</update>
	
	<update id="updateValid" >
	  update TB_SCENIC_SELLER
	  <set>
	    <if test="valid != null" >
	    	valid = #{valid,jdbcType=DECIMAL},
	    </if>
	    <if test="updateUser != null" >
	  		UPDATE_USER = #{updateUser,jdbcType=DECIMAL},
	  	</if>
	    UPDATE_TIME = sysdate
	  </set>
	  where ID = #{id,jdbcType=DECIMAL}
	</update>
	<update id="updateForbiddenItemScenic" >
	  update TB_SCENIC_SELLER
	  <set > 
	    <if test="valid != null" >
	    	valid = #{valid,jdbcType=DECIMAL},
	    </if>
	    <if test="updateUser != null" >
	  		UPDATE_USER = #{updateUser,jdbcType=DECIMAL},
	  	</if>
	    UPDATE_TIME = sysdate
	  </set>
	  where parent_id = #{id,jdbcType=DECIMAL}
	</update>
	
	<update id="updateCommercialInfo" parameterType="com.spring.scenic.basic.domain.ScenicCommercial">
		update
		TB_SCENIC_SELLER
		<set>
			<if test="businessTime != null" >
				BUSINESS_TIME = #{businessTime,jdbcType=VARCHAR},
			</if>
			<if test="traffics != null" >
				TRAFFICS = #{traffics,jdbcType=VARCHAR},
			</if>
			<if test="introduce != null" >
				INTRODUCE = #{introduce,jdbcType=CLOB},
			</if>
			<if test="tips != null" >
				TIPS = #{tips,jdbcType=VARCHAR},
			</if>
			<if test="updateUser != null" >
				UPDATE_USER = #{updateUser,jdbcType=DECIMAL},
			</if>
			UPDATE_TIME = sysdate
		</set>
		where ID = #{id,jdbcType=DECIMAL}
	</update>
	<select id="initScenicSelectOption" resultType = "com.spring.scenic.system.domain.Dictionary">
		select t.id, t.name, t.value 
		  from tb_dictionary t
		 where t.valid=1 and t.parent_id = #{id,jdbcType=DECIMAL}
	</select>
	
	<select id="getIdByScenicType" resultType="java.lang.Integer">
		select id from tb_dictionary t where t.valid=1 and t.code = #{type,jdbcType=VARCHAR}
	</select>
	
	<select id="initScenicParentOptions" resultType = "com.spring.scenic.basic.domain.ScenicCommercial">
		select t.id, t.name,t.valid from TB_SCENIC_SELLER t 
        <if test="id!=null">
			where t.id not in (
	           select t.id from TB_SCENIC_SELLER t
	           start with 1=1 and t.parent_id = #{id}  
	           connect by prior t.id = t.parent_id
	        )  and t.id != #{id}  
	    </if>
	</select>
	
	<select id="initScenicCityOptions" resultType = "com.spring.scenic.basic.domain.ScenicCommercial">
		select t.id cityId,t.name cityName,t.valid from tb_city t 
	</select>
	
	<select id="initScenicCityAreaOptions" resultType = "com.spring.scenic.basic.domain.ScenicCommercial">
		select t.id cityAreaId,t.city_id cityId,t.name cityAreaName,t.valid
		from tb_city_area t where 1=2
		<if test="cityId != null and cityId !='' ">
			or t.city_id=#{cityId,jdbcType=DECIMAL}
		</if>
		
	</select>
	
	<select id="getCommercialAttestById" resultType = "com.spring.scenic.basic.domain.ScenicCommercialApprove">
		select t.id,
	       t.name,
	       t.phone,
	       t.id_card_code idCardCode,
	       t.id_card_image idCardImage,
	       t.email,
	       t.business_license_code businessLicenseCode,
	       t.business_license_image businessLicenseImage,
	       t.scenic_seller_id scenicSellerId,
	       t.guid,
	       t.valid,
	       t.create_time createTime,
	       t.create_user createUser,
	       t.update_time updateTime,
	       t.update_user updateUser
	  from TB_SCENIC_SELLER_AUTH t
	  where t.scenic_seller_id = #{scenicSellerId,jdbcType=DECIMAL}
	</select>
	
	<insert id="addScenicCommercialAttest">
		<selectKey keyProperty="id" order="BEFORE" resultType="java.lang.Integer">
	      select seq_tb_scenic_seller_auth.nextval from dual
	    </selectKey>
	    insert into TB_SCENIC_SELLER_AUTH
	      (ID,
	       NAME,
	       PHONE,
	       ID_CARD_CODE,
	       ID_CARD_IMAGE,
	       EMAIL,
	       BUSINESS_LICENSE_CODE,
	       BUSINESS_LICENSE_IMAGE,
	       SCENIC_SELLER_ID,
	       valid,
	       CREATE_TIME,
	       CREATE_USER,
	       UPDATE_USER,
	       UPDATE_TIME)
	    values (#{id,jdbcType=DECIMAL},
	      #{name,jdbcType=VARCHAR},
	      #{phone,jdbcType=VARCHAR},
	      #{idCardCode,jdbcType=VARCHAR},
	      #{idCardImage,jdbcType=VARCHAR},
	      #{email,jdbcType=VARCHAR},
	      #{businessLicenseCode,jdbcType=VARCHAR},
	      #{businessLicenseImage,jdbcType=VARCHAR},
	      #{scenicSellerId,jdbcType=DECIMAL},
	      #{valid,jdbcType=DECIMAL},
	      sysdate,
	      #{createUser,jdbcType=DECIMAL},
	      #{updateUser,jdbcType=DECIMAL},
	      #{updateTime,jdbcType=DATE}
      )
	</insert>
	
	<update id="updateScenicCommercialAttest">
		update  TB_SCENIC_SELLER_AUTH
	      	   set
	       NAME =  #{name,jdbcType=VARCHAR},
	       PHONE =  #{phone,jdbcType=VARCHAR},
	       ID_CARD_CODE = #{idCardCode,jdbcType=VARCHAR},
	       ID_CARD_IMAGE = #{idCardImage,jdbcType=VARCHAR},
	       EMAIL = #{email,jdbcType=VARCHAR},
	       BUSINESS_LICENSE_CODE = #{businessLicenseCode,jdbcType=VARCHAR},
	       BUSINESS_LICENSE_IMAGE =  #{businessLicenseImage,jdbcType=VARCHAR},
	       SCENIC_SELLER_ID = #{scenicSellerId,jdbcType=DECIMAL},
	       valid = #{valid,jdbcType=DECIMAL},
	       UPDATE_USER =  #{updateUser,jdbcType=DECIMAL},
	       UPDATE_TIME = sysdate
		where id = #{id,jdbcType=DECIMAL} and SCENIC_SELLER_ID = #{scenicSellerId,jdbcType=DECIMAL}
	</update>
	
	<insert id="insertScenicMapMsg" parameterType="java.util.List" >
    insert into TB_POSITION (
    		ID,
    		LGN,
    		LAT,
    		TYPE,
    		VALID,
    		OUT_RELATED_ID,
    		OUT_RELATED_TYPE,
    		CREATE_TIME,
    		CREATE_USER,
    		UPDATE_TIME,
    		UPDATE_USER
    )
    	SELECT seq_tb_position.NEXTVAL, A.* FROM(
	    	<foreach collection="list" item="item" index="index" separator="union all" >
			
			SELECT 
			<if test="item.mapLgn!=null">
				#{item.mapLgn}
			</if>
			<if test="item.mapLgn==null">
				,null mapLgn
			</if>
			<if test="item.mapLat!=null">
				,#{item.mapLat}
			</if>
			<if test="item.mapLat==null">
				,null mapLat
			</if>
			<if test="item.mapType!=null">
				,#{item.mapType}
			</if>
			<if test="item.mapType==null">
				,null mapType
			</if>
			<if test="item.valid!=null">
				,#{item.valid}
			</if>
			<if test="item.valid==null">
				,null valid
			</if>
			<if test="item.scenicId!=null">
				,#{item.scenicId}
			</if>
			<if test="item.scenicId==null">
				,null scenicId
			</if>
			<if test="item.outRelatedType!=null">
				,#{item.outRelatedType}
			</if>
			<if test="item.outRelatedType==null">
				,null outRelatedType
			</if>
			<if test="item.createTime!=null">
				,#{item.createTime}
			</if>
			<if test="item.createTime==null">
				,null createTime
			</if>
			<if test="item.createUser!=null">
				,#{item.createUser}
			</if>
			<if test="item.createUser==null">
				,sysdate createUser
			</if>
			<if test="item.updateTime!=null">
				,#{item.updateTime}
			</if>
			<if test="item.updateTime==null">
				,null updateTime
			</if>
			<if test="item.updateUser!=null">
				,#{item.updateUser}
			</if>
			<if test="item.updateUser==null">
				,null updateUser
			</if>
			 FROM dual
			</foreach>
		)A
  </insert>
  
  <select id="selectScenicMapListById" resultType="com.spring.scenic.basic.domain.MapMessage">
	  	select t.id,
	       t.lgn mapLgn,
	       t.lat mapLat,
	       t.type mapType,
	       t.valid valid,
	       t.out_related_id scenicId,
	       t.out_related_type scenicParentId,
	       t.create_time createTime,
	       t.create_user createUser,
	       t.update_time updateTime,
	       t.update_user updateUser
	  from TB_POSITION t
	  where t.out_related_id = #{id,jdbcType=DECIMAL}
  </select>
  <!-- 地标编辑页面查询地标地图信息 -->
  <select id="selectLandMarkMapListByParam" parameterType="com.spring.scenic.basic.domain.MapMessage"   
  resultType="com.spring.scenic.basic.domain.MapMessage">
	  	select t.id,
	       t.lgn mapLgn,
	       t.lat mapLat,
	       t.type mapType,
	       t.valid valid,
	       t.out_related_id scenicId,
	       t.out_related_type scenicParentId,
	       t.create_time createTime,
	       t.create_user createUser,
	       t.update_time updateTime,
	       t.update_user updateUser
	  from TB_POSITION t
	  where t.out_related_id = #{outRelatedId,jdbcType=DECIMAL}
	  and t.out_related_type = #{outRelatedType,jdbcType=DECIMAL}
  </select>
  <update id="updateScenicMapMsg">
      update TB_POSITION set 
			<if test="mapLgn!=null">
				LGN = #{mapLgn}
			</if>
			<if test="mapLat!=null">
				,LAT = #{mapLat}
			</if>
			<if test="mapType!=null">
				,TYPE= #{mapType}
			</if>
			<if test="mapType==null">
				,TYPE= null
			</if>
			<if test="valid!=null">
				,valid = #{valid}
			</if>
			<if test="valid==null">
				,valid = null
			</if>
			<if test="scenicId!=null">
				,OUT_RELATED_ID = #{scenicId}
			</if>
			<if test="scenicId==null">
				,OUT_RELATED_ID = null
			</if>
			<if test="outRelatedType!=null">
				,OUT_RELATED_TYPE = #{outRelatedType}
			</if>
			<if test="updateTime!=null">
				,UPDATE_TIME = null
			</if>
			<if test="updateTime==null">
				,UPDATE_TIME = sysdate 
			</if>
			<if test="updateUser!=null">
				,UPDATE_USER = #{updateUser}
			</if>
			<if test="updateUser==null">
				,UPDATE_USER = null
			</if>
			where id = #{id}
  
  	<!-- update TB_POSITION set 
  		<foreach collection="list" item="item" index="index" separator="union all" >
			<if test="item.mapLgn!=null">
				LGN = #{item.mapLgn}
			</if>
			<if test="item.mapLat!=null">
				,LAT = #{item.mapLat}
			</if>
			<if test="item.mapType!=null">
				,TYPE= #{item.mapType}
			</if>
			<if test="item.mapType==null">
				,TYPE= null
			</if>
			<if test="item.valid!=null">
				,valid = #{item.valid}
			</if>
			<if test="item.valid==null">
				,valid = null
			</if>
			<if test="item.scenicId!=null">
				,OUT_RELATED_ID = #{item.scenicId}
			</if>
			<if test="item.scenicId==null">
				,OUT_RELATED_ID = null
			</if>
			<if test="item.outRelatedType!=null">
				,OUT_RELATED_TYPE = #{item.outRelatedType}
			</if>
			<if test="item.updateTime!=null">
				,UPDATE_TIME = null
			</if>
			<if test="item.updateTime==null">
				,UPDATE_TIME = sysdate 
			</if>
			<if test="item.updateUser!=null">
				,UPDATE_USER = #{item.updateUser}
			</if>
			<if test="item.updateUser==null">
				,UPDATE_USER = null
			</if>
			</foreach>
			where id = #{item.id} -->
  </update>	
  
  <delete id="deleteScenicMapMsg">
  	delete from TB_POSITION  
  	where id = #{id} and OUT_RELATED_ID = #{scenicId}
	
  </delete>
  
  <!-- 加载所属景区树形结构下拉框 -->
  <select id="initParentScenic" resultType="com.spring.scenic.system.domain.ZtreeDept">
        
		select t.id id,
				NVL(t.parent_id,0) pId,
				t.name name,
				DECODE(t.valid,'0','true','1','false') chkDisabled
       		from tb_scenic_seller t
			where  t.type = 1 
			and
				t.id not in (
	            select t.id from tb_scenic_seller t
	            start with 1=2 
	             <if test="id != null and id !=''"  >
			  		or	t.id = #{id,jdbcType=DECIMAL}
			  	 </if>
	            connect by prior t.id = t.parent_id
	            )
    </select>
	
</mapper>