<?xml version="1.0" encoding="UTF-8"?>
<!DOCTYPE mapper PUBLIC "-//mybatis.org//DTD Mapper 3.0//EN" "http://mybatis.org/dtd/mybatis-3-mapper.dtd">
<mapper namespace="com.spring.scenic.basic.infrastructure.ScenicSellerMapper">
  
  <resultMap id="BaseResultMapScenicSeller" type="com.spring.scenic.basic.domain.ScenicSeller">
    <id column="ID" jdbcType="DECIMAL" property="id" />
    <result column="NAME" jdbcType="VARCHAR" property="name" />
    <result column="TYPE" jdbcType="VARCHAR" property="type" />
    <result column="TYPE_CATEGORY" jdbcType="VARCHAR" property="typeCategory" />
    <result column="PARENT_ID" jdbcType="DECIMAL" property="parentId" />
    <result column="CITY_ID" jdbcType="DECIMAL" property="cityId" />
    <result column="CITY_AREA_ID" jdbcType="DECIMAL" property="cityAreaId" />
    <result column="ADDRESS" jdbcType="VARCHAR" property="address" />
    <result column="TEL" jdbcType="VARCHAR" property="tel" />
    <result column="VALID" jdbcType="DECIMAL" property="valid" />
    <result column="BUSINESS_TIME" jdbcType="VARCHAR" property="businessTime" />
    <result column="STAR_LEVEL" jdbcType="VARCHAR" property="starLevel" />
    <result column="GUID" jdbcType="VARCHAR" property="guid" />
    <result column="AUTY_STATUS" jdbcType="DECIMAL" property="autyStatus" />
    <result column="CREATE_TIME" jdbcType="TIMESTAMP" property="createTime" />
    <result column="CREATE_USER" jdbcType="DECIMAL" property="createUser" />
    <result column="UPDATE_TIME" jdbcType="TIMESTAMP" property="updateTime" />
    <result column="UPDATE_USER" jdbcType="DECIMAL" property="updateUser" />
    <result column="COVERS_IMAGE_URL" jdbcType="VARCHAR" property="coversImageUrl" />
    <result column="COVERS_IMAGE_NAME" jdbcType="VARCHAR" property="coversImageName" />
  </resultMap>
  
  <resultMap id="BaseResultMapScenicSellerWithClob" type="com.spring.scenic.basic.domain.ScenicSeller" extends="BaseResultMapScenicSeller" >
    <result column="TRAFFICS" jdbcType="CLOB" property="traffics" />
    <result column="INTRODUCE" jdbcType="CLOB" property="introduce" />
    <result column="TIPS" jdbcType="CLOB" property="tips" />
  </resultMap>
  
  <sql id="BaseColumnListScenicSeller">
    ID, NAME, TYPE, TYPE_CATEGORY, PARENT_ID, CITY_ID, CITY_AREA_ID, ADDRESS, TEL, VALID, 
    BUSINESS_TIME, STAR_LEVEL, GUID, AUTY_STATUS, CREATE_TIME, CREATE_USER, UPDATE_TIME, 
    UPDATE_USER, COVERS_IMAGE_URL, COVERS_IMAGE_NAME
  </sql>
  
  <sql id="BaseColumnListScenicSellerClob">
    TRAFFICS, INTRODUCE, TIPS
  </sql>
  
  <select id="getScenicSellerList" resultMap="BaseResultMapScenicSellerWithClob" parameterType="com.spring.scenic.basic.domain.ScenicSeller" >
    select 
    <include refid="BaseColumnListScenicSeller" />
    ,
    <include refid="BaseColumnListScenicSellerClob" />
    from TB_SCENIC_SELLER
    where 1=1 
    <if test="id!=null and id!=0">
		AND ID = #{id}
	</if>
  </select>
  
  <select id="selectByPrimaryKey" parameterType="java.lang.Integer" resultMap="BaseResultMapScenicSellerWithClob">
    select 
    <include refid="BaseColumnListScenicSeller" />
    ,
    <include refid="BaseColumnListScenicSellerClob" />
    from TB_SCENIC_SELLER
    where ID = #{id,jdbcType=DECIMAL}
  </select>
  
  <delete id="deleteScenicSeller" parameterType="com.spring.scenic.basic.domain.ScenicSeller">
    delete from TB_SCENIC_SELLER
    where ID = #{id,jdbcType=DECIMAL}
  </delete>
  
  <insert id="saveScenicSeller" parameterType="com.spring.scenic.basic.domain.ScenicSeller">
    insert into TB_SCENIC_SELLER
    <trim prefix="(" suffix=")" suffixOverrides=",">
      <if test="id != null">
        ID,
      </if>
      <if test="name != null">
        NAME,
      </if>
      <if test="type != null">
        TYPE,
      </if>
      <if test="typeCategory != null">
        TYPE_CATEGORY,
      </if>
      <if test="parentId != null">
        PARENT_ID,
      </if>
      <if test="cityId != null">
        CITY_ID,
      </if>
      <if test="cityAreaId != null">
        CITY_AREA_ID,
      </if>
      <if test="address != null">
        ADDRESS,
      </if>
      <if test="tel != null">
        TEL,
      </if>
      <if test="valid != null">
        VALID,
      </if>
      <if test="businessTime != null">
        BUSINESS_TIME,
      </if>
      <if test="starLevel != null">
        STAR_LEVEL,
      </if>
      <if test="guid != null">
        GUID,
      </if>
      <if test="autyStatus != null">
        AUTY_STATUS,
      </if>
      <if test="createTime != null">
        CREATE_TIME,
      </if>
      <if test="createUser != null">
        CREATE_USER,
      </if>
      <if test="updateTime != null">
        UPDATE_TIME,
      </if>
      <if test="updateUser != null">
        UPDATE_USER,
      </if>
      <if test="coversImageUrl != null">
        COVERS_IMAGE_URL,
      </if>
      <if test="coversImageName != null">
        COVERS_IMAGE_NAME,
      </if>
      <if test="traffics != null">
        TRAFFICS,
      </if>
      <if test="introduce != null">
        INTRODUCE,
      </if>
      <if test="tips != null">
        TIPS,
      </if>
    </trim>
    <trim prefix="values (" suffix=")" suffixOverrides=",">
      <if test="id != null">
        #{id,jdbcType=DECIMAL},
      </if>
      <if test="name != null">
        #{name,jdbcType=VARCHAR},
      </if>
      <if test="type != null">
        #{type,jdbcType=VARCHAR},
      </if>
      <if test="typeCategory != null">
        #{typeCategory,jdbcType=VARCHAR},
      </if>
      <if test="parentId != null">
        #{parentId,jdbcType=DECIMAL},
      </if>
      <if test="cityId != null">
        #{cityId,jdbcType=DECIMAL},
      </if>
      <if test="cityAreaId != null">
        #{cityAreaId,jdbcType=DECIMAL},
      </if>
      <if test="address != null">
        #{address,jdbcType=VARCHAR},
      </if>
      <if test="tel != null">
        #{tel,jdbcType=VARCHAR},
      </if>
      <if test="valid != null">
        #{valid,jdbcType=DECIMAL},
      </if>
      <if test="businessTime != null">
        #{businessTime,jdbcType=VARCHAR},
      </if>
      <if test="starLevel != null">
        #{starLevel,jdbcType=VARCHAR},
      </if>
      <if test="guid != null">
        #{guid,jdbcType=VARCHAR},
      </if>
      <if test="autyStatus != null">
        #{autyStatus,jdbcType=DECIMAL},
      </if>
      <if test="createTime != null">
        #{createTime,jdbcType=TIMESTAMP},
      </if>
      <if test="createUser != null">
        #{createUser,jdbcType=DECIMAL},
      </if>
      <if test="updateTime != null">
        #{updateTime,jdbcType=TIMESTAMP},
      </if>
      <if test="updateUser != null">
        #{updateUser,jdbcType=DECIMAL},
      </if>
      <if test="coversImageUrl != null">
        #{coversImageUrl,jdbcType=VARCHAR},
      </if>
      <if test="coversImageName != null">
        #{coversImageName,jdbcType=VARCHAR},
      </if>
      <if test="traffics != null">
        #{traffics,jdbcType=CLOB},
      </if>
      <if test="introduce != null">
        #{introduce,jdbcType=CLOB},
      </if>
      <if test="tips != null">
        #{tips,jdbcType=CLOB},
      </if>
    </trim>
  </insert>
  
  <update id="updateByPrimaryKeyWithBLOBs" parameterType="com.spring.scenic.basic.domain.ScenicSeller">
    update TB_SCENIC_SELLER
    set NAME = #{name,jdbcType=VARCHAR},
      TYPE = #{type,jdbcType=VARCHAR},
      TYPE_CATEGORY = #{typeCategory,jdbcType=VARCHAR},
      PARENT_ID = #{parentId,jdbcType=DECIMAL},
      CITY_ID = #{cityId,jdbcType=DECIMAL},
      CITY_AREA_ID = #{cityAreaId,jdbcType=DECIMAL},
      ADDRESS = #{address,jdbcType=VARCHAR},
      TEL = #{tel,jdbcType=VARCHAR},
      VALID = #{valid,jdbcType=DECIMAL},
      BUSINESS_TIME = #{businessTime,jdbcType=VARCHAR},
      STAR_LEVEL = #{starLevel,jdbcType=VARCHAR},
      GUID = #{guid,jdbcType=VARCHAR},
      AUTY_STATUS = #{autyStatus,jdbcType=DECIMAL},
      CREATE_TIME = #{createTime,jdbcType=TIMESTAMP},
      CREATE_USER = #{createUser,jdbcType=DECIMAL},
      UPDATE_TIME = #{updateTime,jdbcType=TIMESTAMP},
      UPDATE_USER = #{updateUser,jdbcType=DECIMAL},
      COVERS_IMAGE_URL = #{coversImageUrl,jdbcType=VARCHAR},
      COVERS_IMAGE_NAME = #{coversImageName,jdbcType=VARCHAR},
      TRAFFICS = #{traffics,jdbcType=CLOB},
      INTRODUCE = #{introduce,jdbcType=CLOB},
      TIPS = #{tips,jdbcType=CLOB}
    where ID = #{id,jdbcType=DECIMAL}
  </update>
  
</mapper>