<?xml version="1.0" encoding="UTF-8" ?>
<!DOCTYPE mapper PUBLIC "-//mybatis.org//DTD Mapper 3.0//EN" "http://mybatis.org/dtd/mybatis-3-mapper.dtd" >
<mapper namespace="com.spring.scenic.cms.infrastructure.SysConfigPicMapper" >
  
  <resultMap id="BaseResultMap" type="com.spring.scenic.cms.domain.SysConfigPic" >
    <id column="ID" property="id" jdbcType="DECIMAL" />
    <result column="SYS_CONFIG_ID" property="sysConfigId" jdbcType="DECIMAL" />
    <result column="MATERIAL_ID" property="materialId" jdbcType="DECIMAL" />
    <result column="TITLE" property="title" jdbcType="VARCHAR" />
    <result column="SUB_TITLE" property="subTitle" jdbcType="VARCHAR" />
    <result column="PIC_SIZE" property="picSize" jdbcType="VARCHAR" />
    <result column="URL" property="url" jdbcType="VARCHAR" />
    <result column="START_TIME" property="startTime" jdbcType="TIMESTAMP" />
    <result column="END_TIME" property="endTime" jdbcType="TIMESTAMP" />
    <result column="ORD" property="ord" jdbcType="DECIMAL" />
    <result column="CREATE_USER" property="createUser" jdbcType="DECIMAL" />
    <result column="CREATE_TIME" property="createTime" jdbcType="TIMESTAMP" />
    <result column="UPDATE_USER" property="updateUser" jdbcType="DECIMAL" />
    <result column="UPDATE_TIME" property="updateTime" jdbcType="TIMESTAMP" />
    <result column="UPDATE_USER_NAME" property="updateUserName" jdbcType="VARCHAR" />
    <result column="PICTURE_URL" property="pictureUrl" jdbcType="VARCHAR" />
  </resultMap>
  
  <sql id="BaseColumnList" >
    M.ID, M.SYS_CONFIG_ID, M.MATERIAL_ID, M.TITLE, M.SUB_TITLE ,M.PIC_SIZE, M.URL, M.START_TIME, M.END_TIME, M.ORD, M.CREATE_USER, 
    M.CREATE_TIME, M.UPDATE_USER, M.UPDATE_TIME
  </sql>
  
</mapper>