<?xml version="1.0" encoding="UTF-8" ?>
<!DOCTYPE mapper PUBLIC "-//mybatis.org//DTD Mapper 3.0//EN" "http://mybatis.org/dtd/mybatis-3-mapper.dtd" >
<mapper namespace="com.spring.scenic.material.infrastructure.MaterialMapper" >
  
  <resultMap id="BaseResultMapMaterial" type="com.spring.scenic.material.domain.Material" >
    <id column="ID" property="id" jdbcType="DECIMAL" />
    <result column="NAME" property="name" jdbcType="VARCHAR" />
    <result column="URL" property="url" jdbcType="VARCHAR" />
    <result column="TYPE" property="type" jdbcType="DECIMAL" />
    <result column="DESCRIPTIONS" property="descriptions" jdbcType="VARCHAR" />
    <result column="USERTYPE" property="usertype" jdbcType="DECIMAL" />
    <result column="AUTHORIZED_ID" property="authorizedId" jdbcType="DECIMAL" />
    <result column="EXAMINE_USER" property="examineUser" jdbcType="DECIMAL" />
    <result column="EXAMINE_STATUS" property="examineStatus" jdbcType="DECIMAL" />
    <result column="EXAMINE_TIME" property="examineTime" jdbcType="TIMESTAMP" />
    <result column="EXAMINE_REMARKS" property="examineRemarks" jdbcType="VARCHAR" />
    <result column="VALID" property="valid" jdbcType="DECIMAL" />
    <result column="CREATE_TIME" property="createTime" jdbcType="TIMESTAMP" />
    <result column="CREATE_USER" property="createUser" jdbcType="DECIMAL" />
    <result column="UPDATE_TIME" property="updateTime" jdbcType="TIMESTAMP" />
    <result column="UPDATE_USER" property="updateUser" jdbcType="DECIMAL" />
    <association property="authorized" column="AUTHORIZED_ID" select="com.spring.scenic.material.infrastructure.MaterialAuthorizedMapper.getMaterialAuthorizedById" />
    <association property="creater" column="CREATE_USER" select="com.spring.scenic.system.infrastructure.AuthUserMapper.selectUserByPrimaryKey" />
  </resultMap>
  
  <resultMap id="BaseResultMapMaterialVO" type="com.spring.scenic.material.domain.vo.MaterialVo"  extends="BaseResultMapMaterial">
  	 <id column="ID" property="id" jdbcType="DECIMAL" />
 	 <result column="SKIPURL" property="skipUrl" jdbcType="VARCHAR" />
 	 <result column="PICTUREURL" property="pictureUrl" jdbcType="VARCHAR" />
  </resultMap>
  
  <resultMap id="BaseResultMaterialChannelBarVo" type="com.spring.scenic.material.domain.vo.MaterialChannelBarVo"  extends="BaseResultMapMaterial">
  	 <id column="ID" property="id" jdbcType="DECIMAL" />
 	 <result column="SKIPURL" property="skipUrl" jdbcType="VARCHAR" />
 	 <result column="PICTUREURL" property="pictureUrl" jdbcType="VARCHAR" />
 	 <result column="TITLE" property="title" jdbcType="VARCHAR" />
  </resultMap>
  
  <resultMap id="BaseResultMaterialLoveDestinationVo" type="com.spring.scenic.material.domain.vo.MaterialLoveDestinationVo"  extends="BaseResultMapMaterial">
  	 <id column="ID" property="id" jdbcType="DECIMAL" />
 	 <result column="SKIPURL" property="skipUrl" jdbcType="VARCHAR" />
 	 <result column="PICTUREURL" property="pictureUrl" jdbcType="VARCHAR" />
 	 <result column="TITLE" property="title" jdbcType="VARCHAR" />
 	 <result column="SUBTITLE" property="subTitle" jdbcType="VARCHAR" />
 	 <result column="TYPE" property="type" jdbcType="DECIMAL" />
  </resultMap>
  
  <resultMap id="BaseResultMaterialDirectSeedingVo" type="com.spring.scenic.material.domain.vo.MaterialDirectSeedingVo"  extends="BaseResultMapMaterial">
  	 <id column="ID" property="id" jdbcType="DECIMAL" />
 	 <result column="SKIPURL" property="skipUrl" jdbcType="VARCHAR" />
 	 <result column="PICTUREURL" property="pictureUrl" jdbcType="VARCHAR" />
 	 <result column="TITLE" property="title" jdbcType="VARCHAR" />
 	 <result column="SUBTITLE" property="subTitle" jdbcType="VARCHAR" />
 	 <result column="PRAISE_COUNT" property="praiseCount" jdbcType="DECIMAL" />
 	 <result column="PRAISED" property="praised" jdbcType="DECIMAL" />
  </resultMap>
  
  <resultMap id="BaseResultMaterialtravelsVo" type="com.spring.scenic.material.domain.vo.MaterialtravelsVo"  extends="BaseResultMapMaterial">
  	 <id column="ID" property="id" jdbcType="DECIMAL" />
 	 <result column="AUTHORNAME" property="authorName" jdbcType="VARCHAR" />
 	 <result column="TITLE" property="title" jdbcType="VARCHAR" />
 	 <result column="IMAGEURL" property="imageUrl" jdbcType="VARCHAR" />
 	 <result column="COVERSIMAGEURL" property="coversImageUrl" jdbcType="VARCHAR" />
 	 <result column="SUBTITLE" property="subTitle" jdbcType="VARCHAR" />
 	 <result column="NOW_TIME" property="nowTime" jdbcType="VARCHAR" />
 	 <result column="CREATEUSERTYPE" property="createUserType" jdbcType="DECIMAL" />
 	 <result column="SUBTITLE" property="subTitle" jdbcType="VARCHAR" />
 	 <result column="STATUS" property="status" jdbcType="VARCHAR" />
 	 <result column="USERID" property="userId" jdbcType="DECIMAL" />
 	 <result column="READ_COUNT" property="readCount" jdbcType="DECIMAL" />
 	 <result column="PRAISE_COUNT" property="praiseCount" jdbcType="DECIMAL" />
 	 <result column="COMMENT_COUNT" property="commentCount" jdbcType="DECIMAL" />
 	 <result column="COLLECTION_COUNT" property="collectionCount" jdbcType="DECIMAL" />
 	 <result column="PRAISED" property="praised" jdbcType="DECIMAL" />
 	 <result column="COLLECTED" property="collected" jdbcType="DECIMAL" />
 	 <result column="ISSHOWPIC" property="isShowPic" jdbcType="DECIMAL" />
  </resultMap>
    
  <sql id="BaseColumnListMaterial" >
    M.ID, M.NAME, M.URL, M.TYPE, M.DESCRIPTIONS, M.USERTYPE, M.AUTHORIZED_ID,M.EXAMINE_USER, M.EXAMINE_STATUS, M.EXAMINE_TIME, 
    M.EXAMINE_REMARKS, M.VALID, M.CREATE_TIME, M.CREATE_USER, M.UPDATE_TIME, M.UPDATE_USER
  </sql>
  
  <!-- 素材批量上传 -->
  <insert id="saveBatchMaterials" parameterType="java.util.List" >
    insert into TB_MATERIAL (ID,NAME,URL,TYPE,DESCRIPTIONS,USERTYPE,AUTHORIZED_ID,EXAMINE_USER,EXAMINE_STATUS,EXAMINE_TIME,EXAMINE_REMARKS,VALID,CREATE_TIME,CREATE_USER,UPDATE_TIME,UPDATE_USER)
    	SELECT SEQ_TB_MATERIAL.NEXTVAL, A.* FROM(
	    	<foreach collection="list" item="item" index="index" separator="union all" >
			SELECT
			
			<if test="item.name!=null">
				#{item.name}
			</if>
			<if test="item.name==null">
				null name
			</if>
			
			<if test="item.url!=null">
				,#{item.url}
			</if>
			<if test="item.url==null">
				,null url
			</if>
			
			<if test="item.type!=null">
				,#{item.type}
			</if>
			<if test="item.type==null">
				,null type
			</if>
			
			<if test="item.descriptions!=null">
				,#{item.descriptions}
			</if>
			<if test="item.descriptions==null">
				,null descriptions
			</if>
			
			<if test="item.usertype!=null">
				,#{item.usertype}
			</if>
			<if test="item.usertype==null">
				,null usertype
			</if>
			
			<if test="item.authorizedId!=null">
				,#{item.authorizedId}
			</if>
			<if test="item.authorizedId==null">
				,null authorizedId
			</if>
			
			<if test="item.examineUser!=null">
				,#{item.examineUser}
			</if>
			<if test="item.examineUser==null">
				,null examineUser
			</if>
			
			<if test="item.examineStatus!=null">
				,#{item.examineStatus}
			</if>
			<if test="item.examineStatus==null">
				,null examineStatus
			</if>
			
			<if test="item.examineTime!=null">
				,#{item.examineTime}
			</if>
			<if test="item.examineTime==null">
				,null examineTime
			</if>
			
			<if test="item.examineRemarks!=null">
				,#{item.examineRemarks}
			</if>
			<if test="item.examineRemarks==null">
				,null examineRemarks
			</if>
			
			<if test="item.valid!=null">
				,#{item.valid}
			</if>
			<if test="item.valid==null">
				,null valid
			</if>
			
			<if test="item.createTime!=null">
				,#{item.createTime}
			</if>
			<if test="item.createTime==null">
				,null createTime
			</if>
			
			<if test="item.createUser!=null">
				,#{item.createUser}
			</if>
			<if test="item.createUser==null">
				,null createUser
			</if>

			<if test="item.updateTime!=null">
				,#{item.updateTime}
			</if>
			<if test="item.updateTime==null">
				,null updateTime
			</if>

			<if test="item.updateUser!=null">
				,#{item.updateUser}
			</if>
			<if test="item.updateUser==null">
				,null updateUser
			</if>
			
			 FROM dual
			</foreach>
		)A
  </insert>
  
  <!-- 查询单个 -->
  <select id="getMaterial" resultMap="BaseResultMapMaterial" parameterType="com.spring.scenic.material.domain.Material" >
    select 
    <include refid="BaseColumnListMaterial" />
    ,U1.TRUENAME createUserName
    ,U2.TRUENAME examineUserName
    from TB_MATERIAL M
    left join TB_AUTH_USER U1
    	on M.CREATE_USER = U1.ID
    left join TB_AUTH_USER U2
    	on M.EXAMINE_USER = U2.ID
    where 1=1 
	<if test="id!=null">
		AND M.ID = #{id}
	</if>
  </select>
  
  <!-- 素材列表查询 -->
  <select id="getMaterialList" resultMap="BaseResultMapMaterial" parameterType="com.spring.scenic.material.domain.Material" >
    select 
    <include refid="BaseColumnListMaterial" />
    ,U1.TRUENAME createUserName
    ,U2.TRUENAME examineUserName
    from TB_MATERIAL M
    left join TB_AUTH_USER U1
    	on M.CREATE_USER = U1.ID
    left join TB_AUTH_USER U2
    	on M.EXAMINE_USER = U2.ID
    where 1=1 
    <if test="name!=null and name!=''">
		AND M.NAME LIKE '%'||TRIM(#{name})||'%'
	</if>
    <if test="type!=null">
		AND M.TYPE = #{type}
	</if>
    <if test="valid!=null">
		AND M.VALID = #{valid}
	</if>
    <if test="usertype!=null">
		AND M.USERTYPE = #{usertype}
	</if>
    <if test="examineStatus!=null">
		AND M.EXAMINE_STATUS = #{examineStatus}
	</if>
    <if test="authorizedId!=null">
		AND M.AUTHORIZED_ID = #{authorizedId}
	</if>
    <if test="startDate!=null">
		AND M.CREATE_TIME &gt;= #{startDate}
	</if>
    <if test="endDate!=null">
		AND M.CREATE_TIME &lt;= #{endDate}
	</if>
	<if test="id!=null">
		AND M.ID = #{id}
	</if>
	<if test="createUserName!=null and createUserName!=''">
		AND U1.TRUENAME LIKE '%'||TRIM(#{createUserName})||'%'
	</if>
	<if test="createUser!=null">
		AND M.CREATE_USER = #{createUser}
	</if>
	<if test="orderByClause==null || orderByClause==''">
		ORDER BY M.CREATE_TIME desc
	</if>
	<if test="orderByClause!=null and orderByClause!=''">
		ORDER BY ${orderByClause}
	</if>
	
  </select>
  
  <!-- 删除素材 -->
  <delete id="deleteMaterial" parameterType="com.spring.scenic.material.domain.Material" >
    delete from TB_MATERIAL
    where ID = #{id,jdbcType=DECIMAL}
  </delete>
  
  <insert id="insertSelective" parameterType="com.spring.scenic.material.domain.Material" >
    insert into TB_MATERIAL
    <trim prefix="(" suffix=")" suffixOverrides="," >
      <if test="id != null" >
        ID,
      </if>
      <if test="name != null" >
        NAME,
      </if>
      <if test="url != null" >
        URL,
      </if>
      <if test="type != null" >
        TYPE,
      </if>
      <if test="descriptions != null" >
        DESCRIPTIONS,
      </if>
      <if test="usertype != null" >
        USERTYPE,
      </if>
      <if test="authorizedId != null" >
        AUTHORIZED_ID,
      </if>
      <if test="examineStatus != null" >
        EXAMINE_STATUS,
      </if>
      <if test="examineTime != null" >
        EXAMINE_TIME,
      </if>
      <if test="examineRemarks != null" >
        EXAMINE_REMARKS,
      </if>
      <if test="valid != null" >
        VALID,
      </if>
      <if test="createTime != null" >
        CREATE_TIME,
      </if>
      <if test="createUser != null" >
        CREATE_USER,
      </if>
      <if test="updateTime != null" >
        UPDATE_TIME,
      </if>
      <if test="updateUser != null" >
        UPDATE_USER,
      </if>
    </trim>
    <trim prefix="values (" suffix=")" suffixOverrides="," >
      <if test="id != null" >
        #{id,jdbcType=DECIMAL},
      </if>
      <if test="name != null" >
        #{name,jdbcType=VARCHAR},
      </if>
      <if test="url != null" >
        #{url,jdbcType=VARCHAR},
      </if>
      <if test="type != null" >
        #{type,jdbcType=DECIMAL},
      </if>
      <if test="descriptions != null" >
        #{descriptions,jdbcType=VARCHAR},
      </if>
      <if test="usertype != null" >
        #{usertype,jdbcType=DECIMAL},
      </if>
      <if test="authorizedId != null" >
        #{authorizedId,jdbcType=DECIMAL},
      </if>
      <if test="examineStatus != null" >
        #{examineStatus,jdbcType=DECIMAL},
      </if>
      <if test="examineTime != null" >
        #{examineTime,jdbcType=TIMESTAMP},
      </if>
      <if test="examineRemarks != null" >
        #{examineRemarks,jdbcType=VARCHAR},
      </if>
      <if test="valid != null" >
        #{valid,jdbcType=DECIMAL},
      </if>
      <if test="createTime != null" >
        #{createTime,jdbcType=TIMESTAMP},
      </if>
      <if test="createUser != null" >
        #{createUser,jdbcType=DECIMAL},
      </if>
      <if test="updateTime != null" >
        #{updateTime,jdbcType=TIMESTAMP},
      </if>
      <if test="updateUser != null" >
        #{updateUser,jdbcType=DECIMAL},
      </if>
    </trim>
  </insert>
  
  <update id="updateMaterial" parameterType="com.spring.scenic.material.domain.Material" >
    update TB_MATERIAL
    <set>
        NAME = #{name,jdbcType=VARCHAR},
        URL = #{url,jdbcType=VARCHAR},
        TYPE = #{type,jdbcType=DECIMAL},
        DESCRIPTIONS = #{descriptions,jdbcType=VARCHAR},
        USERTYPE = #{usertype,jdbcType=DECIMAL},
        AUTHORIZED_ID = #{authorizedId,jdbcType=DECIMAL},
        EXAMINE_STATUS = #{examineStatus,jdbcType=DECIMAL},
        EXAMINE_REMARKS = #{examineRemarks,jdbcType=VARCHAR},
        EXAMINE_TIME = #{examineTime,jdbcType=TIMESTAMP},
        EXAMINE_USER = #{examineUser,jdbcType=DECIMAL},
        VALID = #{valid,jdbcType=DECIMAL},
        CREATE_TIME = #{createTime,jdbcType=TIMESTAMP},
        CREATE_USER = #{createUser,jdbcType=DECIMAL},
        UPDATE_TIME = #{updateTime,jdbcType=TIMESTAMP},
        UPDATE_USER = #{updateUser,jdbcType=DECIMAL},
    </set>
    where ID = #{id,jdbcType=DECIMAL}
  </update>
  
  <!--  轮播图-->
  <select id="selectMaterial" resultMap="BaseResultMapMaterialVO" parameterType="com.spring.scenic.material.domain.vo.MaterialVo" >
	select *
	  from (select tscp.id ID, tscp.url SKIPURL, tm.url PICTUREURL
	          from tb_sys_config_pic tscp
	         inner join tb_material tm
	            on tscp.material_id = tm.id
	         inner join tb_sys_config tsc
	            on tsc.id = tscp.sys_config_id
	         where tsc.valid = 1
	           and tm.EXAMINE_STATUS = 2
	           and sysdate between tscp.start_time and tscp.end_time
	           and tm.type = 1
	           and tsc.location_code = 'INDEX_SLIDESHOW'
	         order by tscp.ord) t
	 where 1 = 1 <![CDATA[ and rownum <= 5  ]]>
  </select>
  
  <!--  渠道栏-->
  <select id="selectChannelBar" resultMap="BaseResultMaterialChannelBarVo" parameterType="com.spring.scenic.material.domain.vo.MaterialChannelBarVo" >
	select tscp.id ID, tscp.title, tscp.url SKIPURL, tm.url PICTUREURL
	  from tb_sys_config_pic tscp
	 inner join tb_material tm
	    on tscp.material_id = tm.id
	 inner join tb_sys_config tsc
	    on tsc.id = tscp.sys_config_id
	 where tsc.valid = 1
	   and sysdate between tscp.start_time and tscp.end_time
	   and tm.type = 1
	   and tm.EXAMINE_STATUS = 2
	   and tsc.location_code = 'INDEX_CHANNELBAR'
	 order by tscp.ord
  </select>
  
  <!--  最爱目的地-->
  <select id="selectloveDestination" resultMap="BaseResultMaterialLoveDestinationVo" >
  select * from (
	select tscp.id        ID,
       tscp.title,
       tscp.sub_title SUBTITLE,
       tscp.url       SKIPURL,
       tm.url         PICTUREURL
    from tb_sys_config_pic tscp
	inner join tb_material tm on tscp.material_id = tm.id
	inner join tb_sys_config tsc on tsc.id = tscp.sys_config_id
	where tsc.valid = 1
	    and sysdate between tscp.start_time and tscp.end_time
		and tm.type = 1
		and tm.EXAMINE_STATUS=2
	    <if test=" type== 0 " >
	          and tsc.location_code = 'DESTINATION_INLAND'
	    </if>
	    <if test=" type==1 " >
	          and tsc.location_code = 'DESTINATION_FOREIGN'
	    </if>
	    <if test=" type== 2 " >
	          and tsc.location_code = 'DESTINATION_INLAND' or tsc.location_code = 'DESTINATION_FOREIGN'
	    </if>
	     
		order by tscp.ord
		) t where  1=1
		<if test="status == 0">
			<![CDATA[ and rownum <= 4  ]]>
		</if>
  </select>
  
   <!--  直播-->
  <select id="selectdirectSeeding" resultMap="BaseResultMaterialDirectSeedingVo" parameterType="java.util.Map">
	select ID,title,SUBTITLE,SKIPURL,PICTUREURL,PRAISE_COUNT,
		<if test="sessionId ==null or sessionId==''">
				 	0 as PRAISED
		   </if>
		   <if test="sessionId !=null">
		   		(select count(0) from tb_push_praise tpp where tpp.praise_type=3  and tpp.praise_content_id=t.id
		   			and  session_id=#{sessionId,jdbcType=VARCHAR}
		  	) as PRAISED
		 </if>	
	 from (
  		select tscp.id,
               tscp.title,
               tscp.sub_title        SUBTITLE,
               tscp.url              SKIPURL,
               tscp.ord,
               tm.url                PICTUREURL,
               tpp.PRAISE_COUNT,
               tpp.praise_content_id,
               tpp2.PRAISED
	     from tb_sys_config_pic tscp
	     inner join tb_material tm 
	     	on tscp.material_id = tm.id
	     inner join tb_sys_config tsc 
	     	on tsc.id = tscp.sys_config_id
	     left join (select praise_content_id,count(praise_content_id) PRAISE_COUNT from tb_push_praise where PRAISE_TYPE=3 group by praise_content_id) tpp
	     	on tscp.id = tpp.praise_content_id
	     left join (
	     	select praise_content_id,count(0) PRAISED from tb_push_praise where PRAISE_TYPE=3 
		    <if test="sessionId == null or userId == null">
		     	and 1=2
		    </if>
			<if test="sessionId !=null">
				and session_id=#{sessionId,jdbcType=VARCHAR}
			</if>
			<if test="userId !=null">
				and create_user=#{userId,jdbcType=DECIMAL}
			</if>
				group by praise_content_id
	     ) tpp2 
	     	on tscp.id=tpp2.praise_content_id
	     where tsc.valid = 1
	     	 and sysdate between tscp.start_time and tscp.end_time
		     and tsc.location_code = 'INDEX_VIDEO'
		     and tm.EXAMINE_STATUS=2  
		     and tsc.valid=1
	     order by tscp.ord asc
   ) t  where  1=1
   <if test="status == 0">
   	and rownum &lt;= 2 order by id
   </if>
  </select>
  
   <!--  查询首页游记攻略-->
  <select id="getTravelNotesList" resultMap="BaseResultMaterialtravelsVo" parameterType="com.spring.scenic.material.domain.vo.MaterialtravelsVo" >
      select id,AUTHORNAME,TITLE,subTitle,COVERSIMAGEURL,PRAISE_COUNT,COMMENT_COUNT,READ_COUNT,NOW_TIME,COLLECTION_COUNT,PRAISED,COLLECTED,CREATEUSERTYPE,USERID from (
			select * from  (
		      	select ttn.id ID,
				       ttn.author_name AUTHORNAME,
				       ttn.title TITLE,
				       (select  t.words subTitle from tb_travel_notes_details t where t.type=1 and t.travel_notes_id=ttn.id  and rownum=1) subTitle,
				       ttn.covers_image_url COVERSIMAGEURL,
				       (select   count(tpp.id)  from tb_push_praise tpp where tpp.praise_type=1  and ttn.id=tpp.praise_content_id  ) PRAISE_COUNT,
				       (select  count(ttnc.id)  from TB_TRAVEL_NOTES_COMMENT  ttnc where  ttn.id=ttnc.travelnote_id ) COMMENT_COUNT,
				       TO_NUMBER(nvl(ttn.read_count,0)) READ_COUNT,
				       to_char(ROUND(TO_NUMBER(sysdate - to_date(to_char(ttn.create_time,'yyyy-MM-dd HH24:mi:ss'),'YYYY-MM-DD hh24:mi:ss')) * 24 * 60)) NOW_TIME,
				       ttn.type,
				       ttn.create_user_type CREATEUSERTYPE,
				       ttn.create_user USERID,
				       (select count(1) from tb_member_collection where collection_type=2 and collection_content_id=ttn.id) COLLECTION_COUNT,
					 <if test="sessionId ==null or sessionId==''">
					 	0 as PRAISED,
					 </if>
					 <if test="sessionId !=null">
				      (select count(0) from tb_push_praise tpp where tpp.praise_type=1  and tpp.praise_content_id=ttn.id
					   		and  session_id=#{sessionId,jdbcType=VARCHAR}
					  ) as PRAISED,
					 </if>
					 <if test="userId ==null or userId==''">
					 	0 as COLLECTED
					 </if>
				     <if test="userId !=null">
						(select count(1) from tb_member_collection where collection_type=2 and collection_content_id=ttn.id   
							and create_user=#{userId,jdbcType=DECIMAL}
						) as COLLECTED
				     </if>
				       from tb_travel_notes ttn left join (
					       select tkr.out_related_id id,listagg(tk.name, ',') within group(order by tk.id) name from tb_keyword_ref tkr 
					       inner join tb_keyword tk on tk.id=tkr.keyword_id    where tkr.out_related_type=1 and tk.valid=1
					       group by  tkr.out_related_id 
				       ) tk on ttn.id=tk.id
			   where ttn.status=2  
			   		and (tk.name is not null and tk.name  like '%'||nvl(#{cityName},'上海')||'%' or ttn.title like '%'||nvl(#{cityName},'上海')||'%') 
		   	     <if test="status == 0">
		   			 <![CDATA[  and ttn.covers_image_url !=#{coversImageUrl} ]]>
		   		 </if>
				   order by TO_NUMBER(nvl(ttn.read_count,0)) desc
	      ) t2
      
      	  union all
      	  
	      select * from  (
		      	select ttn.id ID,
				       ttn.author_name AUTHORNAME,
				       ttn.title TITLE,
				       (select  t.words subTitle from tb_travel_notes_details t where t.type=1 and t.travel_notes_id=ttn.id  and rownum=1) subTitle,
				       ttn.covers_image_url COVERSIMAGEURL,
				       (select   count(tpp.id)  from tb_push_praise tpp where tpp.praise_type=1  and ttn.id=tpp.praise_content_id  ) PRAISE_COUNT,
				       (select  count(ttnc.id)  from TB_TRAVEL_NOTES_COMMENT  ttnc where  ttn.id=ttnc.travelnote_id ) COMMENT_COUNT,
				       TO_NUMBER(nvl(ttn.read_count,0)) READ_COUNT
				       ,to_char(ROUND(TO_NUMBER(sysdate - to_date(to_char(ttn.create_time,'yyyy-MM-dd HH24:mi:ss'),'YYYY-MM-DD hh24:mi:ss')) * 24 * 60)) NOW_TIME
				       ,ttn.type,ttn.create_user_type CREATEUSERTYPE,ttn.create_user USERID,(select count(1) from tb_member_collection where collection_type=2 and collection_content_id=ttn.id) COLLECTION_COUNT
				       ,
					 <if test="sessionId ==null or sessionId==''">
					 	0 as PRAISED,
					 </if>
					  <if test="sessionId !=null">
				      (select count(0) from tb_push_praise tpp where tpp.praise_type=1  and tpp.praise_content_id=ttn.id
					   		and  session_id=#{sessionId,jdbcType=VARCHAR}
					  ) as PRAISED,
					   </if>
					 <if test="userId ==null or userId==''">
					 	0 as COLLECTED
					 </if>
				     <if test="userId !=null">
						(select count(1) from tb_member_collection where collection_type=2 and collection_content_id=ttn.id   
							and create_user=#{userId,jdbcType=DECIMAL}
						) as COLLECTED
				     </if>
				       from tb_travel_notes ttn left join (
					      select tkr.out_related_id id,listagg(tk.name, ',') within group(order by tk.id) name from tb_keyword_ref tkr 
					      inner join tb_keyword tk on tk.id=tkr.keyword_id    where tkr.out_related_type=1 and tk.valid=1
					      group by  tkr.out_related_id 
				      ) tk on ttn.id=tk.id
			    where ttn.status=2  
			   		and (tk.name not like '%'||nvl(#{cityName},'上海')||'%' or tk.name is null) and  ttn.title not like '%'||nvl(#{cityName},'上海')||'%'
			   		  <if test="status == 0">
			   		 <![CDATA[  and ttn.covers_image_url !=#{coversImageUrl} ]]>
			   		  </if>
				    order by TO_NUMBER(nvl(ttn.read_count,0)) desc
	      ) t2
	      
      ) t3  where 1=1
		   <if test="status == 0">
		   <![CDATA[and rownum <= 2  ]]>
		   </if>
   		 
  </select>
  
  <!--  游记-->
  <select id="selectPassMytravelsList" resultMap="BaseResultMaterialtravelsVo" parameterType="com.spring.scenic.material.domain.vo.MaterialtravelsVo" >
  	select ttn.id ID,
	    ttn.author_name AUTHORNAME,
	    ttn.title TITLE,
	    (select  t.words subTitle from tb_travel_notes_details t where t.type=1 and t.travel_notes_id=ttn.id  and rownum=1) subTitle,
	    ttn.covers_image_url COVERSIMAGEURL,
	    (select   count(tpp.id)  from tb_push_praise tpp where tpp.praise_type=1  and ttn.id=tpp.praise_content_id  ) PRAISE_COUNT,
	    (select  count(ttnc.id)  from TB_TRAVEL_NOTES_COMMENT  ttnc where  ttn.id=ttnc.travelnote_id ) COMMENT_COUNT,
	    TO_NUMBER(nvl(ttn.read_count,0)) READ_COUNT,
	    to_char(ROUND(TO_NUMBER(sysdate - to_date(to_char(ttn.create_time,'yyyy-MM-dd HH24:mi:ss'),'YYYY-MM-DD hh24:mi:ss')) * 24 * 60)) NOW_TIME,
	    ttn.type,
	    ttn.create_user_type CREATEUSERTYPE,
	    ttn.create_user USERID,
	    (select count(1) from tb_member_collection where collection_type=2 and collection_content_id=ttn.id) COLLECTION_COUNT,
	    (select count(0) from tb_travel_notes_details ttnd where ttnd.TYPE=2 and ttnd.travel_notes_id=ttn.id) ISSHOWPIC,
        <if test="sessionId ==null or sessionId==''">
          0 as PRAISED,
        </if>
        <if test="sessionId !=null">
           (select count(0) from tb_push_praise tpp where tpp.praise_type=1  and tpp.praise_content_id=ttn.id
              and  session_id=#{sessionId,jdbcType=VARCHAR}
         ) as PRAISED,
        </if>
        <if test="userId ==null or userId==''">
          0 as COLLECTED
        </if>
          <if test="userId !=null">
         (select count(1) from tb_member_collection where collection_type=2 and collection_content_id=ttn.id   
           and create_user=#{userId,jdbcType=DECIMAL}
         ) as COLLECTED
          </if>
       from tb_travel_notes ttn left join (
         select tkr.out_related_id id,listagg(tk.name, ',') within group(order by tk.id) name from tb_keyword_ref tkr 
         inner join tb_keyword tk on tk.id=tkr.keyword_id    where tkr.out_related_type=1 and tk.valid=1
         group by  tkr.out_related_id 
       ) tk on ttn.id=tk.id
      where ttn.status=2  and ttn.create_user_type=1  and ttn.CREATE_USER=#{userId,jdbcType=DECIMAL} order by ttn.read_count desc,ttn.id desc
  </select>
</mapper>