<?xml version="1.0" encoding="UTF-8" ?>
<!DOCTYPE mapper PUBLIC "-//mybatis.org//DTD Mapper 3.0//EN" "http://mybatis.org/dtd/mybatis-3-mapper.dtd" >
<mapper namespace="com.spring.scenic.material.infrastructure.MaterialAuthorizedMapper" >
 
  <resultMap id="BaseResultMapMaterialAuthorized" type="com.spring.scenic.material.domain.MaterialAuthorized" >
    <id column="ID" property="id" jdbcType="DECIMAL" />
    <result column="CODE" property="code" jdbcType="VARCHAR" />
    <result column="AUTH_ORG" property="authOrg" jdbcType="VARCHAR" />
    <result column="AUTH_PERSON" property="authPerson" jdbcType="VARCHAR" />
    <result column="AUTH_START_DATE" property="authStartDate" jdbcType="TIMESTAMP" />
    <result column="AUTH_END_DATE" property="authEndDate" jdbcType="TIMESTAMP" />
    <result column="SIGN_DATE" property="signDate" jdbcType="TIMESTAMP" />
    <result column="VALID" property="valid" jdbcType="DECIMAL" />
    <result column="GUID" property="guid" jdbcType="VARCHAR" />
    <result column="CREATE_TIME" property="createTime" jdbcType="TIMESTAMP" />
    <result column="CREATE_USER" property="createUser" jdbcType="DECIMAL" />
    <result column="UPDATE_TIME" property="updateTime" jdbcType="TIMESTAMP" />
    <result column="UPDATE_USER" property="updateUser" jdbcType="DECIMAL" />
    <result column="UPDATE_USER_NAME" property="updateUserName" jdbcType="VARCHAR" />
    <result column="CREATE_USER_NAME" property="createUserName" jdbcType="VARCHAR" />
  </resultMap>
  
  <sql id="BaseColumnListMaterialAuthorized" >
    A.ID, A.CODE, A.AUTH_ORG, A.AUTH_PERSON, A.AUTH_START_DATE, A.AUTH_END_DATE, A.SIGN_DATE, A.VALID, 
    A.GUID, A.CREATE_TIME, A.CREATE_USER, A.UPDATE_TIME, A.UPDATE_USER
  </sql>
  
  <sql id="BaseColumnListMaterialAuthorizedUpdateUserName" >
    U.TRUENAME UPDATE_USER_NAME,U2.TRUENAME CREATE_USER_NAME
  </sql>
  
  <!-- 授权信息查询 -->
  <select id="getMaterialAuthorizedById" resultMap="BaseResultMapMaterialAuthorized" parameterType="java.lang.Integer">
  	select <include refid="BaseColumnListMaterialAuthorized" /> from TB_MATERIAL_AUTHORIZED A where ID = #{id}
  </select>
  
  <!-- 授权信息查询 -->
  <select id="getMaterialAuthorized" resultMap="BaseResultMapMaterialAuthorized" parameterType="com.spring.scenic.material.domain.MaterialAuthorized">
  	select <include refid="BaseColumnListMaterialAuthorized" /> from TB_MATERIAL_AUTHORIZED A where ID = #{id}
  </select>
  
  <!-- 授权分页数据 -->
  <select id="getMaterialAuthorizedList" resultMap="BaseResultMapMaterialAuthorized" parameterType="com.spring.scenic.material.domain.MaterialAuthorized" >
    select 
    
    <include refid="BaseColumnListMaterialAuthorized" />
    ,
    <include refid="BaseColumnListMaterialAuthorizedUpdateUserName" />
    
    from TB_MATERIAL_AUTHORIZED A
    left join TB_AUTH_USER U
    	 on A.UPDATE_USER = U.ID
    left join TB_AUTH_USER U2
    	 on A.CREATE_USER = U2.ID
    where 1=1
	<if test="id != null" >
	  AND A.ID = #{id}
	</if>
	<if test="code != null and code !=''" >
	  AND A.CODE like '%'||TRIM(#{code})||'%' 
	</if>
	<if test="authOrg != null and authOrg !=''" >
	  AND A.AUTH_ORG like '%'||TRIM(#{authOrg})||'%' 
	</if>
	<if test="authPerson != null and authPerson !=''" >
	  AND A.AUTH_PERSON like '%'||TRIM(#{authPerson})||'%' 
	</if>
	<if test="valid != null" >
	  AND A.VALID = #{valid}
	</if>
    <if test="startDate!=null">
	  AND A.AUTH_END_DATE &gt;= #{startDate}
	</if>
    <if test="endDate!=null">
	  AND A.AUTH_END_DATE &lt;= #{endDate}
	</if>
	<if test="orderByClause==null || orderByClause==''">
	  ORDER BY A.CREATE_TIME desc
	</if>
	<if test="orderByClause!=null and orderByClause!=''">
	  ORDER BY ${orderByClause}
	</if>
  </select>
  
  <!-- 删除授权信息 -->
  <delete id="deleteMaterialAuthorized" parameterType="com.spring.scenic.material.domain.MaterialAuthorized" >
    delete from TB_MATERIAL_AUTHORIZED
    where ID = #{id,jdbcType=DECIMAL}
  </delete>

  <!-- 保存授权信息 -->
  <insert id="saveMaterialAuthorized" parameterType="com.spring.scenic.material.domain.MaterialAuthorized" >
    insert into TB_MATERIAL_AUTHORIZED
    <trim prefix="(" suffix=")" suffixOverrides="," >
        ID,
      <if test="code != null" >
        CODE,
      </if>
      <if test="authOrg != null" >
        AUTH_ORG,
      </if>
      <if test="authPerson != null" >
        AUTH_PERSON,
      </if>
      <if test="authStartDate != null" >
        AUTH_START_DATE,
      </if>
      <if test="authEndDate != null" >
        AUTH_END_DATE,
      </if>
      <if test="signDate != null" >
        SIGN_DATE,
      </if>
      <if test="valid != null" >
        VALID,
      </if>
      <if test="guid != null" >
        GUID,
      </if>
      <if test="createTime != null" >
        CREATE_TIME,
      </if>
      <if test="createUser != null" >
        CREATE_USER,
      </if>
      <if test="updateTime != null" >
        UPDATE_TIME,
      </if>
      <if test="updateUser != null" >
        UPDATE_USER,
      </if>
    </trim>
    <trim prefix="values (" suffix=")" suffixOverrides="," >
       SEQ_TB_MATERIAL_AUTHORIZED.NEXTVAL,
      <if test="code != null" >
        #{code,jdbcType=VARCHAR},
      </if>
      <if test="authOrg != null" >
        #{authOrg,jdbcType=VARCHAR},
      </if>
      <if test="authPerson != null" >
        #{authPerson,jdbcType=VARCHAR},
      </if>
      <if test="authStartDate != null" >
        #{authStartDate,jdbcType=TIMESTAMP},
      </if>
      <if test="authEndDate != null" >
        #{authEndDate,jdbcType=TIMESTAMP},
      </if>
      <if test="signDate != null" >
        #{signDate,jdbcType=TIMESTAMP},
      </if>
      <if test="valid != null" >
        #{valid,jdbcType=DECIMAL},
      </if>
      <if test="guid != null" >
        #{guid,jdbcType=VARCHAR},
      </if>
      <if test="createTime != null" >
        #{createTime,jdbcType=TIMESTAMP},
      </if>
      <if test="createUser != null" >
        #{createUser,jdbcType=DECIMAL},
      </if>
      <if test="updateTime != null" >
        #{updateTime,jdbcType=TIMESTAMP},
      </if>
      <if test="updateUser != null" >
        #{updateUser,jdbcType=DECIMAL},
      </if>
    </trim>
  </insert>
  
  <!-- 修改授权信息 -->
  <update id="updateMaterialAuthorized" parameterType="com.spring.scenic.material.domain.MaterialAuthorized" >
    update TB_MATERIAL_AUTHORIZED
    <set >
        CODE = #{code,jdbcType=VARCHAR},
        AUTH_ORG = #{authOrg,jdbcType=VARCHAR},
        AUTH_PERSON = #{authPerson,jdbcType=VARCHAR},
        AUTH_START_DATE = #{authStartDate,jdbcType=TIMESTAMP},
        AUTH_END_DATE = #{authEndDate,jdbcType=TIMESTAMP},
        SIGN_DATE = #{signDate,jdbcType=TIMESTAMP},
        VALID = #{valid,jdbcType=DECIMAL},
        GUID = #{guid,jdbcType=VARCHAR},
        CREATE_TIME = #{createTime,jdbcType=TIMESTAMP},
        CREATE_USER = #{createUser,jdbcType=DECIMAL},
        UPDATE_TIME = #{updateTime,jdbcType=TIMESTAMP},
        UPDATE_USER = #{updateUser,jdbcType=DECIMAL},
    </set>
    where ID = #{id,jdbcType=DECIMAL}
  </update>
  
</mapper>