<?xml version="1.0" encoding="UTF-8" ?>
<!DOCTYPE mapper PUBLIC "-//mybatis.org//DTD Mapper 3.0//EN" "http://mybatis.org/dtd/mybatis-3-mapper.dtd" >
<mapper namespace="com.spring.scenic.material.infrastructure.PicturesMapper" >
  
  <resultMap id="BaseResultMapPicture" type="com.spring.scenic.material.domain.Pictures" >
    <id column="ID" property="id" jdbcType="DECIMAL" />
    <result column="URL" property="url" jdbcType="VARCHAR" />
    <result column="NAME" property="name" jdbcType="VARCHAR" />
    <result column="REMARKS" property="remarks" jdbcType="VARCHAR" />
    <result column="LOGO" property="logo" jdbcType="DECIMAL" />
    <result column="VALID" property="valid" jdbcType="DECIMAL" />
    <result column="RELATED_ID" property="relatedId" jdbcType="DECIMAL" />
    <result column="CREATE_TIME" property="createTime" jdbcType="TIMESTAMP" />
    <result column="CREATE_USER" property="createUser" jdbcType="DECIMAL" />
    <result column="UPDATE_TIME" property="updateTime" jdbcType="TIMESTAMP" />
    <result column="UPDATE_USER" property="updateUser" jdbcType="DECIMAL" />
    <result column="CATEGORY_TYPE" property="categoryType" jdbcType="DECIMAL" />
  </resultMap>
  
  <sql id="BaseColumnListPicture" >
    ID, URL, NAME, REMARKS, LOGO, VALID, RELATED_ID, CREATE_TIME, CREATE_USER, UPDATE_TIME, 
    UPDATE_USER, CATEGORY_TYPE
  </sql>
  
  <!-- 查询单个 -->
  <select id="getPicture" resultMap="BaseResultMapPicture" parameterType="com.spring.scenic.material.domain.Pictures" >
    select 
    <include refid="BaseColumnListPicture" />
    from TB_PICTURES
    where 1=1
    <if test="id != null" >
      AND ID = #{id,jdbcType=DECIMAL}
    </if>
  </select> 
  
  <!-- 列表查询 -->
  <select id="getPictureList" resultMap="BaseResultMapPicture" parameterType="com.spring.scenic.material.domain.Pictures" >
    select 
    <include refid="BaseColumnListPicture" />
    from TB_PICTURES
    where 1=1
    <if test="id != null" >
      AND ID = #{id,jdbcType=DECIMAL}
    </if>
    <if test="relatedId != null" >
      AND RELATED_ID = #{relatedId,jdbcType=DECIMAL}
    </if>
      order by CREATE_TIME desc
  </select> 
  
  <select id="selectByPrimaryKey" resultMap="BaseResultMapPicture" parameterType="java.lang.Integer" >
    select 
    <include refid="BaseColumnListPicture" />
    from TB_PICTURES
    where ID = #{id,jdbcType=DECIMAL}
  </select>
  
  <delete id="deletePicture" parameterType="com.spring.scenic.material.domain.Pictures" >
    delete from TB_PICTURES
    where ID = #{id,jdbcType=DECIMAL}
  </delete>
  
  <!-- 批量保存图片信息 -->
  <insert id="saveBatchPictures" parameterType="java.util.List">
	insert into TB_PICTURES (ID,URL,NAME,REMARKS,LOGO,VALID,RELATED_ID,CATEGORY_TYPE,CREATE_TIME,CREATE_USER,UPDATE_TIME,UPDATE_USER)
    	SELECT SEQ_TB_PICTURES.NEXTVAL, A.* FROM(
	    	<foreach collection="list" item="item" index="index" separator="union all" >
			SELECT
			<if test="item.url!=null">
				#{item.url}
			</if>
			<if test="item.url==null">
				null url
			</if>
			
			<if test="item.name!=null">
				,#{item.name}
			</if>
			<if test="item.name==null">
				,null name
			</if>
			
			<if test="item.remarks!=null">
				,#{item.remarks}
			</if>
			<if test="item.remarks==null">
				,null remarks
			</if>
			
			<if test="item.logo!=null">
				,#{item.logo}
			</if>
			<if test="item.logo==null">
				,null logo
			</if>
			
			<if test="item.valid!=null">
				,#{item.valid}
			</if>
			<if test="item.valid==null">
				,null valid
			</if>
			
			<if test="item.relatedId!=null">
				,#{item.relatedId}
			</if>
			<if test="item.relatedId==null">
				,null relatedId
			</if>
			
			<if test="item.categoryType!=null">
				,#{item.categoryType}
			</if>
			<if test="item.categoryType==null">
				,null categoryType
			</if>
			
			<if test="item.createTime!=null">
				,#{item.createTime}
			</if>
			<if test="item.createTime==null">
				,null createTime
			</if>
			
			<if test="item.createUser!=null">
				,#{item.createUser}
			</if>
			<if test="item.createUser==null">
				,null createUser
			</if>

			<if test="item.updateTime!=null">
				,#{item.updateTime}
			</if>
			<if test="item.updateTime==null">
				,null updateTime
			</if>

			<if test="item.updateUser!=null">
				,#{item.updateUser}
			</if>
			<if test="item.updateUser==null">
				,null updateUser
			</if>
			
			 FROM dual
			</foreach>
		)A
  </insert>
  
  <insert id="insertSelective" parameterType="com.spring.scenic.material.domain.Pictures" >
    insert into TB_PICTURES
    <trim prefix="(" suffix=")" suffixOverrides="," >
      <if test="id != null" >
        ID,
      </if>
      <if test="url != null" >
        URL,
      </if>
      <if test="name != null" >
        NAME,
      </if>
      <if test="remarks != null" >
        REMARKS,
      </if>
      <if test="logo != null" >
        LOGO,
      </if>
      <if test="valid != null" >
        VALID,
      </if>
      <if test="relatedId != null" >
        RELATED_ID,
      </if>
      <if test="createTime != null" >
        CREATE_TIME,
      </if>
      <if test="createUser != null" >
        CREATE_USER,
      </if>
      <if test="updateTime != null" >
        UPDATE_TIME,
      </if>
      <if test="updateUser != null" >
        UPDATE_USER,
      </if>
      <if test="categoryType != null" >
        CATEGORY_TYPE,
      </if>
    </trim>
    <trim prefix="values (" suffix=")" suffixOverrides="," >
      <if test="id != null" >
        #{id,jdbcType=DECIMAL},
      </if>
      <if test="url != null" >
        #{url,jdbcType=VARCHAR},
      </if>
      <if test="name != null" >
        #{name,jdbcType=VARCHAR},
      </if>
      <if test="remarks != null" >
        #{remarks,jdbcType=VARCHAR},
      </if>
      <if test="logo != null" >
        #{logo,jdbcType=DECIMAL},
      </if>
      <if test="valid != null" >
        #{valid,jdbcType=DECIMAL},
      </if>
      <if test="relatedId != null" >
        #{relatedId,jdbcType=DECIMAL},
      </if>
      <if test="createTime != null" >
        #{createTime,jdbcType=TIMESTAMP},
      </if>
      <if test="createUser != null" >
        #{createUser,jdbcType=DECIMAL},
      </if>
      <if test="updateTime != null" >
        #{updateTime,jdbcType=TIMESTAMP},
      </if>
      <if test="updateUser != null" >
        #{updateUser,jdbcType=DECIMAL},
      </if>
      <if test="categoryType != null" >
        #{categoryType,jdbcType=DECIMAL},
      </if>
    </trim>
  </insert>
  
  <update id="updatePicture" parameterType="com.spring.scenic.material.domain.Pictures" >
    update TB_PICTURES
    set URL = #{url,jdbcType=VARCHAR},
      NAME = #{name,jdbcType=VARCHAR},
      REMARKS = #{remarks,jdbcType=VARCHAR},
      LOGO = #{logo,jdbcType=DECIMAL},
      VALID = #{valid,jdbcType=DECIMAL},
      RELATED_ID = #{relatedId,jdbcType=DECIMAL},
      CREATE_TIME = #{createTime,jdbcType=TIMESTAMP},
      CREATE_USER = #{createUser,jdbcType=DECIMAL},
      UPDATE_TIME = #{updateTime,jdbcType=TIMESTAMP},
      UPDATE_USER = #{updateUser,jdbcType=DECIMAL},
      CATEGORY_TYPE = #{categoryType,jdbcType=DECIMAL}
    where ID = #{id,jdbcType=DECIMAL}
  </update>
  
  <update id="updatePictureByFK" >
  	 update TB_PICTURES set LOGO = 0 where 1=1
    <if test="relatedId != null" >
      AND RELATED_ID = #{relatedId,jdbcType=DECIMAL}
    </if>
    <if test="categoryType != null" >
      AND CATEGORY_TYPE = #{categoryType,jdbcType=DECIMAL}
    </if>
  </update>
  
  <update id="updatePictureList" >
  	<foreach collection="list" item="item" index="index" open="begin" close=";end;" separator=";">
	    update TB_PICTURES
	    set LOGO = 0
	    where ID = #{item.id,jdbcType=DECIMAL}
    </foreach>
  </update>
  
  
   <!-- 列表查询 -->
  <select id="getPictureListByReIdAndType" resultMap="BaseResultMapPicture" parameterType="com.spring.scenic.material.domain.Pictures" >
    select 
    <include refid="BaseColumnListPicture" />
    from TB_PICTURES
    where 1=1
    <if test="relatedId != null" >
      AND RELATED_ID = #{relatedId,jdbcType=DECIMAL}
    </if>
    <if test="categoryType != null" >
      AND CATEGORY_TYPE = #{categoryType,jdbcType=DECIMAL}
    </if>
      order by CREATE_TIME desc
  </select> 
  
</mapper>