<?xml version="1.0" encoding="UTF-8" ?>
<!DOCTYPE mapper PUBLIC "-//mybatis.org//DTD Mapper 3.0//EN" "http://mybatis.org/dtd/mybatis-3-mapper.dtd" >
<mapper namespace="com.spring.scenic.basic.infrastructure.CountryMapper" >
  <resultMap id="BaseResultMap" type="com.spring.scenic.basic.domain.Country" >
    <!--
      WARNING - @mbggenerated
      This element is automatically generated by MyBatis Generator, do not modify.
      This element was generated on Thu Dec 22 10:43:53 CST 2016.
    -->
    <id column="ID" property="id" jdbcType="DECIMAL" />
    <result column="NAME" property="name" jdbcType="VARCHAR" />
    <result column="PINYIN" property="pinyin" jdbcType="VARCHAR" />
    <result column="EN_NAME" property="enName" jdbcType="VARCHAR" />
    <result column="CODE" property="code" jdbcType="VARCHAR" />
    <result column="VALID" property="valid" jdbcType="DECIMAL" />
    <result column="CREATE_TIME" property="createTime" jdbcType="TIMESTAMP" />
    <result column="CREATE_USER" property="createUser" jdbcType="DECIMAL" />
    <result column="UPDATE_TIME" property="updateTime" jdbcType="TIMESTAMP" />
    <result column="UPDATE_USER" property="updateUser" jdbcType="DECIMAL" />
  </resultMap>
  <sql id="Base_Column_List" >
    ID, NAME, PINYIN, EN_NAME, CODE, VALID, CREATE_TIME, CREATE_USER, UPDATE_TIME, UPDATE_USER
  </sql>
  <select id="selectCountryById" resultType="com.spring.scenic.basic.domain.Country">
    select 
    id,name,valid
    from TB_COUNTRY
    where ID = #{id,jdbcType=DECIMAL}
  </select>
  <select id="selectCuntryList" resultMap="BaseResultMap">
    select 
    id,name,valid
    from TB_COUNTRY
  </select>
  <delete id="deleteByPrimaryKey" parameterType="java.lang.Integer" >
    delete from TB_COUNTRY
    where ID = #{id,jdbcType=DECIMAL}
  </delete>
  <insert id="addCountry" parameterType="com.spring.scenic.basic.domain.Country" >
   insert into TB_COUNTRY
   (ID,
    NAME,
    PINYIN,
    EN_NAME,
    CODE,
    VALID,
    CREATE_TIME,
    CREATE_USER,
    UPDATE_TIME,
    UPDATE_USER)
 values
   (seq_tb_country.nextval,
    #{name,jdbcType = VARCHAR},
    #{pinyin,jdbcType = VARCHAR},
    #{enName,jdbcType = VARCHAR},
    #{code,jdbcType = VARCHAR},
    #{valid,jdbcType = DECIMAL},
    #{createTime,jdbcType=TIMESTAMP},
    #{createUser,jdbcType = DECIMAL},
    #{updateTime,jdbcType = TIMESTAMP},
    #{updateUser,jdbcType = DECIMAL})
  </insert>
  <insert id="insertSelective" parameterType="com.spring.scenic.basic.domain.Country" >
    <!--
      WARNING - @mbggenerated
      This element is automatically generated by MyBatis Generator, do not modify.
      This element was generated on Thu Dec 22 10:43:53 CST 2016.
    -->
    insert into TB_COUNTRY
    <trim prefix="(" suffix=")" suffixOverrides="," >
      <if test="id != null" >
        ID,
      </if>
      <if test="name != null" >
        NAME,
      </if>
      <if test="pinyin != null" >
        PINYIN,
      </if>
      <if test="enName != null" >
        EN_NAME,
      </if>
      <if test="code != null" >
        CODE,
      </if>
      <if test="valid != null" >
        VALID,
      </if>
      <if test="createTime != null" >
        CREATE_TIME,
      </if>
      <if test="createUser != null" >
        CREATE_USER,
      </if>
      <if test="updateTime != null" >
        UPDATE_TIME,
      </if>
      <if test="updateUser != null" >
        UPDATE_USER,
      </if>
    </trim>
    <trim prefix="values (" suffix=")" suffixOverrides="," >
      <if test="id != null" >
        #{id,jdbcType=DECIMAL},
      </if>
      <if test="name != null" >
        #{name,jdbcType=VARCHAR},
      </if>
      <if test="pinyin != null" >
        #{pinyin,jdbcType=VARCHAR},
      </if>
      <if test="enName != null" >
        #{enName,jdbcType=VARCHAR},
      </if>
      <if test="code != null" >
        #{code,jdbcType=VARCHAR},
      </if>
      <if test="valid != null" >
        #{valid,jdbcType=DECIMAL},
      </if>
      <if test="createTime != null" >
        #{createTime,jdbcType=TIMESTAMP},
      </if>
      <if test="createUser != null" >
        #{createUser,jdbcType=DECIMAL},
      </if>
      <if test="updateTime != null" >
        #{updateTime,jdbcType=TIMESTAMP},
      </if>
      <if test="updateUser != null" >
        #{updateUser,jdbcType=DECIMAL},
      </if>
    </trim>
  </insert>
  <update id="updateByPrimaryKeySelective" parameterType="com.spring.scenic.basic.domain.Country" >
    <!--
      WARNING - @mbggenerated
      This element is automatically generated by MyBatis Generator, do not modify.
      This element was generated on Thu Dec 22 10:43:53 CST 2016.
    -->
    update TB_COUNTRY
    <set >
      <if test="name != null" >
        NAME = #{name,jdbcType=VARCHAR},
      </if>
      <if test="pinyin != null" >
        PINYIN = #{pinyin,jdbcType=VARCHAR},
      </if>
      <if test="enName != null" >
        EN_NAME = #{enName,jdbcType=VARCHAR},
      </if>
      <if test="code != null" >
        CODE = #{code,jdbcType=VARCHAR},
      </if>
      <if test="valid != null" >
        VALID = #{valid,jdbcType=DECIMAL},
      </if>
      <if test="createTime != null" >
        CREATE_TIME = #{createTime,jdbcType=TIMESTAMP},
      </if>
      <if test="createUser != null" >
        CREATE_USER = #{createUser,jdbcType=DECIMAL},
      </if>
      <if test="updateTime != null" >
        UPDATE_TIME = #{updateTime,jdbcType=TIMESTAMP},
      </if>
      <if test="updateUser != null" >
        UPDATE_USER = #{updateUser,jdbcType=DECIMAL},
      </if>
    </set>
    where ID = #{id,jdbcType=DECIMAL}
  </update>
  <update id="updateByPrimaryKey" parameterType="com.spring.scenic.basic.domain.Country" >
    <!--
      WARNING - @mbggenerated
      This element is automatically generated by MyBatis Generator, do not modify.
      This element was generated on Thu Dec 22 10:43:53 CST 2016.
    -->
    update TB_COUNTRY
    set NAME = #{name,jdbcType=VARCHAR},
      PINYIN = #{pinyin,jdbcType=VARCHAR},
      EN_NAME = #{enName,jdbcType=VARCHAR},
      CODE = #{code,jdbcType=VARCHAR},
      VALID = #{valid,jdbcType=DECIMAL},
      CREATE_TIME = #{createTime,jdbcType=TIMESTAMP},
      CREATE_USER = #{createUser,jdbcType=DECIMAL},
      UPDATE_TIME = #{updateTime,jdbcType=TIMESTAMP},
      UPDATE_USER = #{updateUser,jdbcType=DECIMAL}
    where ID = #{id,jdbcType=DECIMAL}
  </update>
  
  <select id="selectCountryForManager" 
		resultType="com.spring.scenic.basic.domain.Country">
		select t.id,
		       t.name name,
		       t.en_name enName,
		       t.VALID,
		       t.code code,
		       t.CREATE_TIME createTime,
		       t.CREATE_USER createUser,
		       au1.truename  createUserName,
		       t.UPDATE_TIME updateTime,
		       t.UPDATE_USER updateUser,
		       au.truename   updateUserName
		  from TB_COUNTRY t
		  left join tb_auth_user au on au.id = t.UPDATE_USER
		  left join tb_auth_user au1 on au1.id = t.CREATE_USER
		where 1=1
		<if test="code != null and code !='' ">
			and t.code like '%' ||TRIM(#{code})|| '%'
		</if>
		<if test="name !=null  and name !='' ">
			and t.name like '%' ||TRIM(#{name})|| '%'
		</if>
		<if test="enName !=null  and enName !='' ">
			and t.en_name like '%' ||TRIM(#{enName})|| '%'
		</if>
		<if test="valid !=null">
			and t.valid = #{valid}
		</if>
		order by t.CREATE_TIME desc
	</select>
  
  	<update id="updateCountryById">
  	   update TB_COUNTRY
	     set 
	     VALID = #{valid,jdbcType=DECIMAL},
	     UPDATE_TIME = #{updateTime,jdbcType = TIMESTAMP},
		 UPDATE_USER = #{updateUser,jdbcType=DECIMAL}
	    where ID = #{id,jdbcType=DECIMAL}
  	</update>
  	
  	<select id="selectCountryByName" resultType="java.lang.Integer">
  		select count(1) from TB_COUNTRY
  		where 1=2
  		<if test="name !=null  and name !='' ">
			or name like '%' ||TRIM(#{name})|| '%'
		</if>
  	</select>
  
  
</mapper>