<?xml version="1.0" encoding="UTF-8" ?>
<!DOCTYPE mapper PUBLIC "-//mybatis.org//DTD Mapper 3.0//EN" "http://mybatis.org/dtd/mybatis-3-mapper.dtd" >
<mapper namespace="com.spring.scenic.basic.infrastructure.KeywordMapper" >
  
  <resultMap id="BaseResultMap" type="com.spring.scenic.product.domain.Keyword" >
    <id column="ID" property="id" jdbcType="DECIMAL" />
    <result column="NAME" property="name" jdbcType="VARCHAR" />
    <result column="TYPE" property="type" jdbcType="DECIMAL" />
    <result column="VALID" property="valid" jdbcType="DECIMAL" />
    <result column="OUT_RELATED_ID" property="outRelatedId" jdbcType="DECIMAL" />
    <result column="OUT_RELATED_TYPE" property="outRelatedType" jdbcType="DECIMAL" />
    <result column="CREATE_TIME" property="createTime" jdbcType="TIMESTAMP" />
    <result column="CREATE_USER" property="createUser" jdbcType="DECIMAL" />
    <result column="UPDATE_TIME" property="updateTime" jdbcType="TIMESTAMP" />
    <result column="UPDATE_USER" property="updateUser" jdbcType="DECIMAL" />
  </resultMap>
  
  <resultMap id="BaseHolidayHotelResultMap" type="com.spring.scenic.product.domain.vo.KeywordHolidayHotelVo" extends="BaseResultMap">
  	 <result column="OUT_RELATED_ID" property="outRelatedId" jdbcType="DECIMAL" />
    <result column="NAME" property="name" jdbcType="VARCHAR" />
  </resultMap>
  
  <sql id="Base_Column_List" >
    ID, NAME, TYPE, VALID, OUT_RELATED_ID, OUT_RELATED_TYPE, CREATE_TIME, CREATE_USER, 
    UPDATE_TIME, UPDATE_USER
  </sql>
  
  <!-- 热门关键字查询 -->
  <select id="getHotSearchKeyword" resultMap="BaseResultMap">
	select k.name from TB_KEYWORD_REF r,TB_KEYWORD k  where r.keyword_id=k.id and  r.out_related_type=2 and  r.out_related_id in(
	       select c.id from tb_sys_config c where c.location_code ='SEARCH_HOT_KEYWORD' and c.sys_type=4 and c.location_type=3 and c.valid=1 
	) order by r.create_time desc 
  </select>
  
  <!-- 热门城市查询 -->
  <select id="getHotCityKeyword" resultMap="BaseResultMap">
	select k.name from TB_KEYWORD_REF r,TB_KEYWORD k  where r.keyword_id=k.id and  r.out_related_type=2 and  r.out_related_id in(
	       select c.id from tb_sys_config c where c.location_code ='LOCATION_HOT_CITY' and c.sys_type=4 and c.location_type=3 and c.valid=1 
	) order by r.create_time desc 
  </select>
  
  
  
  
  
  <select id="selectByPrimaryKey" resultMap="BaseResultMap" parameterType="java.lang.Integer" >
    select 
    <include refid="Base_Column_List" />
    from TB_KEYWORD
    where ID = #{id,jdbcType=DECIMAL}
  </select>
  
  <delete id="deleteByPrimaryKey" parameterType="java.lang.Integer" >
    delete from TB_KEYWORD
    where ID = #{id,jdbcType=DECIMAL}
  </delete>
  
  <insert id="insert" parameterType="com.spring.scenic.product.domain.Keyword" >
    insert into TB_KEYWORD (ID, NAME, TYPE, 
      VALID, OUT_RELATED_ID, OUT_RELATED_TYPE, 
      CREATE_TIME, CREATE_USER, UPDATE_TIME, 
      UPDATE_USER)
    values (#{id,jdbcType=DECIMAL}, #{name,jdbcType=VARCHAR}, #{type,jdbcType=DECIMAL}, 
      #{valid,jdbcType=DECIMAL}, #{outRelatedId,jdbcType=DECIMAL}, #{outRelatedType,jdbcType=DECIMAL}, 
      #{createTime,jdbcType=TIMESTAMP}, #{createUser,jdbcType=DECIMAL}, #{updateTime,jdbcType=TIMESTAMP}, 
      #{updateUser,jdbcType=DECIMAL})
  </insert>
  
  <insert id="insertSelective" parameterType="com.spring.scenic.product.domain.Keyword" >
    insert into TB_KEYWORD
    <trim prefix="(" suffix=")" suffixOverrides="," >
      <if test="id != null" >
        ID,
      </if>
      <if test="name != null" >
        NAME,
      </if>
      <if test="type != null" >
        TYPE,
      </if>
      <if test="valid != null" >
        VALID,
      </if>
      <if test="outRelatedId != null" >
        OUT_RELATED_ID,
      </if>
      <if test="outRelatedType != null" >
        OUT_RELATED_TYPE,
      </if>
      <if test="createTime != null" >
        CREATE_TIME,
      </if>
      <if test="createUser != null" >
        CREATE_USER,
      </if>
      <if test="updateTime != null" >
        UPDATE_TIME,
      </if>
      <if test="updateUser != null" >
        UPDATE_USER,
      </if>
    </trim>
    <trim prefix="values (" suffix=")" suffixOverrides="," >
      <if test="id != null" >
        #{id,jdbcType=DECIMAL},
      </if>
      <if test="name != null" >
        #{name,jdbcType=VARCHAR},
      </if>
      <if test="type != null" >
        #{type,jdbcType=DECIMAL},
      </if>
      <if test="valid != null" >
        #{valid,jdbcType=DECIMAL},
      </if>
      <if test="outRelatedId != null" >
        #{outRelatedId,jdbcType=DECIMAL},
      </if>
      <if test="outRelatedType != null" >
        #{outRelatedType,jdbcType=DECIMAL},
      </if>
      <if test="createTime != null" >
        #{createTime,jdbcType=TIMESTAMP},
      </if>
      <if test="createUser != null" >
        #{createUser,jdbcType=DECIMAL},
      </if>
      <if test="updateTime != null" >
        #{updateTime,jdbcType=TIMESTAMP},
      </if>
      <if test="updateUser != null" >
        #{updateUser,jdbcType=DECIMAL},
      </if>
    </trim>
  </insert>
  <update id="updateByPrimaryKeySelective" parameterType="com.spring.scenic.product.domain.Keyword" >
    update TB_KEYWORD
    <set >
      <if test="name != null" >
        NAME = #{name,jdbcType=VARCHAR},
      </if>
      <if test="type != null" >
        TYPE = #{type,jdbcType=DECIMAL},
      </if>
      <if test="valid != null" >
        VALID = #{valid,jdbcType=DECIMAL},
      </if>
      <if test="outRelatedId != null" >
        OUT_RELATED_ID = #{outRelatedId,jdbcType=DECIMAL},
      </if>
      <if test="outRelatedType != null" >
        OUT_RELATED_TYPE = #{outRelatedType,jdbcType=DECIMAL},
      </if>
      <if test="createTime != null" >
        CREATE_TIME = #{createTime,jdbcType=TIMESTAMP},
      </if>
      <if test="createUser != null" >
        CREATE_USER = #{createUser,jdbcType=DECIMAL},
      </if>
      <if test="updateTime != null" >
        UPDATE_TIME = #{updateTime,jdbcType=TIMESTAMP},
      </if>
      <if test="updateUser != null" >
        UPDATE_USER = #{updateUser,jdbcType=DECIMAL},
      </if>
    </set>
    where ID = #{id,jdbcType=DECIMAL}
  </update>
  
  <update id="updateByPrimaryKey" parameterType="com.spring.scenic.product.domain.Keyword" >
    update TB_KEYWORD
    set NAME = #{name,jdbcType=VARCHAR},
      TYPE = #{type,jdbcType=DECIMAL},
      VALID = #{valid,jdbcType=DECIMAL},
      OUT_RELATED_ID = #{outRelatedId,jdbcType=DECIMAL},
      OUT_RELATED_TYPE = #{outRelatedType,jdbcType=DECIMAL},
      CREATE_TIME = #{createTime,jdbcType=TIMESTAMP},
      CREATE_USER = #{createUser,jdbcType=DECIMAL},
      UPDATE_TIME = #{updateTime,jdbcType=TIMESTAMP},
      UPDATE_USER = #{updateUser,jdbcType=DECIMAL}
    where ID = #{id,jdbcType=DECIMAL}
  </update>
  
    <select id="selectHolidayHotel" resultMap="BaseHolidayHotelResultMap" parameterType="com.spring.scenic.product.domain.vo.KeywordHolidayHotelVo" >
	select tk.name NAME
	  from tb_product tp
	  left join tb_keyword_ref tkr
	    on tp.id = tkr.out_related_id
	 inner join tb_keyword tk
	    on tkr.keyword_id = tk.id
	    
	 where tk.valid=1 and tkr.out_related_id =#{id,jdbcType=DECIMAL} and tk.type=2 and tkr.OUT_RELATED_TYPE=3
    
  </select>
  
  <!-- 首页模糊匹配关键字：城市、和关键字 去重复 -->
  <select id="getMatchKeywords" resultMap="BaseResultMap" parameterType="com.spring.scenic.product.domain.Keyword" >
		select distinct(name) name
    	from(
			select c.name from tb_city c where c.valid = 1 and (
			       c.name like '%'||TRIM(#{name})||'%' or c.jianpin like '%'||TRIM(#{name})||'%' 
			       or c.initial_letter like '%'||TRIM(#{name})||'%' or c.pinyin like '%'||TRIM(#{name})||'%'
			)
			union 
			select k.name from tb_keyword k where k.valid=1 and k.name like '%'||TRIM(#{name})||'%'
		)
  </select>
  
  
</mapper>