<?xml version="1.0" encoding="UTF-8" ?>
<!DOCTYPE mapper PUBLIC "-//mybatis.org//DTD Mapper 3.0//EN" "http://mybatis.org/dtd/mybatis-3-mapper.dtd" >
<mapper namespace="com.spring.scenic.picture.infrastructure.BusiPictureLibMapper" >
  
  <resultMap id="BaseResultMap" type="com.spring.scenic.picture.domain.BusiPictureLib" >
    <id column="ID" property="id" jdbcType="DECIMAL" />
    <result column="PIC_NAME" property="picName" jdbcType="VARCHAR" />
    <result column="USE_TYPE" property="useType" jdbcType="DECIMAL" />
    <result column="FILE_NAME" property="fileName" jdbcType="VARCHAR" />
    <result column="FILE_URL" property="fileUrl" jdbcType="VARCHAR" />
    <result column="VALID" property="valid" jdbcType="DECIMAL" />
    <result column="REMARK" property="remark" jdbcType="VARCHAR" />
    <result column="CREATE_USER" property="createUser" jdbcType="DECIMAL" />
    <result column="CREATE_TIME" property="createTime" jdbcType="TIMESTAMP" />
    <result column="UPDATE_USER" property="updateUser" jdbcType="DECIMAL" />
    <result column="UPDATE_TIME" property="updateTime" jdbcType="TIMESTAMP" />
  </resultMap>
  
  <sql id="Base_Column_List" >
    ID, PIC_NAME, USE_TYPE, FILE_NAME, FILE_URL, VALID, REMARK, CREATE_USER, CREATE_TIME, 
    UPDATE_USER, UPDATE_TIME
  </sql>

  <!-- 查询产品关联的官方图片及产品评论的图片 -->  
  <select id="getProductPicOrDefault" resultMap="BaseResultMap" parameterType="com.spring.scenic.product.domain.Product" >
	select * from (
		select l.FILE_URL from tb_product_pic_rel r,tb_busi_picture_lib l 
			where l.valid=1 and r.product_id=#{id,jdbcType=DECIMAL} 
				and r.picture_lib_id=l.id order by r.is_logo desc ,r.id asc
	)
	union all
	select f.file_url  from tb_product_comment c,tb_product_comment_file f 
	    where c.product_id=#{id,jdbcType=DECIMAL} and c.id=f.product_comment_id 
  </select>
  
  <select id="selectByPrimaryKey" resultMap="BaseResultMap" parameterType="java.lang.Integer" >
    select 
    <include refid="Base_Column_List" />
    from TB_BUSI_PICTURE_LIB
    where ID = #{id,jdbcType=DECIMAL}
  </select>
  
  <select id="selectList" resultMap="BaseResultMap" parameterType="com.spring.scenic.picture.domain.vo.BusiPictureLibVo">
  	select 
  		<include refid="Base_Column_List" />
    from TB_BUSI_PICTURE_LIB  where 1=1
    <if test="picName != null and picName != ''">
    	and pic_Name = #{picName,jdbcType=VARCHAR}
    </if>
    <if test="valid != null">
    	and VALID = #{valid,jdbcType=DECIMAL}
    </if>
    <if test="useType != null">
    	and use_Type = #{useType,jdbcType=DECIMAL}
    </if>
    <if test="createStartTime != null">
    	and create_Time &gt; #{createStartTime,jdbcType=TIMESTAMP}
    </if>
    <if test="createEndTime != null">
    	and create_time &lt;= #{createEndTime,jdbcType=TIMESTAMP} +1
    </if>
    <if test="createUser != null">
     	and create_user = #{createUser,jdbcType=TIMESTAMP}
    </if>
  </select>
  <delete id="deleteByPrimaryKey" parameterType="java.lang.Integer" >
    <!--
      WARNING - @mbggenerated
      This element is automatically generated by MyBatis Generator, do not modify.
      This element was generated on Tue Mar 21 13:58:17 CST 2017.
    -->
    delete from TB_BUSI_PICTURE_LIB
    where ID = #{id,jdbcType=DECIMAL}
  </delete>
 <!--  <insert id="insert" parameterType="com.spring.scenic.picture.domain.BusiPictureLib" >
    
      WARNING - @mbggenerated
      This element is automatically generated by MyBatis Generator, do not modify.
      This element was generated on Tue Mar 21 13:58:17 CST 2017.
   
    insert into TB_BUSI_PICTURE_LIB (ID, PIC_NAME, USE_TYPE, 
      FILE_NAME, FILE_URL, VALID, 
      REMARK, CREATE_USER, CREATE_TIME, 
      UPDATE_USER, UPDATE_TIME)
    values (#{id,jdbcType=DECIMAL}, #{picName,jdbcType=VARCHAR}, #{useType,jdbcType=DECIMAL}, 
      #{fileName,jdbcType=VARCHAR}, #{fileUrl,jdbcType=VARCHAR}, #{valid,jdbcType=DECIMAL}, 
      #{remark,jdbcType=VARCHAR}, #{createUser,jdbcType=DECIMAL}, #{createTime,jdbcType=TIMESTAMP}, 
      #{updateUser,jdbcType=DECIMAL}, #{updateTime,jdbcType=TIMESTAMP})
  </insert> -->
  <insert id="insertSelective" parameterType="com.spring.scenic.picture.domain.BusiPictureLib" >
    <selectKey  keyProperty="id" order="BEFORE" resultType="java.lang.Integer" >
      	SELECT SEQ_TB_BUSI_PICTURE_LIB.nextval FROM dual
      </selectKey>
    insert into TB_BUSI_PICTURE_LIB
    <trim prefix="(" suffix=")" suffixOverrides="," >
      <if test="id != null" >
        ID,
      </if>
      <if test="picName != null" >
        PIC_NAME,
      </if>
      <if test="useType != null" >
        USE_TYPE,
      </if>
      <if test="fileName != null" >
        FILE_NAME,
      </if>
      <if test="fileUrl != null" >
        FILE_URL,
      </if>
      <if test="valid != null" >
        VALID,
      </if>
      <if test="remark != null" >
        REMARK,
      </if>
      <if test="createUser != null" >
        CREATE_USER,
      </if>
      <if test="createTime != null" >
        CREATE_TIME,
      </if>
      <if test="updateUser != null" >
        UPDATE_USER,
      </if>
      <if test="updateTime != null" >
        UPDATE_TIME,
      </if>
    </trim>
    <trim prefix="values (" suffix=")" suffixOverrides="," >
      <if test="id != null" >
        #{id,jdbcType=DECIMAL},
      </if>
      <if test="picName != null" >
        #{picName,jdbcType=VARCHAR},
      </if>
      <if test="useType != null" >
        #{useType,jdbcType=DECIMAL},
      </if>
      <if test="fileName != null" >
        #{fileName,jdbcType=VARCHAR},
      </if>
      <if test="fileUrl != null" >
        #{fileUrl,jdbcType=VARCHAR},
      </if>
      <if test="valid != null" >
        #{valid,jdbcType=DECIMAL},
      </if>
      <if test="remark != null" >
        #{remark,jdbcType=VARCHAR},
      </if>
      <if test="createUser != null" >
        #{createUser,jdbcType=DECIMAL},
      </if>
      <if test="createTime != null" >
        #{createTime,jdbcType=TIMESTAMP},
      </if>
      <if test="updateUser != null" >
        #{updateUser,jdbcType=DECIMAL},
      </if>
      <if test="updateTime != null" >
        #{updateTime,jdbcType=TIMESTAMP},
      </if>
    </trim>
  </insert>
  
  <update id="updateByPrimaryKeySelective" parameterType="com.spring.scenic.picture.domain.BusiPictureLib" >
    <!--
      WARNING - @mbggenerated
      This element is automatically generated by MyBatis Generator, do not modify.
      This element was generated on Tue Mar 21 13:58:17 CST 2017.
    -->
    update TB_BUSI_PICTURE_LIB
    <set >
      <if test="picName != null" >
        PIC_NAME = #{picName,jdbcType=VARCHAR},
      </if>
      <if test="useType != null" >
        USE_TYPE = #{useType,jdbcType=DECIMAL},
      </if>
      <if test="fileName != null" >
        FILE_NAME = #{fileName,jdbcType=VARCHAR},
      </if>
      <if test="fileUrl != null" >
        FILE_URL = #{fileUrl,jdbcType=VARCHAR},
      </if>
      <if test="valid != null" >
        VALID = #{valid,jdbcType=DECIMAL},
      </if>
      <if test="remark != null" >
        REMARK = #{remark,jdbcType=VARCHAR},
      </if>
      <if test="createUser != null" >
        CREATE_USER = #{createUser,jdbcType=DECIMAL},
      </if>
      <if test="createTime != null" >
        CREATE_TIME = #{createTime,jdbcType=TIMESTAMP},
      </if>
      <if test="updateUser != null" >
        UPDATE_USER = #{updateUser,jdbcType=DECIMAL},
      </if>
      <if test="updateTime != null" >
        UPDATE_TIME = #{updateTime,jdbcType=TIMESTAMP},
      </if>
    </set>
    where ID = #{id,jdbcType=DECIMAL}
  </update>
  <update id="updateByPrimaryKey" parameterType="com.spring.scenic.picture.domain.BusiPictureLib" >
    <!--
      WARNING - @mbggenerated
      This element is automatically generated by MyBatis Generator, do not modify.
      This element was generated on Tue Mar 21 13:58:17 CST 2017.
    -->
    update TB_BUSI_PICTURE_LIB
    set PIC_NAME = #{picName,jdbcType=VARCHAR},
      USE_TYPE = #{useType,jdbcType=DECIMAL},
      FILE_NAME = #{fileName,jdbcType=VARCHAR},
      FILE_URL = #{fileUrl,jdbcType=VARCHAR},
      VALID = #{valid,jdbcType=DECIMAL},
      REMARK = #{remark,jdbcType=VARCHAR},
      CREATE_USER = #{createUser,jdbcType=DECIMAL},
      CREATE_TIME = #{createTime,jdbcType=TIMESTAMP},
      UPDATE_USER = #{updateUser,jdbcType=DECIMAL},
      UPDATE_TIME = #{updateTime,jdbcType=TIMESTAMP}
    where ID = #{id,jdbcType=DECIMAL}
  </update>
</mapper>