<?xml version="1.0" encoding="UTF-8"?>
<beans xmlns="http://www.springframework.org/schema/beans"  
    xmlns:xsi="http://www.w3.org/2001/XMLSchema-instance" xmlns:context="http://www.springframework.org/schema/context"  
    xmlns:mvc="http://www.springframework.org/schema/mvc"  
    xsi:schemaLocation="http://www.springframework.org/schema/beans   
     http://www.springframework.org/schema/beans/spring-beans-3.2.xsd   
     http://www.springframework.org/schema/context   
     http://www.springframework.org/schema/context/spring-context-3.2.xsd   
     http://www.springframework.org/schema/mvc   
     http://www.springframework.org/schema/mvc/spring-mvc-3.2.xsd">  

	
	
	<!-- 上传 -->
	<bean id="multipartResolver"
		class="org.springframework.web.multipart.commons.CommonsMultipartResolver"/>

	<!-- 属性文件读入 -->
	<bean id="propertyConfigurer" class="org.springframework.beans.factory.config.PropertyPlaceholderConfigurer">
		<property name="locations">
			<list>
				<!-- memcached使用的配置文件 -->
				<value>classpath*:config/svn.properties</value>
			</list>
		</property>
	</bean>
	
</beans>