<?xml version="1.0" encoding="UTF-8"?>
<beans xmlns="http://www.springframework.org/schema/beans"
       xmlns:xsi="http://www.w3.org/2001/XMLSchema-instance"
       xsi:schemaLocation="http://www.springframework.org/schema/beans
           http://www.springframework.org/schema/beans/spring-beans-3.2.xsd">

	<bean id="buildExcel" class="com.springtour.svn.dto.xls.BuildExcel">
		<property name="xlsPath" value="/xls/build.xls"/>
	</bean>
	
	<bean id="service" class="com.springtour.svn.service.SvnService">
		<property name="svnRoot" value="${springtour.svn.svnSourceCodePath}"/>
		<property name="svnRootNew" value="${springtour.svn.newSystem.svnSourceCodePath}"/>
		<property name="svnProjectManager" ref="svnProjectManager"/>
		<property name="buildExcel" ref="buildExcel"/>
		<property name="fileUploaderForInitial" ref="fileUpload"/>
		<property name="dirPath" value="${init.dirPath}"/>
		<property name="sourcePath" value="${init.sourcePath}"/>
		<property name="svnRepositoryPath" value="${springtour.svn.svnRepositoryPath}"/>
		<property name="svnRepositoryPathNew" value="${springtour.svn.newSystem.svnRepositoryPath}"/>
		<property name="OSSeparateSign" value="${classpath.OSSeparateSign}"/>
		<property name="javaEE5LibAndJRESystemLib160Path" value="${java.lib.systemLibPath}"/>
		<property name="mvnPath" value="${system.mvn.path}"/>
		<property name="comparePath" value="${init.comparePath}"/>
		<property name="compressPath" value="${init.compressPath}"/>
		<property name="tagReplaceRules">
			<map>
				<entry key="scenicweb" value="/tags/003%20SourceCode/scenicweb"/>
				<entry key="scenic-commerce" value="/tags/003%20SourceCode/scenic-commerce"/>
				<entry key="scenic-api" value="/tags/003%20SourceCode/scenic-api"/>
				<entry key="scenic-core" value="/tags/003%20SourceCode/scenic-core"/>
			</map>
		</property>
<!-- 		<property name="assistMvnProjects"> -->
<!-- 			<map> -->
<!-- 				<entry key="crm"> -->
<!-- 					<list> -->
<!-- 						<value>springtour</value> -->
<!-- 						<value>springtour/crm-api</value> -->
<!-- 					</list> -->
<!-- 				</entry> -->
<!-- 				<entry key="mpm"> -->
<!-- 					<list> -->
<!-- 						<value>mpm-parent</value> -->
<!-- 						<value>mpm-parent/mpm-api</value> -->
<!-- 					</list> -->
<!-- 				</entry> -->
<!-- 			</map> -->
<!-- 		</property> -->
	</bean>
	
	<bean id="fileUpload" class="com.springtour.svn.dto.xls.FileUploaderForInitial">
		<property name="dirPath" value="${init.dirPath}" />
		<property name="fileName" value="${init.fileName}" />
	</bean>
	
	<bean id="svnProjectManager" class="com.springtour.svn.dto.SVNProjectManager">
		<property name="filterRules">
			<list>
				<value>.MF</value>
				<value>.project</value>
				<value>.classpath</value>
				<value>.settings/</value>
				<value>/src/test/</value>
				<value>pom.xml</value>
			</list>
		</property>
		<property name="replaceRules">
			<map>
				<entry key="/itdeptcm/2016R70101/trunk/003 代码资源库/scenicweb" value="scenicweb"/>
				<entry key="/itdeptcm/2016R70101/trunk/003 代码资源库/scenic-commerce" value="scenic-commerce"/>
				<entry key="/itdeptcm/2016R70101/trunk/003 代码资源库/scenic-main/scenic-api" value="scenic-api"/>
				<entry key="/itdeptcm/2016R70101/trunk/003 代码资源库/scenic-main/scenic-core" value="scenic-core"/>
			</map>
		</property>
	</bean>
    
</beans>