<?xml version="1.0" encoding="UTF-8"?>
<beans xmlns="http://www.springframework.org/schema/beans"
		xmlns:xsi="http://www.w3.org/2001/XMLSchema-instance"
		xmlns:aop="http://www.springframework.org/schema/aop"
		xmlns:tx="http://www.springframework.org/schema/tx"
		xmlns:jdbc="http://www.springframework.org/schema/jdbc"
		xmlns:context="http://www.springframework.org/schema/context"     
		xsi:schemaLocation="
			http://www.springframework.org/schema/context http://www.springframework.org/schema/context/spring-context-3.2.xsd
			http://www.springframework.org/schema/beans http://www.springframework.org/schema/beans/spring-beans-3.2.xsd
			http://www.springframework.org/schema/aop http://www.springframework.org/schema/aop/spring-aop-3.2xsd
			http://www.springframework.org/schema/tx http://www.springframework.org/schema/tx/spring-tx-3.2.xsd
			http://www.springframework.org/schema/jdbc http://www.springframework.org/schema/jdbc/spring-jdbc-3.2.xsd">

	<tx:annotation-driven />
    <context:annotation-config />
    
    <context:component-scan base-package="com.springtour.weblogic.dao"/>
    
	<jdbc:embedded-database id="dataSource">  
	    <jdbc:script location="classpath:db/hsqldb-schema.sql" encoding="UTF-8"/>  
	    <jdbc:script location="classpath:db/hsqldb-data.sql" encoding="UTF-8"/>
	</jdbc:embedded-database>    
	
	<bean id="entityManagerFactory"
        class="org.springframework.orm.jpa.LocalContainerEntityManagerFactoryBean">
        <property name="dataSource" ref="dataSource" />
        <property name="persistenceUnitName" value="jpaData" />
        <property name="jpaVendorAdapter">
            <bean class="org.springframework.orm.jpa.vendor.HibernateJpaVendorAdapter" />
        </property>
        <property name="jpaProperties">
            <props>
                <prop key="hibernate.dialect">org.hibernate.dialect.HSQLDialect</prop>
                <prop key="hibernate.show_sql">false</prop>
                <prop key="hibernate.format_sql">false</prop>
                <prop key="hibernate.hbm2ddl.auto">update</prop>
            </props>
        </property>
    </bean>
 
    <bean id="transactionManager" class="org.springframework.orm.jpa.JpaTransactionManager">
        <property name="entityManagerFactory" ref="entityManagerFactory" />
    </bean>
	
	<bean id="jdbcSampler" class="com.springtour.weblogic.sampler.JDBCSampler" >
		<property name="interval" value="10000"/>
		<property name="reserveTime" value="60"/>
	</bean>
	<bean id="memorySampler" class="com.springtour.weblogic.sampler.MemorySampler" >
		<property name="interval" value="3000"/>
		<property name="reserveTime" value="60"/>
	</bean>
	<bean id="threadPoolSampler" class="com.springtour.weblogic.sampler.ThreadPoolSampler" >
		<property name="interval" value="3000"/>
		<property name="reserveTime" value="60"/>
	</bean>
	
	<bean id="weblogicSamplerManager" class="com.springtour.weblogic.WeblogicSamplerManager">
		<property name="samplerName" value="memorySampler,jdbcSampler,threadPoolSampler" />
		<property name="enable" value="true" />
	</bean>	
</beans>
	