<?xml version="1.0" encoding="UTF-8"?>
<root>
	<test13>
		<test13-7001>
			<ftpUser>weblogic10</ftpUser>
			<ftpPwd>zaqwsx1234</ftpPwd>
			<ftpIp>192.168.1.13</ftpIp>
			<ftpPort>22</ftpPort>
			<remoteIp>192.168.1.13</remoteIp>
			<remmotePort>8111</remmotePort>
			<domainPath>/u01/weblogic10/bea/user_projects/domains/tour-new1</domainPath>
			<weblogicPath>/u01/weblogic10/bea/wlserver_10.3/server</weblogicPath>
			<weblogicUser>weblogic10</weblogicUser>
			<weblogicPwd>Weblogic10tour</weblogicPwd>
			<weblogicHost>192.168.1.13</weblogicHost>
			<weblogicPort>7001</weblogicPort>
			<publishUpload>/u02/applications/tour_test1.6/7001upload/</publishUpload>
			<publishBak>/u02/applications/tour_test1.6/7001bak/</publishBak>
			<deploymentPath>/u02/applications/tour_test1.6/test_baseline/</deploymentPath>
		</test13-7001>
		<test13-3001>
			<ftpUser>weblogic10</ftpUser>
			<ftpPwd>zaqwsx1234</ftpPwd>
			<ftpIp>192.168.1.13</ftpIp>
			<ftpPort>22</ftpPort>
			<remoteIp>192.168.1.13</remoteIp>
			<remmotePort>8111</remmotePort>
			<domainPath>/u01/weblogic10/bea/user_projects/domains/dbtest</domainPath>
			<weblogicPath>/u01/weblogic10/bea/wlserver_10.3/server</weblogicPath>
			<weblogicUser>weblogic10</weblogicUser>
			<weblogicPwd>Weblogic10tour</weblogicPwd>
			<weblogicHost>192.168.1.13</weblogicHost>
			<weblogicPort>3001</weblogicPort>
			<publishUpload>/u02/applications/tour_test1.6/3001upload/</publishUpload>
			<publishBak>/u02/applications/tour_test1.6/3001bak/</publishBak>
			<deploymentPath>/u02/applications/tour_test1.6/baseline/</deploymentPath>
		</test13-3001>
	</test13>
	
	<test14>
		<test14-7001>
			<ftpUser></ftpUser>
			<ftpPwd></ftpPwd>
			<ftpIp></ftpIp>
			<ftpPort></ftpPort>
			<remoteIp></remoteIp>
			<remmotePort></remmotePort>
			<domainPath></domainPath>
			<weblogicPath></weblogicPath>
			<weblogicUser></weblogicUser>
			<weblogicPwd></weblogicPwd>
			<weblogicHost></weblogicHost>
			<weblogicPort></weblogicPort>
			<publishUpload></publishUpload>
			<publishBak></publishBak>
		</test14-7001>
		<test14-3001>
			<ftpUser></ftpUser>
			<ftpPwd></ftpPwd>
			<ftpIp></ftpIp>
			<ftpPort></ftpPort>
			<remoteIp></remoteIp>
			<remmotePort></remmotePort>
			<domainPath></domainPath>
			<weblogicPath></weblogicPath>
			<weblogicUser></weblogicUser>
			<weblogicPwd></weblogicPwd>
			<weblogicHost></weblogicHost>
			<weblogicPort></weblogicPort>
			<publishUpload></publishUpload>
			<publishBak></publishBak>
		</test14-3001>
	</test14>
	<test208>
		<test208-7001>
			<ftpUser></ftpUser>
			<ftpPwd></ftpPwd>
			<ftpIp></ftpIp>
			<ftpPort></ftpPort>
			<remoteIp></remoteIp>
			<remmotePort></remmotePort>
			<domainPath></domainPath>
			<weblogicPath></weblogicPath>
			<weblogicUser></weblogicUser>
			<weblogicPwd></weblogicPwd>
			<weblogicHost></weblogicHost>
			<weblogicPort></weblogicPort>
			<publishUpload></publishUpload>
			<publishBak></publishBak>
		</test208-7001>
	</test208>
</root>