<?xml version="1.0" encoding="UTF-8" ?>
<!DOCTYPE mapper PUBLIC "-//mybatis.org//DTD Mapper 3.0//EN" "http://mybatis.org/dtd/mybatis-3-mapper.dtd" >
<mapper namespace="com.spring.scenic.praise.infrastructure.PushPraiseMapper" >
  <resultMap id="BaseResultMap" type="com.spring.scenic.praise.domain.PushPraise" >
    <result column="ID" property="id" jdbcType="DECIMAL" />
    <result column="SESSION_ID" property="sessionId" jdbcType="VARCHAR" />
    <result column="MEMBER_ID" property="memberId" jdbcType="DECIMAL" />
    <result column="PRAISE_TYPE" property="praiseType" jdbcType="DECIMAL" />
    <result column="PRAISE_CONTENT_ID" property="praiseContentId" jdbcType="DECIMAL" />
    <result column="CREATE_TIME" property="createTime" jdbcType="TIMESTAMP" />
    <result column="CREATE_USER" property="createUser" jdbcType="DECIMAL" />
    <result column="UPDATE_TIME" property="updateTime" jdbcType="TIMESTAMP" />
    <result column="UPDATE_USER" property="updateUser" jdbcType="DECIMAL" />
    <result column="ISVIEW" property="isView" jdbcType="DECIMAL" />
  </resultMap>
  
  <!-- 游记攻略信息 -->
  <resultMap id="BaseResultMapTravelNotes" type="com.spring.scenic.travelnotes.domain.TravelNotesdetails">
    <id column="ID" jdbcType="DECIMAL" property="id" />
    <result column="TITLE" jdbcType="VARCHAR" property="title" />
    <result column="AUTHOR_NAME" jdbcType="VARCHAR" property="authorName" />
    <result column="TYPE" jdbcType="DECIMAL" property="type" />
    <result column="COVERS_IMAGE_URL" jdbcType="VARCHAR" property="coversImageUrl" />
    <result column="COVERS_IMAGE_NAME" jdbcType="VARCHAR" property="coversImageName" />
    <result column="DEPARTURE_DATE" jdbcType="TIMESTAMP" property="departureDate" />
    <result column="FEE" jdbcType="VARCHAR" property="fee" />
    <result column="PERSONS" jdbcType="VARCHAR" property="persons" />
    <result column="DAYS" jdbcType="VARCHAR" property="days" />
    <result column="VALID" jdbcType="DECIMAL" property="valid" />
    <result column="STATUS" jdbcType="DECIMAL" property="status" />
    <result column="PUBLISH_DATE" jdbcType="TIMESTAMP" property="publishDate" />
    <result column="REVIEWED_USER" jdbcType="DECIMAL" property="reviewedUser" />
    <result column="REVIEWED_USER_NAME" jdbcType="VARCHAR" property="reviewedUserName" />
    <result column="CREATE_TIME" jdbcType="TIMESTAMP" property="createTime" />
    <result column="CREATE_USER" jdbcType="DECIMAL" property="createUser" />
    <result column="UPDATE_TIME" jdbcType="TIMESTAMP" property="updateTime" />
    <result column="UPDATE_USER" jdbcType="DECIMAL" property="updateUser" />
    <result column="CREATE_USER_TYPE" jdbcType="DECIMAL" property="createUserType" />
    <result column="READ_COUNT" jdbcType="DECIMAL" property="readCount" />
  </resultMap>
  
  <resultMap id="myPushPraiseMap" type="com.spring.scenic.praise.domain.MyPushPraise" >
  	<result column="ID" property="id" jdbcType="DECIMAL" />
    <result column="MEMBER_ID" property="memberId" jdbcType="DECIMAL" />
	<result column="SESSION_ID" property="sessionId" jdbcType="VARCHAR" />
    <result column="IMAGE_URL" property="imageUrl" jdbcType="VARCHAR" />
    <result column="NAME_CH" property="nameCh" jdbcType="VARCHAR" />
    <result column="TITLE" property="title" jdbcType="VARCHAR" />
    <result column="NOWTIME" property="nowTime" jdbcType="VARCHAR" />
    <result column="MEMBER_ACCOUNT" property="memberAccount" jdbcType="VARCHAR" />
  </resultMap>
  
  <sql id="BaseColumnListTravelNotes">
    N.ID, N.TITLE, N.AUTHOR_NAME, N.TYPE, N.COVERS_IMAGE_URL,N.COVERS_IMAGE_NAME, N.DEPARTURE_DATE, N.FEE, N.PERSONS, N.DAYS, 
    N.VALID, N.STATUS, N.PUBLISH_DATE, N.REVIEWED_USER,U.TRUENAME REVIEWED_USER_NAME,N.CREATE_TIME, N.CREATE_USER, N.UPDATE_TIME, 
    N.UPDATE_USER,N.CREATE_USER_TYPE,N.READ_COUNT
  </sql>
  
  <select id="selectPushPraise" resultType="java.lang.Integer" parameterType="com.spring.scenic.travelnotes.domain.TravelNotesdetails" >
    select count(0) from TB_PUSH_PRAISE TPP 
    where TPP.PRAISE_TYPE =1 and TPP.PRAISE_CONTENT_ID 
    in (select TTN.ID from TB_TRAVEL_NOTES TTN where TTN.CREATE_USER = #{createUser,jdbcType=DECIMAL})
  </select>
  
  
  <!-- 查询会员本人的点赞列表,点赞类别(1.游记攻略) -->
  <select id="selectMemberPraiseList" resultMap="myPushPraiseMap" parameterType="java.lang.Integer">
  		  select   TPP.ID,TPP.SESSION_ID,TMB.IMAGE_URL, TMDI.NAME_CH,TTN.TITLE,TPP.CREATE_TIME,TPP.MEMBER_ID,TMB.MEMBER_ACCOUNT,
                   to_char(ROUND(TO_NUMBER(sysdate - to_date(to_char(TPP.CREATE_TIME,'yyyy-MM-dd HH24:mi:ss'),'YYYY-MM-DD hh24:mi:ss')) * 24 * 60)) NOWTIME 
            from   TB_PUSH_PRAISE TPP 
       LEFT JOIN   TB_MEMBER_BASIC TMB 
              ON   TPP.MEMBER_ID = TMB.ID
       LEFT JOIN   TB_MEMBER_DETAIL_INFO TMDI
              ON   TMDI.FK_ID = TPP.MEMBER_ID
       LEFT JOIN   TB_TRAVEL_NOTES TTN
              ON   TTN.ID = TPP.PRAISE_CONTENT_ID
       LEFT JOIN   TB_MEMBER_BASIC TMB1 
              ON   TTN.CREATE_USER = TMB1.ID
       LEFT JOIN   TB_MEMBER_DETAIL_INFO TMDI1
              ON   TMDI1.FK_ID = TTN.CREATE_USER
           WHERE   TTN.CREATE_USER_TYPE = 1 
             AND   TMB1.ID = #{memberId,jdbcType=DECIMAL}
             AND   TMDI.TYPE = 1
             AND   TMDI1.TYPE = 1  
             AND   TPP.PRAISE_TYPE = 1
             AND   TPP.IS_VIEW = 1  
             AND   TTN.STATUS = 2 
       union all
        select    TPP.ID,TPP.SESSION_ID,null IMAGE_URL,null NAME_CH,TTN.TITLE,TPP.CREATE_TIME,TPP.MEMBER_ID,null MEMBER_ACCOUNT,
                 to_char(ROUND(TO_NUMBER(sysdate - to_date(to_char(TPP.CREATE_TIME,'yyyy-MM-dd HH24:mi:ss'),'YYYY-MM-DD hh24:mi:ss')) * 24 * 60)) NOWTIME 
          from   TB_PUSH_PRAISE TPP
     LEFT JOIN   TB_TRAVEL_NOTES TTN
            ON   TTN.ID = TPP.PRAISE_CONTENT_ID
     LEFT JOIN   TB_MEMBER_BASIC TMB1 
            ON   TTN.CREATE_USER = TMB1.ID
     LEFT JOIN   TB_MEMBER_DETAIL_INFO TMDI1
            ON   TMDI1.FK_ID = TTN.CREATE_USER
         WHERE   TTN.CREATE_USER_TYPE = 1 
           AND   TMB1.ID = #{memberId,jdbcType=DECIMAL}
           AND   TMDI1.TYPE = 1  
           AND   TPP.MEMBER_ID is null
           AND   TPP.PRAISE_TYPE = 1
           AND   TPP.IS_VIEW = 1
           AND   TTN.STATUS = 2
      order by   CREATE_TIME desc
    </select>
  
    <!-- 游记攻略的点赞 -->
   <select id="selectPushPraiseListOfTravle" resultMap="myPushPraiseMap" parameterType="java.lang.Integer">
    select tmb.IMAGE_URL,tmdi.NAME_CH,ttn.TITLE,to_char(ROUND(TO_NUMBER(sysdate - to_date(to_char(tpp.CREATE_TIME,'yyyy-MM-dd HH24:mi:ss'),'YYYY-MM-DD hh24:mi:ss')) * 24 * 60)) NOWTIME
    from TB_MEMBER_BASIC tmb,TB_MEMBER_DETAIL_INFO tmdi, TB_PUSH_PRAISE tpp,TB_TRAVEL_NOTES ttn
    where tpp.MEMBER_ID = tmb.ID and tmb.ID=tmdi.FK_ID and tpp.PRAISE_CONTENT_ID = ttn.ID and tpp.MEMBER_ID=#{memberId,jdbcType=DECIMAL} and tpp.praise_type = '1'
    </select>
    
    <!-- 产品的点赞 -->
    <select id="selectPushPraiseListOfProduct" resultMap="myPushPraiseMap" parameterType="java.lang.Integer">
    select tmb.IMAGE_URL,tmdi.NAME_CH,tpc.PRODUCT_NAME,to_char(ROUND(TO_NUMBER(sysdate - to_date(to_char(tpp.CREATE_TIME,'yyyy-MM-dd HH24:mi:ss'),'YYYY-MM-DD hh24:mi:ss')) * 24 * 60)) NOWTIME
    from TB_MEMBER_BASIC tmb,TB_MEMBER_DETAIL_INFO tmdi, TB_PUSH_PRAISE tpp,TB_PRODUCT_COMMENT tpc
    where tpp.MEMBER_ID = tmb.ID and tmb.ID=tmdi.FK_ID and tpp.PRAISE_CONTENT_ID = tpc.ID and tpp.MEMBER_ID=#{memberId,jdbcType=DECIMAL} and tpp.praise_type='2'
  </select>  
  
  <insert id="insert" parameterType="com.spring.scenic.praise.domain.PushPraise" >
    insert into TB_PUSH_PRAISE (ID, SESSION_ID, MEMBER_ID, 
      PRAISE_TYPE, PRAISE_CONTENT_ID, CREATE_TIME, 
      CREATE_USER, UPDATE_TIME, UPDATE_USER,IS_VIEW
      )
    values (SEQ_TB_PUSH_PRAISE.Nextval, #{sessionId,jdbcType=VARCHAR}, #{memberId,jdbcType=DECIMAL}, 
      #{praiseType,jdbcType=DECIMAL}, #{praiseContentId,jdbcType=DECIMAL}, sysdate, 
      #{createUser,jdbcType=DECIMAL}, #{updateTime,jdbcType=TIMESTAMP}, #{updateUser,jdbcType=DECIMAL},#{isView,jdbcType=DECIMAL}
      )
  </insert>
   
  <select id="selectBySessionId" resultMap="BaseResultMap" parameterType="com.spring.scenic.praise.domain.PushPraise" >
    select ID ,SESSION_ID ,MEMBER_ID ,PRAISE_TYPE ,PRAISE_CONTENT_ID ,CREATE_TIME ,CREATE_USER ,UPDATE_TIME ,UPDATE_USER 
     from TB_PUSH_PRAISE   where 1=1
      <if test="praiseContentId != null" >
        and  PRAISE_CONTENT_ID = #{praiseContentId,jdbcType=DECIMAL}
      </if>
      <if test="sessionId != null" >
        and  SESSION_ID = #{sessionId,jdbcType=VARCHAR}
      </if>
      <if test="createUser != null" >
        and  CREATE_USER = #{createUser,jdbcType=DECIMAL}
      </if>
      
  </select>
  
  <!-- 删除点赞 -->
  <delete id="deletePushPraise" parameterType="com.spring.scenic.praise.domain.PushPraise" >
    delete from TB_PUSH_PRAISE where 
    SESSION_ID = #{sessionId,jdbcType=VARCHAR} and  
    PRAISE_CONTENT_ID = #{praiseContentId,jdbcType=DECIMAL} and  
    PRAISE_TYPE = #{praiseType,jdbcType=DECIMAL}
  </delete>
  
  <!-- 删除点赞 -->
  <delete id="deleteByPrimaryKey" parameterType="java.lang.Integer" >
    delete from TB_PUSH_PRAISE
    where ID = #{id,jdbcType=DECIMAL}
  </delete>
  
  <!-- 批量删除点赞 -->
  <delete id="deleteMyPushPraise" parameterType="java.util.List">
    delete from TB_PUSH_PRAISE
    where ID in  
       <foreach collection="list" item="id" separator="," open="(" close=")">
            #{id,jdbcType=DECIMAL}
       </foreach>
  </delete>
  
  <!-- 批量删除点赞 -->
  <delete id="deleteMemberPraiseByBatch" parameterType="java.util.List">
    delete from TB_PUSH_PRAISE
    where ID in  
       <foreach collection="list" item="id" separator="," open="(" close=")">
            #{id,jdbcType=DECIMAL}
       </foreach>
  </delete>
  
	<!-- 查询点赞数 -->
	<select id="getPushPraiseCount" resultType="java.lang.Integer" parameterType="com.spring.scenic.praise.domain.PushPraise" >
	   	select count(0) from TB_PUSH_PRAISE   where 1=1
		<!-- 某个回话的点赞数据 -->
		<if test="sessionId != null and sessionId!=''" >
		  and  SESSION_ID = #{sessionId,jdbcType=VARCHAR}
		</if>
		<!-- 业务数据的点赞数 -->
		<if test="praiseContentId != null" >
		  and  PRAISE_CONTENT_ID = #{praiseContentId,jdbcType=DECIMAL}
		</if>
		<!-- 业务数据的点赞数 -->
		<if test="praiseType != null" >
		  and  PRAISE_TYPE = #{praiseType,jdbcType=DECIMAL}
		</if>
	</select>
  
</mapper>