<?xml version="1.0" encoding="UTF-8" ?>
<!DOCTYPE mapper PUBLIC "-//mybatis.org//DTD Mapper 3.0//EN" "http://mybatis.org/dtd/mybatis-3-mapper.dtd" >
<mapper namespace="com.spring.scenic.comment.infrastructure.ProductCommentFileMapper" >
  
  <resultMap id="BaseResultMap" type="com.spring.scenic.comment.domain.ProductCommentFile" >
    <id column="ID" property="id" jdbcType="DECIMAL" />
    <result column="PRODUCT_COMMENT_ID" property="productCommentId" jdbcType="DECIMAL" />
    <result column="FILE_NAME" property="fileName" jdbcType="VARCHAR" />
    <result column="FILE_URL" property="fileUrl" jdbcType="VARCHAR" />
    <result column="CREATE_USER" property="createUser" jdbcType="DECIMAL" />
    <result column="CREATE_TIME" property="createTime" jdbcType="TIMESTAMP" />
    <result column="UPDATE_USER" property="updateUser" jdbcType="DECIMAL" />
    <result column="UPDATE_TIME" property="updateTime" jdbcType="TIMESTAMP" />
  </resultMap>
  
  <sql id="Base_Column_List" >
    ID, PRODUCT_COMMENT_ID, FILE_NAME, FILE_URL, CREATE_USER, CREATE_TIME, UPDATE_USER, 
    UPDATE_TIME
  </sql>
  
  <select id="selectByPrimaryKey" resultMap="BaseResultMap" parameterType="java.lang.Integer" >
    select 
    <include refid="Base_Column_List" />
    from TB_PRODUCT_COMMENT_FILE
    where ID = #{id,jdbcType=DECIMAL}
  </select>
  
  <!-- 查询该评论的图片-->
  <select id="selectByProcutIdProductCommentFile" resultMap="BaseResultMap"  parameterType="com.spring.scenic.comment.domain.ProductCommentFile" >
    select 
    <include refid="Base_Column_List" />
    from TB_PRODUCT_COMMENT_FILE
    where PRODUCT_COMMENT_ID = #{id,jdbcType=DECIMAL}
  </select>
  
  
  <delete id="deleteByPrimaryKey" parameterType="java.lang.Integer" >
    delete from TB_PRODUCT_COMMENT_FILE
    where ID = #{id,jdbcType=DECIMAL}
  </delete>
  
  <insert id="insert" parameterType="com.spring.scenic.comment.domain.ProductCommentFile" >
    insert into TB_PRODUCT_COMMENT_FILE (ID, PRODUCT_COMMENT_ID, FILE_NAME, 
      FILE_URL, CREATE_USER, CREATE_TIME, 
      UPDATE_USER, UPDATE_TIME)
    values (#{id,jdbcType=DECIMAL}, #{productCommentId,jdbcType=DECIMAL}, #{fileName,jdbcType=VARCHAR}, 
      #{fileUrl,jdbcType=VARCHAR}, #{createUser,jdbcType=DECIMAL}, #{createTime,jdbcType=TIMESTAMP}, 
      #{updateUser,jdbcType=DECIMAL}, #{updateTime,jdbcType=TIMESTAMP})
  </insert>
  
  <insert id="insertSelective" parameterType="com.spring.scenic.comment.domain.ProductCommentFile" >
    <selectKey  keyProperty="id" order="BEFORE" resultType="java.lang.Integer" >
      	SELECT SEQ_TB_PRODUCT_COMMENT_FILE.nextval FROM dual
     </selectKey>
    insert into TB_PRODUCT_COMMENT_FILE
    <trim prefix="(" suffix=")" suffixOverrides="," >
      <if test="id != null" >
        ID,
      </if>
      <if test="productCommentId != null" >
        PRODUCT_COMMENT_ID,
      </if>
      <if test="fileName != null" >
        FILE_NAME,
      </if>
      <if test="fileUrl != null" >
        FILE_URL,
      </if>
      <if test="createUser != null" >
        CREATE_USER,
      </if>
      <if test="createTime != null" >
        CREATE_TIME,
      </if>
      <if test="updateUser != null" >
        UPDATE_USER,
      </if>
      <if test="updateTime != null" >
        UPDATE_TIME,
      </if>
    </trim>
    <trim prefix="values (" suffix=")" suffixOverrides="," >
      <if test="id != null" >
        #{id,jdbcType=DECIMAL},
      </if>
      <if test="productCommentId != null" >
        #{productCommentId,jdbcType=DECIMAL},
      </if>
      <if test="fileName != null" >
        #{fileName,jdbcType=VARCHAR},
      </if>
      <if test="fileUrl != null" >
        #{fileUrl,jdbcType=VARCHAR},
      </if>
      <if test="createUser != null" >
        #{createUser,jdbcType=DECIMAL},
      </if>
      <if test="createTime != null" >
        #{createTime,jdbcType=TIMESTAMP},
      </if>
      <if test="updateUser != null" >
        #{updateUser,jdbcType=DECIMAL},
      </if>
      <if test="updateTime != null" >
        #{updateTime,jdbcType=TIMESTAMP},
      </if>
    </trim>
  </insert>
  
  <update id="updateByPrimaryKey" parameterType="com.spring.scenic.comment.domain.ProductCommentFile" >
    update TB_PRODUCT_COMMENT_FILE
    set PRODUCT_COMMENT_ID = #{productCommentId,jdbcType=DECIMAL},
      FILE_NAME = #{fileName,jdbcType=VARCHAR},
      FILE_URL = #{fileUrl,jdbcType=VARCHAR},
      CREATE_USER = #{createUser,jdbcType=DECIMAL},
      CREATE_TIME = #{createTime,jdbcType=TIMESTAMP},
      UPDATE_USER = #{updateUser,jdbcType=DECIMAL},
      UPDATE_TIME = #{updateTime,jdbcType=TIMESTAMP}
    where ID = #{id,jdbcType=DECIMAL}
  </update>
  
  <insert id="insertProductComment" parameterType="java.util.List">
	insert into
	TB_PRODUCT_COMMENT_FILE(ID,PRODUCT_COMMENT_ID,FILE_NAME,FILE_URL,CREATE_TIME,CREATE_USER)
	SELECT SEQ_TB_PRODUCT_COMMENT_FILE.NEXTVAL, A.* FROM(
	<foreach collection="list" item="item" index="index" separator="union all">
		SELECT
		<if test="item.productCommentId != null">
			#{item.productCommentId},
		</if>
		<if test="item.productCommentId==null">
			null productCommentId,
		</if>
		<if test="item.fileName != null">
			#{item.fileName},
		</if>
		<if test="item.fileName == null">
			null fileName,
		</if>
		<if test="item.fileUrl != null">
			#{item.fileUrl},
		</if>
		<if test="item.fileUrl == null">
			null fileUrl,
		</if>
		<if test="item.createTime != null">
			#{item.createTime},
		</if>
		<if test="item.createTime == null">
			null createTime,
		</if>
		<if test="item.createUser != null">
			#{item.createUser}
		</if>
		<if test="item.createTime == null">
			null createUser
		</if>
		
		FROM dual
	</foreach>
	)A
  </insert>

</mapper>