<?xml version="1.0" encoding="UTF-8" ?>
<!DOCTYPE mapper PUBLIC "-//mybatis.org//DTD Mapper 3.0//EN" "http://mybatis.org/dtd/mybatis-3-mapper.dtd" >
<mapper namespace="com.spring.scenic.comment.infrastructure.ProductCommentMapper">
	
	<!-- 产品点评基础字段 -->
	<resultMap id="BaseResultMap" type="com.spring.scenic.comment.domain.ProductComment">
		<id column="ID" property="id" jdbcType="DECIMAL" />
		<result column="ORDER_ID" property="orderId" jdbcType="DECIMAL" />
		<result column="CONTENT" property="content" jdbcType="VARCHAR" />
		<result column="GREAD" property="gread" jdbcType="DECIMAL" />
		<result column="IS_RECOMMEND" property="isRecommend" jdbcType="DECIMAL" />
		<result column="SELLER_ID" property="sellerId" jdbcType="DECIMAL" />
		<result column="PRODUCT_ID" property="productId" jdbcType="DECIMAL" />
		<result column="PRODUCT_NAME" property="productName" jdbcType="VARCHAR" />
		<result column="SRC" property="src" jdbcType="DECIMAL" />
		<result column="SELLER_COMTENT" property="sellerComtent" jdbcType="VARCHAR" />
		<result column="CREATE_USER" property="createUser" jdbcType="DECIMAL" />
		<result column="CREATE_TIME" property="createTime" jdbcType="TIMESTAMP" />
		<result column="UPDATE_USER" property="updateUser" jdbcType="DECIMAL" />
		<result column="UPDATE_TIME" property="updateTime" jdbcType="TIMESTAMP" />
		<result column="PARENTE_ID" property="parenteId" jdbcType="DECIMAL" />
		<result column="PRAISED" property="praised" jdbcType="DECIMAL" />
		<result column="PRAISECOUNT" property="praiseCount" jdbcType="DECIMAL" />
	</resultMap>

	<!-- 带图片集合的点评 -->
   	<resultMap id="BaseResultMapWithFile" extends="BaseResultMap"  type="com.spring.scenic.comment.domain.ProductComment">  
 		<collection property="productcommentfile" column="ID" ofType="com.spring.scenic.comment.domain.ProductCommentFile"  
  			select="com.spring.scenic.comment.infrastructure.ProductCommentFileMapper.selectByProcutIdProductCommentFile">  
 		</collection> 
 	</resultMap>
 	
	<sql id="BaseColumnListProductComment">
		ID, ORDER_ID, CONTENT, GREAD, IS_RECOMMEND, SELLER_ID, PRODUCT_ID,
		PRODUCT_NAME, SRC,
		SELLER_COMTENT, CREATE_USER, CREATE_TIME, UPDATE_USER, UPDATE_TIME,PARENTE_ID
	</sql>
	
	<!-- 查询产品评论 -->
	<select id="getProductCommentList" resultMap="BaseResultMapWithFile" parameterType="com.spring.scenic.comment.domain.ProductComment">
		select
		<include refid="BaseColumnListProductComment" />,
		(select count(0) from tb_push_praise tpp where tpp.praise_type=2  and tpp.praise_content_id=t.id) PRAISECOUNT,
		 <if test="sessionId ==null or sessionId==''">
			 	0 as PRAISED
			 </if>
			 <if test="sessionId !=null">
		      (select count(0) from tb_push_praise tpp where tpp.praise_type=2  and tpp.praise_content_id=t.id
			   		and  session_id=#{sessionId,jdbcType=VARCHAR}
			  ) as PRAISED
			 </if>
		from TB_PRODUCT_COMMENT t 
		where PRODUCT_ID = #{productId,jdbcType=DECIMAL}
		<if test="gread == 6">
		 and t.id in (SELECT b.product_comment_id FROM tb_product_comment_file b )
		</if> 
		<if test="gread == 1">
			and (gread = 1) 
		</if>
		<if test="gread == 23">
			and (gread = 2 or gread = 3) 
		</if>
		<if test="gread == 45">
			and (gread = 5 or gread = 4) 
		</if>
		order by t.is_recommend desc , CREATE_TIME desc 
	</select>

	<!-- 好评 -->
	<select id="getAComment" resultType="java.lang.Integer" parameterType="com.spring.scenic.product.domain.vo.ProductVo">
		select count(0) from tb_product_comment where (gread = 5 or gread = 4) and product_id = #{id}
	</select>
	
	<!-- 中评 -->
	<select id="getBComment" resultType="java.lang.Integer" parameterType="com.spring.scenic.product.domain.vo.ProductVo">
		select count(0) from tb_product_comment where (gread = 3 or gread = 2) and product_id = #{id}
	</select>
	
	<!-- 差评 -->
	<select id="getCComment" resultType="java.lang.Integer" parameterType="com.spring.scenic.product.domain.vo.ProductVo">
		select count(0) from tb_product_comment where gread = 1 and product_id = #{id}
	</select>
	<!-- 有图-->
	<select id="getPicComment" resultType="java.lang.Integer" parameterType="com.spring.scenic.product.domain.vo.ProductVo">
		 select  count(*) from tb_product_comment t WHERE t.product_id =  #{id} and  t.id in (SELECT b.product_comment_id FROM tb_product_comment_file b )
	</select>
	<!-- 保存产品点评 -->
	<insert id="insertProductComment" parameterType="com.spring.scenic.comment.domain.ProductComment" >
		<selectKey  keyProperty="id" order="BEFORE" resultType="java.lang.Integer" >
			SELECT SEQ_TB_PRODUCT_COMMENT.nextval FROM dual
		</selectKey>
		insert into TB_PRODUCT_COMMENT
		<trim prefix="(" suffix=")" suffixOverrides="," >
		  <if test="id != null" >
		    ID,
		  </if>
		  <if test="orderId != null" >
		    ORDER_ID,
		  </if>
		  <if test="content != null" >
		    CONTENT,
		  </if>
		  <if test="gread != null" >
		    GREAD,
		  </if>
		  <if test="isRecommend != null" >
		    IS_RECOMMEND,
		  </if>
		  <if test="sellerId != null" >
		    SELLER_ID,
		  </if>
		  <if test="productId != null" >
		    PRODUCT_ID,
		  </if>
		  <if test="productName != null" >
		    PRODUCT_NAME,
		  </if>
		  <if test="src != null" >
		    SRC,
		  </if>
		  <if test="sellerComtent != null" >
		    SELLER_COMTENT,
		  </if>
		  <if test="createUser != null" >
		    CREATE_USER,
		  </if>
		  <if test="createTime != null" >
		    CREATE_TIME,
		  </if>
		  <if test="updateUser != null" >
		    UPDATE_USER,
		  </if>
		  <if test="updateTime != null" >
		    UPDATE_TIME,
		  </if>
		  <if test="parenteId != null" >
		    PARENTE_ID,
		  </if>
		</trim>
		<trim prefix="values (" suffix=")" suffixOverrides="," >
		  <if test="id != null" >
		    #{id,jdbcType=DECIMAL},
		  </if>
		  <if test="orderId != null" >
		    #{orderId,jdbcType=VARCHAR},
		  </if>
		  <if test="content != null" >
		    #{content,jdbcType=VARCHAR},
		  </if>
		  <if test="gread != null" >
		    #{gread,jdbcType=DECIMAL},
		  </if>
		  <if test="isRecommend != null" >
		    #{isRecommend,jdbcType=DECIMAL},
		  </if>
		  <if test="sellerId != null" >
		    #{sellerId,jdbcType=DECIMAL},
		  </if>
		  <if test="productId != null" >
		    #{productId,jdbcType=DECIMAL},
		  </if>
		  <if test="productName != null" >
		    #{productName,jdbcType=VARCHAR},
		  </if>
		  <if test="src != null" >
		    #{src,jdbcType=DECIMAL},
		  </if>
		  <if test="sellerComtent != null" >
		    #{sellerComtent,jdbcType=VARCHAR},
		  </if>
		  <if test="createUser != null" >
		    #{createUser,jdbcType=DECIMAL},
		  </if>
		  <if test="createTime != null" >
		    #{createTime,jdbcType=TIMESTAMP},
		  </if>
		  <if test="updateUser != null" >
		    #{updateUser,jdbcType=DECIMAL},
		  </if>
		  <if test="updateTime != null" >
		    #{updateTime,jdbcType=TIMESTAMP},
		  </if>
		  <if test="parenteId != null" >
		    #{parenteId,jdbcType=DECIMAL},
		  </if>
    </trim>
  </insert>
  
	<!-- 查询会员对订单点评次数 -->
	<select id="getProductCommentCount" resultType="java.lang.Integer" parameterType="com.spring.scenic.comment.domain.ProductComment">
		select count(0) from TB_PRODUCT_COMMENT where ORDER_ID = #{orderId,jdbcType=VARCHAR} and CREATE_USER = #{createUser,jdbcType=DECIMAL} 
	</select>
	
	<!-- 通过主键查询该条产品评论信息 -->
	<select id="selectByPrimaryKey" resultMap="BaseResultMap" parameterType="java.lang.Integer">
		select
		<include refid="BaseColumnListProductComment" />
		from TB_PRODUCT_COMMENT
		where ID = #{id,jdbcType=DECIMAL}
	</select>
</mapper>