<?xml version="1.0" encoding="UTF-8"?>
<!DOCTYPE mapper PUBLIC "-//mybatis.org//DTD Mapper 3.0//EN" "http://mybatis.org/dtd/mybatis-3-mapper.dtd" >
<mapper namespace="com.spring.scenic.order.infrastructure.OrderLinkmanDocMapper" > 
  <resultMap id="BaseResultMap" type="com.spring.scenic.order.domain.OrderLinkmanDoc" >
 	<id column="ID" property="id" jdbcType="DECIMAL" />
    <result column="REF_ID" property="refId" jdbcType="DECIMAL" />
    <result column="DOCUMENT_ID" property="documentId" jdbcType="DECIMAL" />
    <result column="DOCUMENT_NAME" property="documentName" jdbcType="VARCHAR" />
    <result column="DOCUMENT_NO" property="documentNo" jdbcType="VARCHAR" />
    <result column="IS_DEFAULT" property="isDefault" jdbcType="DECIMAL" />
  </resultMap>
  <sql id="Base_Column_List" >
    told.ID, told.REF_ID, told.DOCUMENT_ID, told.DOCUMENT_NO, told.DOCUMENT_NAME, told.IS_DEFAULT
  </sql>
  <select id="getOrderLinkmanDocList" resultMap="BaseResultMap" parameterType="com.spring.scenic.order.domain.OrderLinkmanDoc" >
         select <include refid="Base_Column_List" />
         from TB_ORDER_LINKMAN_DOC told inner join TB_ORDER_LINKMAN_REF tolr on told.REF_ID=tolr.ID
         where told.REF_ID=#{id,jdbcType=DECIMAL} and told.IS_DEFAULT = 1
  </select>
  </mapper>