<?xml version="1.0" encoding="UTF-8" ?>
<!DOCTYPE mapper PUBLIC "-//mybatis.org//DTD Mapper 3.0//EN" "http://mybatis.org/dtd/mybatis-3-mapper.dtd" >
<mapper namespace="com.spring.scenic.order.infrastructure.OrderChargebackRecordMapper">

	<resultMap id="BaseResultMap" type="com.spring.scenic.order.domain.OrderChargebackRecord">
		<result column="ID" property="id" jdbcType="DECIMAL" />
		<result column="ORDER_NO" property="orderNo" jdbcType="VARCHAR" />
		<result column="MEMBER_ID" property="memberId" jdbcType="DECIMAL" />
		<result column="SELLER_ID" property="sellerId" jdbcType="DECIMAL" />
		<result column="REFUND_REASON" property="refundReason" jdbcType="VARCHAR" />
		<result column="CREATE_TIME" property="createTime" jdbcType="TIMESTAMP" />
		<result column="CREATE_USER" property="createUser" jdbcType="DECIMAL" />
		<result column="TYPE" property="type" jdbcType="DECIMAL" />
	</resultMap>
	
	<insert id="saveOrderChargebackRecord" parameterType="com.spring.scenic.order.domain.OrderChargebackRecord" >
	<selectKey  keyProperty="id" order="BEFORE" resultType="java.lang.Integer" >
      	SELECT SEQ_TB_ORDER_CHARGEBACK_RECORD.NEXTVAL FROM dual
    </selectKey>
    insert into TB_ORDER_CHARGEBACK_RECORD
    <trim prefix="(" suffix=")" suffixOverrides="," >
      <if test="id != null" >
       ID,
      </if>
      <if test="orderNo != null" >
        ORDER_NO,
      </if>
      <if test="memberId != null" >
        MEMBER_ID,
      </if>
      <if test="sellerId != null" >
        SELLER_ID,
      </if>
      <if test="refundReason != null" >
        REFUND_REASON,
      </if>
      <if test="createTime != null" >
        CREATE_TIME,
      </if>
      <if test="createUser != null" >
        CREATE_USER,
      </if>
      <if test="type != null" >
        TYPE,
      </if>
    </trim>
    <trim prefix="values (" suffix=")" suffixOverrides="," >
      <if test="id != null" >
        #{id,jdbcType=DECIMAL},
      </if>
      <if test="orderNo != null" >
        #{orderNo,jdbcType=VARCHAR},
      </if>
      <if test="memberId != null" >
        #{memberId,jdbcType=DECIMAL},
      </if>
      <if test="sellerId != null" >
        #{sellerId,jdbcType=DECIMAL},
      </if>
      <if test="refundReason != null" >
        #{refundReason,jdbcType=VARCHAR},
      </if>
      <if test="createTime != null" >
        #{createTime,jdbcType=VARCHAR},
      </if>
      <if test="createUser != null" >
        #{createUser,jdbcType=VARCHAR},
      </if>
      <if test="type != null" >
          #{type,jdbcType=DECIMAL},
      </if>
    </trim>
  </insert>
  
</mapper>