<?xml version="1.0" encoding="UTF-8" ?>
<!DOCTYPE mapper PUBLIC "-//mybatis.org//DTD Mapper 3.0//EN" "http://mybatis.org/dtd/mybatis-3-mapper.dtd" >
<mapper namespace="com.spring.scenic.order.infrastructure.OrderOperationLogMapper" >
  
  <resultMap id="BaseResultMap" type="com.spring.scenic.order.domain.OrderOperationLog" >
    <id column="ID" property="id" jdbcType="DECIMAL" />
    <result column="ORDER_ID" property="orderId" jdbcType="DECIMAL" />
    <result column="ORDER_NO" property="orderNo" jdbcType="VARCHAR" />
    <result column="MEMBER_ID" property="memberId" jdbcType="DECIMAL" />
    <result column="SELLER_ID" property="sellerId" jdbcType="DECIMAL" />
    <result column="EXPRESS_COMPANY_NAME" property="expressCompanyName" jdbcType="VARCHAR" />
    <result column="EXPRESS_NUMBER" property="expressNumber" jdbcType="VARCHAR" />
    <result column="MSG_TITLE" property="msgTitle" jdbcType="VARCHAR" />
    <result column="CREATE_USER" property="createUser" jdbcType="DECIMAL" />
    <result column="CREATE_DATE" property="createDate" jdbcType="TIMESTAMP" />
    <result column="STATUS" property="status" jdbcType="DECIMAL" />
  </resultMap>
  
  <sql id="Base_Column_List" >
    ID, ORDER_ID, ORDER_NO, MEMBER_ID, SELLER_ID, EXPRESS_COMPANY_NAME, EXPRESS_NUMBER,  MSG_TITLE, 
    CREATE_USER, CREATE_DATE, STATUS
  </sql>
  
  <select id="selectByPrimaryKey" resultMap="BaseResultMap" parameterType="java.lang.Integer" >
    select 
    <include refid="Base_Column_List" />
    from TB_ORDER_OPERATION_LOG
    where 1=1
    <if test="id != null" >
      and ID = #{id,jdbcType=DECIMAL}
    </if>
  </select>
  
  <insert id="saveOrderOperationLog" parameterType="com.spring.scenic.order.domain.OrderOperationLog" >
    insert into TB_ORDER_OPERATION_LOG (ID, ORDER_ID, ORDER_NO, MEMBER_ID, SELLER_ID, EXPRESS_COMPANY_NAME, EXPRESS_NUMBER,  MSG_TITLE, 
    CREATE_USER, CREATE_DATE, STATUS)
    values (SEQ_TB_ORDER_OPERATION_LOG.NEXTVAL, #{orderId,jdbcType=DECIMAL}, #{orderNo,jdbcType=VARCHAR}, #{memberId,jdbcType=DECIMAL},
      #{sellerId,jdbcType=DECIMAL}, #{expressCompanyName,jdbcType=VARCHAR}, #{expressNumber,jdbcType=VARCHAR},
      #{msgTitle,jdbcType=VARCHAR}, #{createUser,jdbcType=DECIMAL}, #{createDate,jdbcType=TIMESTAMP}, #{status,jdbcType=DECIMAL})
  </insert>
  
  <insert id="insert" parameterType="com.spring.scenic.order.domain.OrderOperationLog" >
    insert into TB_ORDER_OPERATION_LOG
    <trim prefix="(" suffix=")" suffixOverrides="," >
      <if test="id != null" >
        ID,
      </if>
      <if test="orderId != null" >
        ORDER_ID,
      </if>
      <if test="orderNo != null" >
        ORDER_NO,
      </if>
      <if test="memberId != null" >
        MEMBER_ID,
      </if>
      <if test="sellerId != null" >
        SELLER_ID,
      </if>
      <if test="expressCompanyName != null" >
        EXPRESS_COMPANY_NAME,
      </if>
      <if test="expressNumber != null" >
        EXPRESS_NUMBER,
      </if>
      <if test="msgTitle != null" >
        MSG_TITLE,
      </if>
      <if test="createUser != null" >
        CREATE_USER,
      </if>
      <if test="createDate != null" >
        CREATE_DATE,
      </if>
      <if test="status != null" >
        STATUS
      </if>
    </trim>
    <trim prefix="values (" suffix=")" suffixOverrides="," >
      <if test="id != null" >
        #{id,jdbcType=DECIMAL},
      </if>
	  <if test="orderId != null" >
        #{orderId,jdbcType=DECIMAL},
      </if>
      <if test="orderNo != null" >
        #{orderNo,jdbcType=VARCHAR},
      </if>
      <if test="memberId != null" >
        #{memberId,jdbcType=DECIMAL},
      </if>
      <if test="sellerId != null" >
        #{sellerId,jdbcType=DECIMAL},
      </if>
      <if test="expressCompanyName != null" >
        #{expressCompanyName,jdbcType=VARCHAR},
      </if>
      <if test="expressNumber != null" >
        #{expressNumber,jdbcType=VARCHAR},
      </if>
      <if test="msgTitle != null" >
        #{msgTitle,jdbcType=VARCHAR},
      </if>
      <if test="createUser != null" >
        #{createUser,jdbcType=DECIMAL},
      </if>
      <if test="createDate != null" >
        #{createDate,jdbcType=TIMESTAMP},
      </if>
      <if test="status != null" >
        #{status,jdbcType=DECIMAL}
      </if>
    </trim>
  </insert>
  
  <update id="updateByPrimaryKeySelective" parameterType="com.spring.scenic.order.domain.OrderOperationLog" >
    update TB_ORDER_OPERATION_LOG
    <set >
     <if test="orderId != null" >
        #{orderId,jdbcType=DECIMAL},
      </if>
      <if test="orderNo != null" >
        #{orderNo,jdbcType=VARCHAR},
      </if>
      <if test="memberId != null" >
        #{memberId,jdbcType=DECIMAL},
      </if>
      <if test="sellerId != null" >
        #{sellerId,jdbcType=DECIMAL},
      </if>
      <if test="expressCompanyName != null" >
        #{expressCompanyName,jdbcType=VARCHAR},
      </if>
      <if test="expressNumber != null" >
        #{expressNumber,jdbcType=VARCHAR},
      </if>
      <if test="msgTitle != null" >
        #{msgTitle,jdbcType=VARCHAR},
      </if>
      <if test="createUser != null" >
        #{createUser,jdbcType=DECIMAL},
      </if>
      <if test="createDate != null" >
        #{createDate,jdbcType=TIMESTAMP},
      </if>
      <if test="status != null" >
        #{status,jdbcType=DECIMAL}
      </if>
    </set>
    where ID = #{id,jdbcType=DECIMAL}
  </update>
  
  <update id="updateByPrimaryKey" parameterType="com.spring.scenic.order.domain.OrderOperationLog" >
    update TB_ORDER_OPERATION_LOG
    set  
        ORDER_ID = #{orderId,jdbcType=DECIMAL},
        ORDER_NO = #{orderNo,jdbcType=VARCHAR},
        MEMBER_ID = #{memberId,jdbcType=DECIMAL},
        SELLER_ID = #{sellerId,jdbcType=DECIMAL},
        EXPRESS_COMPANY_NAME = #{expressCompanyName,jdbcType=VARCHAR},
        EXPRESS_NUMBER = #{expressNumber,jdbcType=VARCHAR},
        MSG_TITLE = #{msgTitle,jdbcType=VARCHAR},
        CREATE_USER = #{createUser,jdbcType=DECIMAL},
        CREATE_DATE = #{createDate,jdbcType=TIMESTAMP},
        STATUS = #{status,jdbcType=DECIMAL}
    where ID = #{id,jdbcType=DECIMAL}
  </update>
</mapper>