<?xml version="1.0" encoding="UTF-8" ?>
<!DOCTYPE mapper PUBLIC "-//mybatis.org//DTD Mapper 3.0//EN" "http://mybatis.org/dtd/mybatis-3-mapper.dtd" >
<mapper namespace="com.spring.scenic.order.infrastructure.OrderWriteOffCodeMapper" >
   
  
  <resultMap id="BaseResultMap" type="com.spring.scenic.order.domain.OrderWriteOffCode" >
    <id column="ID" property="id" jdbcType="DECIMAL" />
    <result column="ORDER_NO" property="orderNo" jdbcType="VARCHAR" />
    <result column="SCAN_METHOD" property="scanMethod" jdbcType="DECIMAL" />
    <result column="WRITEOFFCODE" property="writeoffcode" jdbcType="VARCHAR" />
    <result column="SALED_CHECK" property="saledCheck" jdbcType="DECIMAL" />
    <result column="SELLER_ID" property="sellerId" jdbcType="DECIMAL" />
    <result column="CREATE_TIME" property="createTime" jdbcType="TIMESTAMP" />
    <result column="CREATE_USER" property="createUser" jdbcType="DECIMAL" />
    <result column="UPDATE_TIME" property="updateTime" jdbcType="TIMESTAMP" />
  </resultMap>
  
  <sql id="BaseColumnListOrderWriteOffCode" >
    ID,ORDER_NO,CREATE_TIME,CREATE_USER,SCAN_METHOD,WRITEOFFCODE,SALED_CHECK,SELLER_ID
  </sql>
 
  <update id="updateorderWriteOffCode" parameterType="com.spring.scenic.order.domain.OrderWriteOffCode" >
  	update tb_order_writeoffcode 
  	<set >
      <if test="scanMethod != null" >
       	  SCAN_METHOD = #{scanMethod,jdbcType=DECIMAL},
      </if>
      <if test="saledCheck != null" >
       	  SALED_CHECK = #{saledCheck,jdbcType=DECIMAL},
      </if>
      <if test="updateTime != null" >
       	  update_time = #{updateTime,jdbcType=DECIMAL},
      </if>
    </set>
 	 where WRITEOFFCODE=#{writeoffcode,jdbcType=VARCHAR} and SELLER_ID=#{sellerId,jdbcType=DECIMAL}
  </update>
  
</mapper>