<?xml version="1.0" encoding="UTF-8" ?>
<!DOCTYPE mapper PUBLIC "-//mybatis.org//DTD Mapper 3.0//EN" "http://mybatis.org/dtd/mybatis-3-mapper.dtd" >
<mapper namespace="com.spring.scenic.order.infrastructure.OrderMoneyChangeRecMapper" >
  
  <resultMap id="BaseResultMap" type="com.spring.scenic.order.domain.OrderMoneyChangeRec" >
    <id column="ID" property="id" jdbcType="DECIMAL" />
    <result column="ORDER_NO" property="orderNo" jdbcType="VARCHAR" />
    <result column="MONEY" property="money" jdbcType="DECIMAL" />
    <result column="REMARK" property="remark" jdbcType="VARCHAR" />
    <result column="CREATE_USER" property="createUser" jdbcType="DECIMAL" />
    <result column="CREATE_TIME" property="createTime" jdbcType="TIMESTAMP" />
    <result column="UPDATE_USER" property="updateUser" jdbcType="DECIMAL" />
    <result column="UPDATE_TIME" property="updateTime" jdbcType="TIMESTAMP" />
    <result column="TRUE_NAME" property="trueName" jdbcType="VARCHAR" />
  </resultMap>
  
  <sql id="Base_Column_List" >
    ID, ORDER_NO, MONEY, REMARK, CREATE_USER, CREATE_TIME, UPDATE_USER, UPDATE_TIME
  </sql>
  
  <select id="selectByPrimaryKey" resultMap="BaseResultMap" parameterType="java.lang.Integer" >
    select 
    <include refid="Base_Column_List" />
    from TB_ORDER_MONEY_CHANGE_REC
    where ID = #{id,jdbcType=DECIMAL}
  </select>
  
  <!-- 根据订单号查询订单金额调整记录 -->
  <select id="getOrderMoneyChangeRecs" resultMap="BaseResultMap" parameterType="java.lang.String" >
    select 
    <include refid="Base_Column_List" />
    from TB_ORDER_MONEY_CHANGE_REC
    where ORDER_NO = #{orderNo,jdbcType=VARCHAR} ORDER BY CREATE_TIME DESC
  </select>
  
  <!-- 根据订单号查询订单金额调整记录 -->
  <select id="getOrderMoneyChangeList" resultMap="BaseResultMap" parameterType="com.spring.scenic.order.domain.OrderMoneyChangeRec" >
    select tbsu.truename,
    tomcr.ORDER_NO, tomcr.MONEY, tomcr.REMARK, tomcr.CREATE_USER, tomcr.CREATE_TIME, tomcr.UPDATE_USER, tomcr.UPDATE_TIME
    from TB_ORDER_MONEY_CHANGE_REC tomcr inner join tb_order too on tomcr.order_no = too.order_no   
    left join tb_busi_seller_user tbsu on too.seller_id=tbsu.seller_id
    where tomcr.ORDER_NO = #{orderNo,jdbcType=VARCHAR} ORDER BY CREATE_TIME DESC
  </select>
  
  <delete id="deleteByPrimaryKey" parameterType="java.lang.Integer" >
    delete from TB_ORDER_MONEY_CHANGE_REC
    where ID = #{id,jdbcType=DECIMAL}
  </delete>
  
  <!-- 保存订单金额调整记录 -->
  <insert id="saveOrderMoneyChange" parameterType="com.spring.scenic.order.domain.OrderMoneyChangeRec" >
    insert into TB_ORDER_MONEY_CHANGE_REC (ID, ORDER_NO, MONEY, 
      REMARK, CREATE_USER, CREATE_TIME, 
      UPDATE_USER, UPDATE_TIME)
    values (SEQ_TB_ORDER_MONEY_CHANGE_REC.NEXTVAL, #{orderNo,jdbcType=VARCHAR}, #{money,jdbcType=DECIMAL}, 
      #{remark,jdbcType=VARCHAR}, #{createUser,jdbcType=DECIMAL}, #{createTime,jdbcType=TIMESTAMP}, 
      #{updateUser,jdbcType=DECIMAL}, #{updateTime,jdbcType=TIMESTAMP})
  </insert>
  <insert id="insertSelective" parameterType="com.spring.scenic.order.domain.OrderMoneyChangeRec" >
    insert into TB_ORDER_MONEY_CHANGE_REC
    <trim prefix="(" suffix=")" suffixOverrides="," >
      <if test="id != null" >
        ID,
      </if>
      <if test="orderNo != null" >
        ORDER_NO,
      </if>
      <if test="money != null" >
        MONEY,
      </if>
      <if test="remark != null" >
        REMARK,
      </if>
      <if test="createUser != null" >
        CREATE_USER,
      </if>
      <if test="createTime != null" >
        CREATE_TIME,
      </if>
      <if test="updateUser != null" >
        UPDATE_USER,
      </if>
      <if test="updateTime != null" >
        UPDATE_TIME,
      </if>
    </trim>
    <trim prefix="values (" suffix=")" suffixOverrides="," >
      <if test="id != null" >
        #{id,jdbcType=DECIMAL},
      </if>
      <if test="orderNo != null" >
        #{orderNo,jdbcType=VARCHAR},
      </if>
      <if test="money != null" >
        #{money,jdbcType=DECIMAL},
      </if>
      <if test="remark != null" >
        #{remark,jdbcType=VARCHAR},
      </if>
      <if test="createUser != null" >
        #{createUser,jdbcType=DECIMAL},
      </if>
      <if test="createTime != null" >
        #{createTime,jdbcType=TIMESTAMP},
      </if>
      <if test="updateUser != null" >
        #{updateUser,jdbcType=DECIMAL},
      </if>
      <if test="updateTime != null" >
        #{updateTime,jdbcType=TIMESTAMP},
      </if>
    </trim>
  </insert>
  
  <update id="updateByPrimaryKeySelective" parameterType="com.spring.scenic.order.domain.OrderMoneyChangeRec" >
    update TB_ORDER_MONEY_CHANGE_REC
    <set >
      <if test="orderNo != null" >
        ORDER_NO = #{orderNo,jdbcType=VARCHAR},
      </if>
      <if test="money != null" >
        MONEY = #{money,jdbcType=DECIMAL},
      </if>
      <if test="remark != null" >
        REMARK = #{remark,jdbcType=VARCHAR},
      </if>
      <if test="createUser != null" >
        CREATE_USER = #{createUser,jdbcType=DECIMAL},
      </if>
      <if test="createTime != null" >
        CREATE_TIME = #{createTime,jdbcType=TIMESTAMP},
      </if>
      <if test="updateUser != null" >
        UPDATE_USER = #{updateUser,jdbcType=DECIMAL},
      </if>
      <if test="updateTime != null" >
        UPDATE_TIME = #{updateTime,jdbcType=TIMESTAMP},
      </if>
    </set>
    where ID = #{id,jdbcType=DECIMAL}
  </update>
  
  <update id="updateByPrimaryKey" parameterType="com.spring.scenic.order.domain.OrderMoneyChangeRec" >
    update TB_ORDER_MONEY_CHANGE_REC
    set ORDER_NO = #{orderNo,jdbcType=VARCHAR},
      MONEY = #{money,jdbcType=DECIMAL},
      REMARK = #{remark,jdbcType=VARCHAR},
      CREATE_USER = #{createUser,jdbcType=DECIMAL},
      CREATE_TIME = #{createTime,jdbcType=TIMESTAMP},
      UPDATE_USER = #{updateUser,jdbcType=DECIMAL},
      UPDATE_TIME = #{updateTime,jdbcType=TIMESTAMP}
    where ID = #{id,jdbcType=DECIMAL}
  </update>
  
</mapper>