<?xml version="1.0" encoding="UTF-8"?>
<!DOCTYPE mapper PUBLIC "-//mybatis.org//DTD Mapper 3.0//EN" "http://mybatis.org/dtd/mybatis-3-mapper.dtd" >
<mapper namespace="com.spring.scenic.order.infrastructure.OrderLinkmanRefMapper" >
  <resultMap id="BaseResultMap" type="com.spring.scenic.order.domain.OrderLinkmanRef" >
  <id column="ID" property="id" jdbcType="DECIMAL" />
    <result column="ORDER_ID" property="orderId" jdbcType="DECIMAL" />
    <result column="ORDER_NO" property="orderNo" jdbcType="VARCHAR" />
    <result column="MEMBER_ID" property="memberId" jdbcType="DECIMAL" />
    <result column="MEMBER_DETAIL_INFO_ID" property="memberDetailInfoId" jdbcType="DECIMAL" />
    <result column="NAME_CH" property="nameCh" jdbcType="VARCHAR" />
    <result column="NAME_CH_PIN" property="nameChPin" jdbcType="VARCHAR" />
    <result column="NAME_EN_F" property="nameEnF" jdbcType="VARCHAR" />
    <result column="NAME_EN_S" property="nameEnS" jdbcType="VARCHAR" />
    <result column="SEX" property="sex" jdbcType="DECIMAL" />
    <result column="NATIONALITY" property="nationality" jdbcType="DECIMAL" />
    <result column="BIRTHDAY" property="birthday" jdbcType="TIMESTAMP" />
    <result column="PHONE_CH" property="phoneCh" jdbcType="VARCHAR" />
    <result column="PHONE_OVERSEAS" property="phoneOverseas" jdbcType="VARCHAR" />
    <result column="FIX_TEL_AREA" property="fixTelArea" jdbcType="VARCHAR" />
    <result column="FIX_TEL" property="fixTel" jdbcType="VARCHAR" />
    <result column="FIX_TEL_EXTENSION" property="fixTelExtension" jdbcType="VARCHAR" />
    <result column="MAIL" property="mail" jdbcType="VARCHAR" />
    <result column="COUNTRY_ID" property="countryId" jdbcType="DECIMAL" />
    <result column="PROVINCE_ID" property="provinceId" jdbcType="DECIMAL" />
    <result column="CITY_ID" property="cityId" jdbcType="DECIMAL" />
    <result column="IS_SELF" property="isSelf" jdbcType="DECIMAL" />
    <result column="CREATE_TIME" property="createTime" jdbcType="TIMESTAMP" />
    <result column="CREATE_USER" property="createUser" jdbcType="DECIMAL" />
    <result column="UPDATE_TIME" property="updateTime" jdbcType="TIMESTAMP" />
    <result column="UPDATE_USER" property="updateUser" jdbcType="DECIMAL" />
  </resultMap>
  
  <sql id="Base_Column_List" >
    tolr.ID, tolr.ORDER_ID, tolr.ORDER_NO,tolr.MEMBER_ID,tolr.MEMBER_DETAIL_INFO_ID, tolr.NAME_CH, tolr.NAME_CH_PIN, tolr.NAME_EN_F,
     tolr.NAME_EN_S, tolr.SEX, tolr.NATIONALITY, tolr.BIRTHDAY, 
    tolr.PHONE_CH, tolr.PHONE_OVERSEAS, tolr.FIX_TEL_AREA, tolr.FIX_TEL,tolr.FIX_TEL_EXTENSION, tolr.MAIL, tolr.COUNTRY_ID, 
    tolr.PROVINCE_ID, tolr.CITY_ID, tolr.IS_SELF, tolr.CREATE_TIME, tolr.CREATE_USER, tolr.UPDATE_TIME,tolr.UPDATE_USER
  </sql>
  <!-- 出行人证件信息 -->
  <resultMap id="BaseResultMapOrderLinkmanRefWithDoc" extends="BaseResultMap"  type="com.spring.scenic.order.domain.OrderLinkmanRef" >
	<collection property="orderLinkmanDocs" column="ID" ofType="com.spring.scenic.order.domain.OrderLinkmanDoc" 
		select="com.spring.scenic.order.infrastructure.OrderLinkmanDocMapper.getOrderLinkmanDocList">  
	</collection>
  </resultMap>
  <select id="getOrderLinkmanRefList" resultMap="BaseResultMapOrderLinkmanRefWithDoc" parameterType="com.spring.scenic.order.domain.OrderLinkmanRef" >
         select <include refid="Base_Column_List" />
         from TB_ORDER_LINKMAN_REF tolr inner join TB_ORDER too on tolr.order_no = too.order_no
         where 1=1
         and tolr.ORDER_NO=#{orderNo,jdbcType=VARCHAR}
  </select>
  </mapper>