<?xml version="1.0" encoding="UTF-8" ?>
<!DOCTYPE mapper PUBLIC "-//mybatis.org//DTD Mapper 3.0//EN" "http://mybatis.org/dtd/mybatis-3-mapper.dtd" >
<mapper namespace="com.spring.scenic.busi.infrastructure.BusiSellerMapper" >
  
  <resultMap id="BaseResultMapBusiSeller" type="com.spring.scenic.busi.domain.BusiSeller" >
    <id column="ID" property="id" jdbcType="DECIMAL" />
    <result column="SELLER_NAME" property="sellerName" jdbcType="VARCHAR" />
    <result column="SCENIC_SELLER_ID" property="scenicSellerId" jdbcType="DECIMAL" />
    <result column="REMARK" property="remark" jdbcType="VARCHAR" />
    <result column="VALID" property="valid" jdbcType="DECIMAL" />
    <result column="CREATE_USER" property="createUser" jdbcType="DECIMAL" />
    <result column="CREATE_TIME" property="createTime" jdbcType="TIMESTAMP" />
    <result column="UPDATE_USER" property="updateUser" jdbcType="DECIMAL" />
    <result column="UPDATE_TIME" property="updateTime" jdbcType="TIMESTAMP" />
    <result column="INVOICE_TYPE" property="invoiceType" jdbcType="DECIMAL" />
    <result column="DELIVER_PAY_WAY" property="deliverPayWay" jdbcType="DECIMAL" />
    <result column="PRE_PAY_PRICE" property="prePayPrice" jdbcType="DECIMAL" />
    <result column="IS_TAKE_BYSELEF" property="isTakeByselef" jdbcType="DECIMAL" />
    <result column="TAKE_ADDRESS" property="takeAddress" jdbcType="VARCHAR" />
    
    <result column="USER_ID" property="userId" jdbcType="DECIMAL" />
    <result column="USERNAME" property="username" jdbcType="VARCHAR" />
    <result column="SELLER_ID" property="sellerId" jdbcType="DECIMAL" />
    <result column="TRUENAME" property="truename" jdbcType="VARCHAR" />
    
    <result column="CITY_NAME" property="cityName" jdbcType="VARCHAR" />
    <result column="PROVINCE_NAME" property="provinceName" jdbcType="VARCHAR" />
    <result column="CITY_AREA_NAME" property="cityAreaName" jdbcType="VARCHAR" />
    <result column="SCENIC_SELLER_NAME" property="scenicSellerName" jdbcType="VARCHAR" />
    <result column="ADDRESS" property="address" jdbcType="VARCHAR" />
    <result column="TEL" property="tel" jdbcType="VARCHAR" />
    <result column="STAR_LEVEL" property="starLevel" jdbcType="VARCHAR" />
    <result column="INTRODUCE" property="introduce" jdbcType="VARCHAR" />
    <result column="SCENIC_SELLER_TYPE" property="scenicSellerType" jdbcType="DECIMAL" />
    <result column="TYPE_CATEGORY" property="typeCategory" jdbcType="DECIMAL" />
    <result column="SCENIC_VALID" property="scenicValid" jdbcType="DECIMAL" />
  </resultMap>
  
  <sql id="BaseColumnListBusiSeller" >
    ID, SELLER_NAME, SCENIC_SELLER_ID, REMARK, VALID, CREATE_USER, CREATE_TIME, UPDATE_USER, 
    UPDATE_TIME, INVOICE_TYPE, DELIVER_PAY_WAY, PRE_PAY_PRICE, IS_TAKE_BYSELEF, TAKE_ADDRESS
  </sql>
  <!-- 商户账号信息 -->
   <sql id="BaseColumnListBusiSellerUser" >
    BSU.ID USER_ID, BSU.USERNAME, BSU.SELLER_ID, BSU.TRUENAME
  </sql>
  <!-- 省份信息，城市信息，城市区域信息，地址详情信息，商户介绍信息 -->
  <sql id="BaseColumnListBusiSellerRelativeInfo" >
    C.NAME CITY_NAME, P.NAME PROVINCE_NAME, CA.NAME CITY_AREA_NAME ,SS.NAME SCENIC_SELLER_NAME,
    SS.TYPE SCENIC_SELLER_TYPE, SS.TYPE_CATEGORY,SS.ADDRESS, SS.TEL, 
    SS.STAR_LEVEL, SS.INTRODUCE ,SS.VALID SCENIC_VALID
  </sql>
  
  <select id="selectScenicSellerInfo" resultMap="BaseResultMapBusiSeller" parameterType="com.spring.scenic.busi.domain.BusiSellerUser" >
    select 
     BS.ID, BS.SELLER_NAME, BS.SCENIC_SELLER_ID, BS.REMARK, BS.VALID, BS.CREATE_USER, BS.CREATE_TIME, BS.UPDATE_USER, 
    BS.UPDATE_TIME, BS.INVOICE_TYPE, BS.DELIVER_PAY_WAY, BS.PRE_PAY_PRICE, BS.IS_TAKE_BYSELEF, BS.TAKE_ADDRESS,
    <include refid="BaseColumnListBusiSellerUser" />,
    <include refid="BaseColumnListBusiSellerRelativeInfo" />
    from TB_BUSI_SELLER BS
    left join TB_BUSI_SELLER_USER BSU
	on BSU.SELLER_ID = BS.id
	left join TB_SCENIC_SELLER SS
	on SS.id = BS.SCENIC_SELLER_ID
	left join TB_CITY C 
	on C.ID = SS.CITY_ID
	left join TB_PROVINCE P
	on P.ID = C.PROVINCE_ID
	left join TB_CITY_AREA CA
	ON CA.ID = SS.CITY_AREA_ID
    where BS.ID = #{sellerId,jdbcType=DECIMAL}
  </select>
  <select id="getBusiSeller" resultMap="BaseResultMapBusiSeller" parameterType="com.spring.scenic.busi.domain.BusiSeller" >
    select 
    <include refid="BaseColumnListBusiSeller" />
    from TB_BUSI_SELLER
    where ID = #{id,jdbcType=DECIMAL}
  </select>
  
  <select id="getBusiSellerByUser" resultMap="BaseResultMapBusiSeller" parameterType="com.spring.scenic.busi.domain.BusiSellerUser" >
    select 
    <include refid="BaseColumnListBusiSeller" />
    from TB_BUSI_SELLER
    where ID = #{sellerId,jdbcType=DECIMAL}
  </select>
  
  
  <delete id="deleteByPrimaryKey" parameterType="java.lang.Integer" >
    delete from TB_BUSI_SELLER
    where ID = #{id,jdbcType=DECIMAL}
  </delete>
  <insert id="insert" parameterType="com.spring.scenic.busi.domain.BusiSeller" >
    insert into TB_BUSI_SELLER (ID, SELLER_NAME, SCENIC_SELLER_ID, 
      REMARK, VALID, CREATE_USER, 
      CREATE_TIME, UPDATE_USER, UPDATE_TIME
      )
    values (#{id,jdbcType=DECIMAL}, #{sellerName,jdbcType=VARCHAR}, #{scenicSellerId,jdbcType=DECIMAL}, 
      #{remark,jdbcType=VARCHAR}, #{valid,jdbcType=DECIMAL}, #{createUser,jdbcType=DECIMAL}, 
      #{createTime,jdbcType=TIMESTAMP}, #{updateUser,jdbcType=DECIMAL}, #{updateTime,jdbcType=TIMESTAMP}
      )
  </insert>
  <insert id="insertSelective" parameterType="com.spring.scenic.busi.domain.BusiSeller" >
    insert into TB_BUSI_SELLER
    <trim prefix="(" suffix=")" suffixOverrides="," >
      <if test="id != null" >
        ID,
      </if>
      <if test="sellerName != null" >
        SELLER_NAME,
      </if>
      <if test="scenicSellerId != null" >
        SCENIC_SELLER_ID,
      </if>
      <if test="remark != null" >
        REMARK,
      </if>
      <if test="valid != null" >
        VALID,
      </if>
      <if test="createUser != null" >
        CREATE_USER,
      </if>
      <if test="createTime != null" >
        CREATE_TIME,
      </if>
      <if test="updateUser != null" >
        UPDATE_USER,
      </if>
      <if test="updateTime != null" >
        UPDATE_TIME,
      </if>
    </trim>
    <trim prefix="values (" suffix=")" suffixOverrides="," >
      <if test="id != null" >
        #{id,jdbcType=DECIMAL},
      </if>
      <if test="sellerName != null" >
        #{sellerName,jdbcType=VARCHAR},
      </if>
      <if test="scenicSellerId != null" >
        #{scenicSellerId,jdbcType=DECIMAL},
      </if>
      <if test="remark != null" >
        #{remark,jdbcType=VARCHAR},
      </if>
      <if test="valid != null" >
        #{valid,jdbcType=DECIMAL},
      </if>
      <if test="createUser != null" >
        #{createUser,jdbcType=DECIMAL},
      </if>
      <if test="createTime != null" >
        #{createTime,jdbcType=TIMESTAMP},
      </if>
      <if test="updateUser != null" >
        #{updateUser,jdbcType=DECIMAL},
      </if>
      <if test="updateTime != null" >
        #{updateTime,jdbcType=TIMESTAMP},
      </if>
    </trim>
  </insert>
  <update id="updateByPrimaryKeySelective" parameterType="com.spring.scenic.busi.domain.BusiSeller" >
    <!--
      WARNING - @mbggenerated
      This element is automatically generated by MyBatis Generator, do not modify.
      This element was generated on Tue Mar 21 13:57:02 CST 2017.
    -->
    update TB_BUSI_SELLER
    <set >
      <if test="sellerName != null" >
        SELLER_NAME = #{sellerName,jdbcType=VARCHAR},
      </if>
      <if test="scenicSellerId != null" >
        SCENIC_SELLER_ID = #{scenicSellerId,jdbcType=DECIMAL},
      </if>
      <if test="remark != null" >
        REMARK = #{remark,jdbcType=VARCHAR},
      </if>
      <if test="valid != null" >
        VALID = #{valid,jdbcType=DECIMAL},
      </if>
      <if test="createUser != null" >
        CREATE_USER = #{createUser,jdbcType=DECIMAL},
      </if>
      <if test="createTime != null" >
        CREATE_TIME = #{createTime,jdbcType=TIMESTAMP},
      </if>
      <if test="updateUser != null" >
        UPDATE_USER = #{updateUser,jdbcType=DECIMAL},
      </if>
      <if test="updateTime != null" >
        UPDATE_TIME = #{updateTime,jdbcType=TIMESTAMP},
      </if>
    </set>
    where ID = #{id,jdbcType=DECIMAL}
  </update>
  <update id="updateByPrimaryKey" parameterType="com.spring.scenic.busi.domain.BusiSeller" >
    update TB_BUSI_SELLER
    set SELLER_NAME = #{sellerName,jdbcType=VARCHAR},
      SCENIC_SELLER_ID = #{scenicSellerId,jdbcType=DECIMAL},
      REMARK = #{remark,jdbcType=VARCHAR},
      VALID = #{valid,jdbcType=DECIMAL},
      CREATE_USER = #{createUser,jdbcType=DECIMAL},
      CREATE_TIME = #{createTime,jdbcType=TIMESTAMP},
      UPDATE_USER = #{updateUser,jdbcType=DECIMAL},
      UPDATE_TIME = #{updateTime,jdbcType=TIMESTAMP},
      INVOICE_TYPE = #{invoiceType,jdbcType=DECIMAL},
      DELIVER_PAY_WAY = #{deliverPayWay,jdbcType=DECIMAL},
      PRE_PAY_PRICE = #{prePayPrice,jdbcType=DECIMAL},
      IS_TAKE_BYSELEF = #{isTakeByselef,jdbcType=DECIMAL},
      TAKE_ADDRESS = #{takeAddress,jdbcType=DECIMAL}
    where ID = #{id,jdbcType=DECIMAL}
  </update>
</mapper>