<?xml version="1.0" encoding="UTF-8" ?>
<!DOCTYPE mapper PUBLIC "-//mybatis.org//DTD Mapper 3.0//EN" "http://mybatis.org/dtd/mybatis-3-mapper.dtd" >
<mapper namespace="com.spring.scenic.busi.infrastructure.BusiSellerUserMapper" >
  
  <resultMap id="BaseResultMapBusiSellerUser" type="com.spring.scenic.busi.domain.BusiSellerUser" >
    <id column="ID" property="id" jdbcType="DECIMAL" />
    <result column="USERNAME" property="username" jdbcType="VARCHAR" />
    <result column="PWD" property="pwd" jdbcType="VARCHAR" />
    <result column="SELLER_ID" property="sellerId" jdbcType="DECIMAL" />
    <result column="TRUENAME" property="truename" jdbcType="VARCHAR" />
    <result column="VALID" property="valid" jdbcType="DECIMAL" />
    <result column="TEL" property="tel" jdbcType="VARCHAR" />
    <result column="PHONE" property="phone" jdbcType="VARCHAR" />
    <result column="QQ" property="qq" jdbcType="VARCHAR" />
    <result column="EMAIL" property="email" jdbcType="VARCHAR" />
    <result column="WEIXIN" property="weixin" jdbcType="VARCHAR" />
    <result column="CREATE_TIME" property="createTime" jdbcType="TIMESTAMP" />
    <result column="CREATE_USER" property="createUser" jdbcType="DECIMAL" />
    <result column="UPDATE_USER" property="updateUser" jdbcType="DECIMAL" />
    <result column="UPDATE_TIME" property="updateTime" jdbcType="TIMESTAMP" />
  </resultMap>
  
  <sql id="BaseColumnListBusiSellerUser" >
    ID, USERNAME, PWD, SELLER_ID, TRUENAME, VALID, TEL, PHONE, QQ, EMAIL, WEIXIN, 
    CREATE_TIME, CREATE_USER, UPDATE_USER, UPDATE_TIME
  </sql>
  
  <!-- 查询商户账号信息 -->
  <select id="getSellerByAccount" resultMap="BaseResultMapBusiSellerUser" parameterType="java.lang.String" >
    select 
    <include refid="BaseColumnListBusiSellerUser" />
    from TB_BUSI_SELLER_USER
    where USERNAME = #{username}
  </select>
  <!-- 通过手机号查询账号 -->
  <select id="getUserNameByPhone" resultMap="BaseResultMapBusiSellerUser" parameterType="java.lang.String">
     select ID,USERNAME,PHONE from TB_BUSI_SELLER_USER where PHONE = #{phone,jdbcType=VARCHAR}
  </select>
  <!-- 更新账号密码 -->
  <update id="updatePwdByPhone" parameterType="com.spring.scenic.busi.domain.BusiSellerUser" >
  update TB_BUSI_SELLER_USER
  set PWD = #{pwd,jdbcType=VARCHAR}
  where PHONE = #{phone,jdbcType=VARCHAR}
  </update>
  <!-- 通过ID查询商户账号信息 -->
  <select id="queryUserInfoById" resultMap="BaseResultMapBusiSellerUser" parameterType="java.lang.String" >
    select 
    <include refid="BaseColumnListBusiSellerUser" />
    from TB_BUSI_SELLER_USER
    where ID = #{id,jdbcType=DECIMAL}
  </select>
  <!-- 通过ID修改密码 -->
  <update id="updatePwdById" parameterType="com.spring.scenic.busi.domain.BusiSellerUser" >
  update TB_BUSI_SELLER_USER
  set PWD = #{pwd,jdbcType=VARCHAR}
  where ID = #{id,jdbcType=DECIMAL}
  </update>
  <delete id="deleteByPrimaryKey" parameterType="java.lang.Integer" >
    delete from TB_BUSI_SELLER_USER
    where ID = #{id,jdbcType=DECIMAL}
  </delete>
  
  <insert id="insertSelective" parameterType="com.spring.scenic.busi.domain.BusiSellerUser" >
    insert into TB_BUSI_SELLER_USER
    <trim prefix="(" suffix=")" suffixOverrides="," >
      <if test="id != null" >
        ID,
      </if>
      <if test="username != null" >
        USERNAME,
      </if>
      <if test="pwd != null" >
        PWD,
      </if>
      <if test="sellerId != null" >
        SELLER_ID,
      </if>
      <if test="truename != null" >
        TRUENAME,
      </if>
      <if test="valid != null" >
        VALID,
      </if>
      <if test="tel != null" >
        TEL,
      </if>
      <if test="phone != null" >
        PHONE,
      </if>
      <if test="qq != null" >
        QQ,
      </if>
      <if test="email != null" >
        EMAIL,
      </if>
      <if test="weixin != null" >
        WEIXIN,
      </if>
      <if test="createTime != null" >
        CREATE_TIME,
      </if>
      <if test="createUser != null" >
        CREATE_USER,
      </if>
      <if test="updateUser != null" >
        UPDATE_USER,
      </if>
      <if test="updateTime != null" >
        UPDATE_TIME,
      </if>
    </trim>
    <trim prefix="values (" suffix=")" suffixOverrides="," >
      <if test="id != null" >
        #{id,jdbcType=DECIMAL},
      </if>
      <if test="username != null" >
        #{username,jdbcType=VARCHAR},
      </if>
      <if test="pwd != null" >
        #{pwd,jdbcType=VARCHAR},
      </if>
      <if test="sellerId != null" >
        #{sellerId,jdbcType=DECIMAL},
      </if>
      <if test="truename != null" >
        #{truename,jdbcType=VARCHAR},
      </if>
      <if test="valid != null" >
        #{valid,jdbcType=DECIMAL},
      </if>
      <if test="tel != null" >
        #{tel,jdbcType=VARCHAR},
      </if>
      <if test="phone != null" >
        #{phone,jdbcType=VARCHAR},
      </if>
      <if test="qq != null" >
        #{qq,jdbcType=VARCHAR},
      </if>
      <if test="email != null" >
        #{email,jdbcType=VARCHAR},
      </if>
      <if test="weixin != null" >
        #{weixin,jdbcType=VARCHAR},
      </if>
      <if test="createTime != null" >
        #{createTime,jdbcType=TIMESTAMP},
      </if>
      <if test="createUser != null" >
        #{createUser,jdbcType=DECIMAL},
      </if>
      <if test="updateUser != null" >
        #{updateUser,jdbcType=DECIMAL},
      </if>
      <if test="updateTime != null" >
        #{updateTime,jdbcType=TIMESTAMP},
      </if>
    </trim>
  </insert>
  
  <update id="updateByPrimaryKey" parameterType="com.spring.scenic.busi.domain.BusiSellerUser" >
    update TB_BUSI_SELLER_USER
    set USERNAME = #{username,jdbcType=VARCHAR},
      PWD = #{pwd,jdbcType=VARCHAR},
      SELLER_ID = #{sellerId,jdbcType=DECIMAL},
      TRUENAME = #{truename,jdbcType=VARCHAR},
      VALID = #{valid,jdbcType=DECIMAL},
      TEL = #{tel,jdbcType=VARCHAR},
      PHONE = #{phone,jdbcType=VARCHAR},
      QQ = #{qq,jdbcType=VARCHAR},
      EMAIL = #{email,jdbcType=VARCHAR},
      WEIXIN = #{weixin,jdbcType=VARCHAR},
      CREATE_TIME = #{createTime,jdbcType=TIMESTAMP},
      CREATE_USER = #{createUser,jdbcType=DECIMAL},
      UPDATE_USER = #{updateUser,jdbcType=DECIMAL},
      UPDATE_TIME = #{updateTime,jdbcType=TIMESTAMP}
    where ID = #{id,jdbcType=DECIMAL}
  </update>
  
</mapper>