<?xml version="1.0" encoding="UTF-8" ?>
<beans xmlns="http://www.springframework.org/schema/beans"
	xmlns:xsi="http://www.w3.org/2001/XMLSchema-instance" xmlns:p="http://www.springframework.org/schema/p"
	xmlns:tx="http://www.springframework.org/schema/tx" xmlns:aop="http://www.springframework.org/schema/aop"
	xmlns:context="http://www.springframework.org/schema/context"
	xmlns:jee="http://www.springframework.org/schema/jee" xmlns:mvc="http://www.springframework.org/schema/mvc"
	xsi:schemaLocation="http://www.springframework.org/schema/beans 
						http://www.springframework.org/schema/beans/spring-beans-3.0.xsd
     					http://www.springframework.org/schema/tx 
     					http://www.springframework.org/schema/tx/spring-tx-3.0.xsd
     					http://www.springframework.org/schema/aop
     					http://www.springframework.org/schema/aop/spring-aop-3.0.xsd
     					http://www.springframework.org/schema/context 
     					http://www.springframework.org/schema/context/spring-context-3.0.xsd 
     					http://www.springframework.org/schema/mvc 
     http://www.springframework.org/schema/mvc/spring-mvc-3.0.xsd">
	
	<context:annotation-config />
	<tx:annotation-driven />
	<aop:aspectj-autoproxy /> 
	
	<!-- 扫描注解 bean -->
	<context:component-scan base-package="springfox,.." />
	<context:component-scan base-package="com.spring.scenic.security.authority" />  
	<context:component-scan base-package="com.spring.scenic.*.infrastructure" />
	<context:component-scan base-package="com.spring.scenic.*.application" />
	<context:component-scan base-package="com.spring.scenic.*.intreface.controller" /> 
	<context:component-scan base-package="com.spring.scenic.storage.*" />
	
	<bean class="com.spring.scenic.security.CorsConfigurerAdapter"></bean>
	
    <bean id="propertyConfigurer"
		class="org.springframework.beans.factory.config.PropertyPlaceholderConfigurer">
		<property name="locations">
			<list>
				<value>classpath:properties/runtime.properties</value>
			</list>
		</property>
	</bean>

	<!-- 数据源 -->
	<bean id="dataSource" class="org.apache.commons.dbcp.BasicDataSource"
		destroy-method="close">
		<property name="driverClassName">
			<value>${scenicweb.runtime.jdbc.driver}</value>
		</property>
		<property name="url">
			<value>${scenicweb.runtime.jdbc.url}</value>
		</property>
		<property name="username">
			<value>${scenicweb.runtime.jdbc.username}</value>
		</property>
		<property name="password">
			<value>${scenicweb.runtime.jdbc.password}</value>
		</property>
		<property name="testOnBorrow" value="true" />
		<property name="testOnReturn" value="false" />
		<property name="testWhileIdle" value="true" />
		<property name="initialSize" value="2" />
		<property name="maxActive" value="20" />
		<property name="maxIdle" value="20" />
		<property name="maxWait" value="60000" />
	</bean>
	
	<!-- 
	<mvc:interceptors>
 		<mvc:interceptor>
 			<mvc:mapping path="mystrategy/selectMyFirstTravelNote"/>
			<mvc:mapping path="mytravels/addMytravel"/>
			<mvc:mapping path="mytravels/deleteMytravel"/>
			<mvc:mapping path="mytravels/listMytravel"/>
			<mvc:mapping path="mytravels/updateMytravel"/>
			<mvc:mapping path="order/selectOrderDetail"/>
			<mvc:mapping path="order/selectOrderList"/>
			<mvc:mapping path="messages/deleteMemberMessagesByBatch"/>
			<mvc:mapping path="messages/selectMemberCommentList"/>
			<mvc:mapping path="messages/selectMemberPraiseList"/>
			<mvc:mapping path="messages/selectSystemNoticeDetail"/>
			<mvc:mapping path="messages/selectSystemNoticeList"/>
			<mvc:mapping path="messages/updateMessageReceiveStatus"/>
			<mvc:mapping path="member/addCommonAddress"/>
			<mvc:mapping path="member/addCommonTripMan"/>
			<mvc:mapping path="member/collections"/>
			<mvc:mapping path="member/deleteCommonAddress"/>
			<mvc:mapping path="member/deleteCommonTripMan"/>
			<mvc:mapping path="member/deleteMyComment"/>
			<mvc:mapping path="member/deleteMyLike"/>
			<mvc:mapping path="member/memberCollection"/>
			<mvc:mapping path="member/selectCommonAddressInfo"/>
			<mvc:mapping path="member/selectCommonAddressList"/>
			<mvc:mapping path="member/selectCommonTripManInfo"/>
			<mvc:mapping path="member/selectCommonTripManList"/>
			<mvc:mapping path="member/selectMemberInfo"/>
			<mvc:mapping path="member/updateCommonAddress"/>
			<mvc:mapping path="member/updateCommonTripMan"/>
			<mvc:mapping path="member/updateMemberInfo"/>
			<mvc:mapping path="member/myCollectionEdit"/>
			<mvc:mapping path="index/insertIndexTraveNotesDetailCollection"/>
			<mvc:mapping path="index/insertIndexTraveNotesDetailComments"/>
			<mvc:mapping path="common/selectMemberDetailInfo"/>
 			<bean class="com.spring.scenic.interceptor.APIInterceptor"/>
 		</mvc:interceptor>
 	</mvc:interceptors>
 	 -->
 	
	<!-- 加载Mybatis -->
	<import resource="classpath*:config/spring-mybatis.xml"/>
	
	<!-- 加载存储服务 -->
	<import resource="classpath*:config/spring-storage.xml"/>
	
</beans>