<?xml version="1.0" encoding="UTF-8" ?>
<!DOCTYPE mapper PUBLIC "-//mybatis.org//DTD Mapper 3.0//EN" "http://mybatis.org/dtd/mybatis-3-mapper.dtd" >
<mapper namespace="com.spring.scenic.busi.infrastructure.BusiSellerMapper" >
  
  <resultMap id="BaseResultMapBusiSeller" type="com.spring.scenic.busi.domain.BusiSeller" >
    <id column="ID" property="id" jdbcType="DECIMAL" />
    <result column="SELLER_NAME" property="sellerName" jdbcType="VARCHAR" />
    <result column="SCENIC_SELLER_ID" property="scenicSellerId" jdbcType="DECIMAL" />
    <result column="REMARK" property="remark" jdbcType="VARCHAR" />
    <result column="VALID" property="valid" jdbcType="DECIMAL" />
    <result column="CREATE_USER" property="createUser" jdbcType="DECIMAL" />
    <result column="CREATE_TIME" property="createTime" jdbcType="TIMESTAMP" />
    <result column="UPDATE_USER" property="updateUser" jdbcType="DECIMAL" />
    <result column="UPDATE_TIME" property="updateTime" jdbcType="TIMESTAMP" />
  </resultMap>
  
  <sql id="BaseColumnListBusiSeller" >
    ID, SELLER_NAME, SCENIC_SELLER_ID, REMARK, VALID, CREATE_USER, CREATE_TIME, UPDATE_USER, 
    UPDATE_TIME
  </sql>
  
  <select id="getBusiSeller" resultMap="BaseResultMapBusiSeller" parameterType="com.spring.scenic.busi.domain.BusiSeller" >
    select 
    <include refid="BaseColumnListBusiSeller" />
    from TB_BUSI_SELLER
    where ID = #{id,jdbcType=DECIMAL}
  </select>
  
  <select id="getBusiSellerByUser" resultMap="BaseResultMapBusiSeller" parameterType="com.spring.scenic.busi.domain.BusiSellerUser" >
    select 
    <include refid="BaseColumnListBusiSeller" />
    from TB_BUSI_SELLER
    where ID = #{sellerId,jdbcType=DECIMAL}
  </select>
  
  
  <delete id="deleteByPrimaryKey" parameterType="java.lang.Integer" >
    delete from TB_BUSI_SELLER
    where ID = #{id,jdbcType=DECIMAL}
  </delete>
  <insert id="insert" parameterType="com.spring.scenic.busi.domain.BusiSeller" >
    <!--
      WARNING - @mbggenerated
      This element is automatically generated by MyBatis Generator, do not modify.
      This element was generated on Tue Mar 21 13:57:02 CST 2017.
    -->
    insert into TB_BUSI_SELLER (ID, SELLER_NAME, SCENIC_SELLER_ID, 
      REMARK, VALID, CREATE_USER, 
      CREATE_TIME, UPDATE_USER, UPDATE_TIME
      )
    values (#{id,jdbcType=DECIMAL}, #{sellerName,jdbcType=VARCHAR}, #{scenicSellerId,jdbcType=DECIMAL}, 
      #{remark,jdbcType=VARCHAR}, #{valid,jdbcType=DECIMAL}, #{createUser,jdbcType=DECIMAL}, 
      #{createTime,jdbcType=TIMESTAMP}, #{updateUser,jdbcType=DECIMAL}, #{updateTime,jdbcType=TIMESTAMP}
      )
  </insert>
  <insert id="insertSelective" parameterType="com.spring.scenic.busi.domain.BusiSeller" >
    <!--
      WARNING - @mbggenerated
      This element is automatically generated by MyBatis Generator, do not modify.
      This element was generated on Tue Mar 21 13:57:02 CST 2017.
    -->
    insert into TB_BUSI_SELLER
    <trim prefix="(" suffix=")" suffixOverrides="," >
      <if test="id != null" >
        ID,
      </if>
      <if test="sellerName != null" >
        SELLER_NAME,
      </if>
      <if test="scenicSellerId != null" >
        SCENIC_SELLER_ID,
      </if>
      <if test="remark != null" >
        REMARK,
      </if>
      <if test="valid != null" >
        VALID,
      </if>
      <if test="createUser != null" >
        CREATE_USER,
      </if>
      <if test="createTime != null" >
        CREATE_TIME,
      </if>
      <if test="updateUser != null" >
        UPDATE_USER,
      </if>
      <if test="updateTime != null" >
        UPDATE_TIME,
      </if>
    </trim>
    <trim prefix="values (" suffix=")" suffixOverrides="," >
      <if test="id != null" >
        #{id,jdbcType=DECIMAL},
      </if>
      <if test="sellerName != null" >
        #{sellerName,jdbcType=VARCHAR},
      </if>
      <if test="scenicSellerId != null" >
        #{scenicSellerId,jdbcType=DECIMAL},
      </if>
      <if test="remark != null" >
        #{remark,jdbcType=VARCHAR},
      </if>
      <if test="valid != null" >
        #{valid,jdbcType=DECIMAL},
      </if>
      <if test="createUser != null" >
        #{createUser,jdbcType=DECIMAL},
      </if>
      <if test="createTime != null" >
        #{createTime,jdbcType=TIMESTAMP},
      </if>
      <if test="updateUser != null" >
        #{updateUser,jdbcType=DECIMAL},
      </if>
      <if test="updateTime != null" >
        #{updateTime,jdbcType=TIMESTAMP},
      </if>
    </trim>
  </insert>
  <update id="updateByPrimaryKeySelective" parameterType="com.spring.scenic.busi.domain.BusiSeller" >
    <!--
      WARNING - @mbggenerated
      This element is automatically generated by MyBatis Generator, do not modify.
      This element was generated on Tue Mar 21 13:57:02 CST 2017.
    -->
    update TB_BUSI_SELLER
    <set >
      <if test="sellerName != null" >
        SELLER_NAME = #{sellerName,jdbcType=VARCHAR},
      </if>
      <if test="scenicSellerId != null" >
        SCENIC_SELLER_ID = #{scenicSellerId,jdbcType=DECIMAL},
      </if>
      <if test="remark != null" >
        REMARK = #{remark,jdbcType=VARCHAR},
      </if>
      <if test="valid != null" >
        VALID = #{valid,jdbcType=DECIMAL},
      </if>
      <if test="createUser != null" >
        CREATE_USER = #{createUser,jdbcType=DECIMAL},
      </if>
      <if test="createTime != null" >
        CREATE_TIME = #{createTime,jdbcType=TIMESTAMP},
      </if>
      <if test="updateUser != null" >
        UPDATE_USER = #{updateUser,jdbcType=DECIMAL},
      </if>
      <if test="updateTime != null" >
        UPDATE_TIME = #{updateTime,jdbcType=TIMESTAMP},
      </if>
    </set>
    where ID = #{id,jdbcType=DECIMAL}
  </update>
  <update id="updateByPrimaryKey" parameterType="com.spring.scenic.busi.domain.BusiSeller" >
    <!--
      WARNING - @mbggenerated
      This element is automatically generated by MyBatis Generator, do not modify.
      This element was generated on Tue Mar 21 13:57:02 CST 2017.
    -->
    update TB_BUSI_SELLER
    set SELLER_NAME = #{sellerName,jdbcType=VARCHAR},
      SCENIC_SELLER_ID = #{scenicSellerId,jdbcType=DECIMAL},
      REMARK = #{remark,jdbcType=VARCHAR},
      VALID = #{valid,jdbcType=DECIMAL},
      CREATE_USER = #{createUser,jdbcType=DECIMAL},
      CREATE_TIME = #{createTime,jdbcType=TIMESTAMP},
      UPDATE_USER = #{updateUser,jdbcType=DECIMAL},
      UPDATE_TIME = #{updateTime,jdbcType=TIMESTAMP}
    where ID = #{id,jdbcType=DECIMAL}
  </update>
</mapper>