<?xml version="1.0" encoding="UTF-8" ?>
<!DOCTYPE mapper PUBLIC "-//mybatis.org//DTD Mapper 3.0//EN" "http://mybatis.org/dtd/mybatis-3-mapper.dtd" >
<mapper namespace="com.spring.scenic.product.infrastructure.ProductMapper" >
  <resultMap id="BaseResultMap" type="com.spring.scenic.product.domain.Product" >
    <id column="ID" property="id" jdbcType="DECIMAL" />
    <result column="PRODUCT_NAME" property="productName" jdbcType="VARCHAR" />
    <result column="PRODUCT_CODE" property="productCode" jdbcType="VARCHAR" />
    <result column="PRODUCT_TYPE" property="productType" jdbcType="DECIMAL" />
    <result column="PRODUCT_SUB_TYPE" property="productSubType" jdbcType="DECIMAL" />
    <result column="IS_SALE" property="isSale" jdbcType="DECIMAL" />
    <result column="SALES_TIME" property="salesTime" jdbcType="TIMESTAMP" />
    <result column="VALID" property="valid" jdbcType="DECIMAL" />
    <result column="MIN_COUNT" property="minCount" jdbcType="DECIMAL" />
    <result column="MAX_COUNT" property="maxCount" jdbcType="DECIMAL" />
    <result column="LAST_ORDER_DAY" property="lastOrderDay" jdbcType="DECIMAL" />
    <result column="LAST_ORDER_TIME" property="lastOrderTime" jdbcType="DECIMAL" />
    <result column="SELLER_ID" property="sellerId" jdbcType="DECIMAL" />
    <result column="PRICE" property="price" jdbcType="DECIMAL" />
    <result column="TOTAL_NUM" property="totalNum" jdbcType="DECIMAL" />
    <result column="SALE_NUM" property="saleNum" jdbcType="DECIMAL" />
    <result column="GOODS_TYPE" property="goodsType" jdbcType="DECIMAL" />
    <result column="CITY_ID" property="cityId" jdbcType="DECIMAL" />
    <result column="TAKE_ADDRESS" property="takeAddress" jdbcType="VARCHAR" />
    <result column="cityName" property="cityName" jdbcType="VARCHAR" />
    <result column="CONFIRM_HOUR" property="confirmHour" jdbcType="DECIMAL" />
    <result column="OPERATE_TIME" property="operateTime" jdbcType="TIMESTAMP"  />
    <result column="OPERATE_USER" property="operateUser" jdbcType="DECIMAL" />
    <result column="CREATE_USER" property="createUser" jdbcType="DECIMAL" />
    <result column="CREATE_TIME" property="createTime" jdbcType="TIMESTAMP" />
    <result column="UPDATE_USER" property="updateUser" jdbcType="DECIMAL" />
    <result column="READ_COUNT" property="readCount" jdbcType="DECIMAL" />
    <result column="UPDATE_TIME" property="updateTime" jdbcType="TIMESTAMP" />
  </resultMap>
  
  <resultMap id="ResultMapWithBLOBs" type="com.spring.scenic.product.domain.ProductWithBLOBs" extends="BaseResultMap" >
    <result column="RECOMMEND" property="recommend" jdbcType="CLOB" />
    <result column="REMARK" property="remark" jdbcType="CLOB" />
    <result column="TRAFFIC" property="traffic" jdbcType="CLOB" />
    <result column="ORDER_RULE" property="orderRule" jdbcType="CLOB" />
    <result column="RETURN_RULE" property="returnRule" jdbcType="CLOB" />
  </resultMap>
  
  <resultMap id="ResultHolidayHotelVo" type="com.spring.scenic.product.domain.vo.ProductHolidayHotelVo" extends="BaseResultMap" >
    <result column="ID" property="id" jdbcType="DECIMAL" />
    <result column="PRODUCTNAME" property="productName" jdbcType="VARCHAR" />
    <result column="MINPRICE" property="minprice" jdbcType="VARCHAR" />
    <result column="CITY" property="city" jdbcType="VARCHAR"/>
    <result column="FileURL" property="fileUrl" jdbcType="VARCHAR"/>
  </resultMap>
  
   <resultMap id="ResultHolidayHotelVoMap" extends="ResultHolidayHotelVo"  type="com.spring.scenic.product.domain.vo.ProductHolidayHotelVo">  
 		<collection property="keywordholidayhotelvo" column="ID" ofType="com.spring.scenic.product.domain.vo.KeywordHolidayHotelVo"  
  		select="com.spring.scenic.basic.infrastructure.KeywordMapper.selectHolidayHotel">  
 		</collection> 
 	</resultMap> 
 	
 	<resultMap id="ResultProductTouristVo" type="com.spring.scenic.product.domain.vo.ProductTouristVo" extends="BaseResultMap" >
    <result column="ID" property="id" jdbcType="DECIMAL" />
    <result column="PRODUCTNAME" property="productName" jdbcType="VARCHAR" />
    <result column="MINPRICE" property="minprice" jdbcType="VARCHAR" />
    <result column="CITY" property="city" jdbcType="VARCHAR"/>
    <result column="FileURL" property="fileUrl" jdbcType="VARCHAR"/>
    <result column="SALENUM" property="saleNum" jdbcType="VARCHAR"/>
    <result column="SUBTYPE" property="subType" jdbcType="VARCHAR"/>
  </resultMap>
  
  <sql id="Base_Column_List" >
    ID, PRODUCT_NAME, PRODUCT_CODE, PRODUCT_TYPE, PRODUCT_SUB_TYPE, IS_SALE, SALES_TIME, 
    VALID, MIN_COUNT, MAX_COUNT, LAST_ORDER_DAY, LAST_ORDER_TIME, SELLER_ID, PRICE, TOTAL_NUM, 
    SALE_NUM, GOODS_TYPE, CITY_ID, TAKE_ADDRESS, CONFIRM_HOUR, OPERATE_TIME, OPERATE_USER, 
    CREATE_USER, CREATE_TIME, UPDATE_USER, UPDATE_TIME,READ_COUNT
  </sql>
  
  <sql id="Blob_Column_List" >
    RECOMMEND, REMARK, TRAFFIC, ORDER_RULE, RETURN_RULE
  </sql>
  
  <!-- 获取推荐产品（大家还在看：按城市和类别） -->
  <select id="getRecommendProductList" resultMap="ResultMapWithBLOBs" parameterType="com.spring.scenic.product.domain.vo.ProductVo" >
		select p.*,c.name cityName from (select nvl(c.order_count,0) order_count,  SALE_NUM, ID, PRODUCT_NAME, PRODUCT_CODE, PRODUCT_TYPE, PRODUCT_SUB_TYPE, IS_SALE, SALES_TIME, 
    VALID, MIN_COUNT, MAX_COUNT, LAST_ORDER_DAY, LAST_ORDER_TIME, SELLER_ID, PRICE, TOTAL_NUM, 
    GOODS_TYPE, CITY_ID, TAKE_ADDRESS, CONFIRM_HOUR, OPERATE_TIME, OPERATE_USER, 
    CREATE_USER, CREATE_TIME, UPDATE_USER, UPDATE_TIME,READ_COUNT
          from tb_product a left  join  (SELECT t.product_id, sum(decode(t.order_type,1,t.order_count,2,t.order_count,3,t.adult_count+t.child_count)) 
    order_count FROM tb_order t  WHERE t.create_time >= add_months(sysdate,-6)  
    group by t.product_id) c on 
    a.id = c.product_id where IS_SALE=1 and VALID=1 and ID != #{id,jdbcType=DECIMAL}
				<if test="productType != null" >
			        and PRODUCT_TYPE =  #{productType,jdbcType=DECIMAL}
			    </if>
			    <if test="productSubType != null" >
			        and PRODUCT_SUB_TYPE =  #{productSubType,jdbcType=DECIMAL}
			    </if>
			    <if test="cityName != null and cityName !=''"> 
					and CITY_ID in (
						select c.id from tb_city c where c.name
						 like '%'||TRIM(#{cityName})||'%'
					)
			    </if>
		 order by nvl(order_count,0) desc) p
		 INNER JOIN tb_city c
		    ON p.city_id = c.id and rownum &lt; 5
  </select>
  
  <!-- 获取推荐产品（大家还在看：排除城市只按类别） -->
  <select id="getRecommendLeftProductList" resultMap="ResultMapWithBLOBs" parameterType="com.spring.scenic.product.domain.vo.ProductVo" >
		select p.*,c.name cityName from (select nvl(c.order_count,0) order_count,  SALE_NUM, ID, PRODUCT_NAME, PRODUCT_CODE, PRODUCT_TYPE, PRODUCT_SUB_TYPE, IS_SALE, SALES_TIME, 
    VALID, MIN_COUNT, MAX_COUNT, LAST_ORDER_DAY, LAST_ORDER_TIME, SELLER_ID, PRICE, TOTAL_NUM, 
    GOODS_TYPE, CITY_ID, TAKE_ADDRESS, CONFIRM_HOUR, OPERATE_TIME, OPERATE_USER, 
    CREATE_USER, CREATE_TIME, UPDATE_USER, UPDATE_TIME,READ_COUNT
          from tb_product a left  join  (SELECT t.product_id, sum(decode(t.order_type,1,t.order_count,2,t.order_count,3,t.adult_count+t.child_count)) 
    order_count FROM tb_order t  WHERE t.create_time >= add_months(sysdate,-6)  
    group by t.product_id) c on 
    a.id = c.product_id where IS_SALE=1 and VALID=1 and ID != #{id,jdbcType=DECIMAL}
				<if test="productType != null" >
			        and PRODUCT_TYPE =  #{productType,jdbcType=DECIMAL}
			    </if>
			    <if test="productSubType != null" >
			        and PRODUCT_SUB_TYPE =  #{productSubType,jdbcType=DECIMAL}
			    </if>
			    <if test="cityName != null and cityName !=''"> 
					and CITY_ID in (
						select c.id from tb_city c where c.name
						not
						 like '%'||TRIM(#{cityName})||'%'
					)
			    </if>
		 order by nvl(order_count,0) desc) p
		 INNER JOIN tb_city c
		    ON p.city_id = c.id and rownum &lt; 5
  </select>
  
  <select id="selectByPrimaryKey" resultMap="ResultMapWithBLOBs" parameterType="java.lang.Integer" >
    select 
    <include refid="Base_Column_List" />
    ,
    <include refid="Blob_Column_List" />
    from TB_PRODUCT
    where ID = #{id,jdbcType=DECIMAL}
  </select>
  
  <!-- 获取产品列表 -->
  <select id="getProductList"  resultMap="BaseResultMap" parameterType="com.spring.scenic.product.domain.Product">
	SELECT * FROM (
	SELECT nvl(c.order_count, 0) order_count, SALE_NUM,  b.name cityName,T.ID, T.PRODUCT_NAME, T.PRODUCT_CODE, T.PRODUCT_TYPE, T.PRODUCT_SUB_TYPE, T.IS_SALE, SALES_TIME, 
	    T.VALID, T.MIN_COUNT, T.MAX_COUNT, T.LAST_ORDER_DAY, T.LAST_ORDER_TIME, T.SELLER_ID, T.PRICE, T.TOTAL_NUM, 
	    T.GOODS_TYPE, T.city_Id, T.TAKE_ADDRESS, T.CONFIRM_HOUR, T.OPERATE_TIME, T.OPERATE_USER, 
	    T.CREATE_USER, T.CREATE_TIME, T.UPDATE_USER, T.UPDATE_TIME
  FROM TB_PRODUCT T
 INNER JOIN tb_city b
    ON t.city_id = b.id
    left join (SELECT t.product_id, sum(decode(t.order_type,1,t.order_count,2,t.order_count,3,t.adult_count+t.child_count)) 
    order_count FROM tb_order t  WHERE t.create_time >= add_months(sysdate,-6)  
    group by t.product_id) c on 
    t.id = c.product_id
 WHERE t.valid = 1
   AND T.is_sale = 1
   	 <if test="cityName != null">
     	and b.NAME like '%'||TRIM(#{cityName,jdbcType=VARCHAR})||'%'
     </if>
     <if test="productType != null" >
        and T.product_type =  #{productType,jdbcType=DECIMAL}
     </if>
     <if test="productSubType != null" >
        and T.PRODUCT_SUB_TYPE =  #{productSubType,jdbcType=DECIMAL}
     </if>
  order by b.name asc, nvl(c.order_count, 0) desc ) 
   union all
   SELECT * FROM (
	SELECT nvl(c.order_count,0) order_count, SALE_NUM, b.name cityName,T.ID, T.PRODUCT_NAME, T.PRODUCT_CODE, T.PRODUCT_TYPE, T.PRODUCT_SUB_TYPE, T.IS_SALE, SALES_TIME, 
	    T.VALID, T.MIN_COUNT, T.MAX_COUNT, T.LAST_ORDER_DAY, T.LAST_ORDER_TIME, T.SELLER_ID, T.PRICE, T.TOTAL_NUM, 
	    T.GOODS_TYPE, T.city_Id, T.TAKE_ADDRESS, T.CONFIRM_HOUR, T.OPERATE_TIME, T.OPERATE_USER, 
	    T.CREATE_USER, T.CREATE_TIME, T.UPDATE_USER, T.UPDATE_TIME
  FROM TB_PRODUCT T
 INNER JOIN tb_city b
    ON t.city_id = b.id
    left join (SELECT t.product_id, sum(decode(t.order_type,1,t.order_count,2,t.order_count,3,t.adult_count+t.child_count)) order_count 
    FROM tb_order t  WHERE t.create_time >= add_months(sysdate,-6)  
    group by t.product_id) c on 
    t.id = c.product_id
 WHERE t.valid = 1
   AND T.is_sale = 1
        <if test="cityName != null">
     	and b.NAME not like '%'||TRIM(#{cityName,jdbcType=VARCHAR})||'%'
     </if>
     <if test="productType != null" >
         and T.product_type =  #{productType,jdbcType=DECIMAL}
     </if>
     <if test="productSubType != null" >
         and T.PRODUCT_SUB_TYPE =  #{productSubType,jdbcType=DECIMAL}
     </if>
  order by  nvl(c.order_count, 0) desc) 
  </select>
  
  <delete id="deleteByPrimaryKey" parameterType="java.lang.Integer" >
    delete from TB_PRODUCT
    where ID = #{id,jdbcType=DECIMAL}
  </delete>
  <insert id="insert" parameterType="com.spring.scenic.product.domain.ProductWithBLOBs" >
  	<selectKey  keyProperty="id" order="BEFORE" resultType="java.lang.Integer" >
      	SELECT seq_tb_product.nextval FROM dual
      </selectKey>
    insert into TB_PRODUCT (ID, PRODUCT_NAME, PRODUCT_CODE, 
      PRODUCT_TYPE, PRODUCT_SUB_TYPE, IS_SALE, 
      SALES_TIME, VALID, MIN_COUNT, 
      MAX_COUNT, LAST_ORDER_DAY, LAST_ORDER_TIME, 
      SELLER_ID, PRICE, TOTAL_NUM, 
      SALE_NUM, GOODS_TYPE, city_Id, 
      TAKE_ADDRESS, CONFIRM_HOUR, OPERATE_TIME, 
      OPERATE_USER, CREATE_USER, CREATE_TIME, 
      UPDATE_USER, UPDATE_TIME, RECOMMEND, 
      REMARK, TRAFFIC, ORDER_RULE, 
      RETURN_RULE)
    values (#{id,jdbcType=DECIMAL}, #{productName,jdbcType=VARCHAR}, #{productCode,jdbcType=VARCHAR}, 
      #{productType,jdbcType=DECIMAL}, #{productSubType,jdbcType=DECIMAL}, #{isSale,jdbcType=DECIMAL}, 
      #{salesTime,jdbcType=TIMESTAMP}, #{valid,jdbcType=DECIMAL}, #{minCount,jdbcType=DECIMAL}, 
      #{maxCount,jdbcType=DECIMAL}, #{lastOrderDay,jdbcType=DECIMAL}, #{lastOrderTime,jdbcType=DECIMAL}, 
      #{sellerId,jdbcType=DECIMAL}, #{price,jdbcType=DECIMAL}, #{totalNum,jdbcType=DECIMAL}, 
      #{saleNum,jdbcType=DECIMAL}, #{goodsType,jdbcType=DECIMAL}, #{cityId,jdbcType=DECIMAL}, 
      #{takeAddress,jdbcType=VARCHAR}, #{confirmHour,jdbcType=DECIMAL}, #{operateTime,jdbcType=TIMESTAMP}, 
      #{operateUser,jdbcType=DECIMAL}, #{createUser,jdbcType=DECIMAL}, #{createTime,jdbcType=TIMESTAMP}, 
      #{updateUser,jdbcType=DECIMAL}, #{updateTime,jdbcType=TIMESTAMP}, #{recommend,jdbcType=CLOB}, 
      #{remark,jdbcType=CLOB}, #{traffic,jdbcType=CLOB}, #{orderRule,jdbcType=CLOB}, 
      #{returnRule,jdbcType=CLOB})
  </insert>
  <insert id="insertSelective" parameterType="com.spring.scenic.product.domain.ProductWithBLOBs" >
    insert into TB_PRODUCT
    <trim prefix="(" suffix=")" suffixOverrides="," >
      <if test="id != null" >
        ID,
      </if>
      <if test="productName != null" >
        PRODUCT_NAME,
      </if>
      <if test="productCode != null" >
        PRODUCT_CODE,
      </if>
      <if test="productType != null" >
        PRODUCT_TYPE,
      </if>
      <if test="productSubType != null" >
        PRODUCT_SUB_TYPE,
      </if>
      <if test="isSale != null" >
        IS_SALE,
      </if>
      <if test="salesTime != null" >
        SALES_TIME,
      </if>
      <if test="valid != null" >
        VALID,
      </if>
      <if test="minCount != null" >
        MIN_COUNT,
      </if>
      <if test="maxCount != null" >
        MAX_COUNT,
      </if>
      <if test="lastOrderDay != null" >
        LAST_ORDER_DAY,
      </if>
      <if test="lastOrderTime != null" >
        LAST_ORDER_TIME,
      </if>
      <if test="sellerId != null" >
        SELLER_ID,
      </if>
      <if test="price != null" >
        PRICE,
      </if>
      <if test="totalNum != null" >
        TOTAL_NUM,
      </if>
      <if test="saleNum != null" >
        SALE_NUM,
      </if>
      <if test="goodsType != null" >
        GOODS_TYPE,
      </if>
      <if test="cityId != null" >
        city_Id,
      </if>
      <if test="takeAddress != null" >
        TAKE_ADDRESS,
      </if>
      <if test="confirmHour != null" >
        CONFIRM_HOUR,
      </if>
      <if test="operateTime != null" >
        OPERATE_TIME,
      </if>
      <if test="operateUser != null" >
        OPERATE_USER,
      </if>
      <if test="createUser != null" >
        CREATE_USER,
      </if>
      <if test="createTime != null" >
        CREATE_TIME,
      </if>
      <if test="updateUser != null" >
        UPDATE_USER,
      </if>
      <if test="updateTime != null" >
        UPDATE_TIME,
      </if>
      <if test="recommend != null" >
        RECOMMEND,
      </if>
      <if test="remark != null" >
        REMARK,
      </if>
      <if test="traffic != null" >
        TRAFFIC,
      </if>
      <if test="orderRule != null" >
        ORDER_RULE,
      </if>
      <if test="returnRule != null" >
        RETURN_RULE,
      </if>
    </trim>
    <trim prefix="values (" suffix=")" suffixOverrides="," >
      <if test="id != null" >
        #{id,jdbcType=DECIMAL},
      </if>
      <if test="productName != null" >
        #{productName,jdbcType=VARCHAR},
      </if>
      <if test="productCode != null" >
        #{productCode,jdbcType=VARCHAR},
      </if>
      <if test="productType != null" >
        #{productType,jdbcType=DECIMAL},
      </if>
      <if test="productSubType != null" >
        #{productSubType,jdbcType=DECIMAL},
      </if>
      <if test="isSale != null" >
        #{isSale,jdbcType=DECIMAL},
      </if>
      <if test="salesTime != null" >
        #{salesTime,jdbcType=TIMESTAMP},
      </if>
      <if test="valid != null" >
        #{valid,jdbcType=DECIMAL},
      </if>
      <if test="minCount != null" >
        #{minCount,jdbcType=DECIMAL},
      </if>
      <if test="maxCount != null" >
        #{maxCount,jdbcType=DECIMAL},
      </if>
      <if test="lastOrderDay != null" >
        #{lastOrderDay,jdbcType=DECIMAL},
      </if>
      <if test="lastOrderTime != null" >
        #{lastOrderTime,jdbcType=DECIMAL},
      </if>
      <if test="sellerId != null" >
        #{sellerId,jdbcType=DECIMAL},
      </if>
      <if test="price != null" >
        #{price,jdbcType=DECIMAL},
      </if>
      <if test="totalNum != null" >
        #{totalNum,jdbcType=DECIMAL},
      </if>
      <if test="saleNum != null" >
        #{saleNum,jdbcType=DECIMAL},
      </if>
      <if test="goodsType != null" >
        #{goodsType,jdbcType=DECIMAL},
      </if>
      <if test="cityId != null" >
        #{cityId,jdbcType=DECIMAL},
      </if>
      <if test="takeAddress != null" >
        #{takeAddress,jdbcType=VARCHAR},
      </if>
      <if test="confirmHour != null" >
        #{confirmHour,jdbcType=DECIMAL},
      </if>
      <if test="operateTime != null" >
        #{operateTime,jdbcType=DECIMAL},
      </if>
      <if test="operateUser != null" >
        #{operateUser,jdbcType=DECIMAL},
      </if>
      <if test="createUser != null" >
        #{createUser,jdbcType=DECIMAL},
      </if>
      <if test="createTime != null" >
        #{createTime,jdbcType=TIMESTAMP},
      </if>
      <if test="updateUser != null" >
        #{updateUser,jdbcType=DECIMAL},
      </if>
      <if test="updateTime != null" >
        #{updateTime,jdbcType=TIMESTAMP},
      </if>
      <if test="recommend != null" >
        #{recommend,jdbcType=CLOB},
      </if>
      <if test="remark != null" >
        #{remark,jdbcType=CLOB},
      </if>
      <if test="traffic != null" >
        #{traffic,jdbcType=CLOB},
      </if>
      <if test="orderRule != null" >
        #{orderRule,jdbcType=CLOB},
      </if>
      <if test="returnRule != null" >
        #{returnRule,jdbcType=CLOB},
      </if>
    </trim>
  </insert>
  <update id="updateByPrimaryKeySelective" parameterType="com.spring.scenic.product.domain.ProductWithBLOBs" >
    update TB_PRODUCT
    <set >
      <if test="productName != null" >
        PRODUCT_NAME = #{productName,jdbcType=VARCHAR},
      </if>
      <if test="productCode != null" >
        PRODUCT_CODE = #{productCode,jdbcType=VARCHAR},
      </if>
      <if test="productType != null" >
        PRODUCT_TYPE = #{productType,jdbcType=DECIMAL},
      </if>
      <if test="productSubType != null" >
        PRODUCT_SUB_TYPE = #{productSubType,jdbcType=DECIMAL},
      </if>
      <if test="isSale != null" >
        IS_SALE = #{isSale,jdbcType=DECIMAL},
      </if>
      <if test="salesTime != null" >
        SALES_TIME = #{salesTime,jdbcType=TIMESTAMP},
      </if>
      <if test="valid != null" >
        VALID = #{valid,jdbcType=DECIMAL},
      </if>
      <if test="minCount != null" >
        MIN_COUNT = #{minCount,jdbcType=DECIMAL},
      </if>
      <if test="maxCount != null" >
        MAX_COUNT = #{maxCount,jdbcType=DECIMAL},
      </if>
      <if test="lastOrderDay != null" >
        LAST_ORDER_DAY = #{lastOrderDay,jdbcType=DECIMAL},
      </if>
      <if test="lastOrderTime != null" >
        LAST_ORDER_TIME = #{lastOrderTime,jdbcType=DECIMAL},
      </if>
      <if test="sellerId != null" >
        SELLER_ID = #{sellerId,jdbcType=DECIMAL},
      </if>
      <if test="price != null" >
        PRICE = #{price,jdbcType=DECIMAL},
      </if>
      <if test="totalNum != null" >
        TOTAL_NUM = #{totalNum,jdbcType=DECIMAL},
      </if>
      <if test="saleNum != null" >
        SALE_NUM = #{saleNum,jdbcType=DECIMAL},
      </if>
      <if test="goodsType != null" >
        GOODS_TYPE = #{goodsType,jdbcType=DECIMAL},
      </if>
      <if test="cityId != null" >
        CITY_ID = #{cityId,jdbcType=DECIMAL},
      </if>
      <if test="takeAddress != null" >
        TAKE_ADDRESS = #{takeAddress,jdbcType=VARCHAR},
      </if>
      <if test="confirmHour != null" >
        CONFIRM_HOUR = #{confirmHour,jdbcType=DECIMAL},
      </if>
      <if test="operateTime != null" >
        OPERATE_TIME = #{operateTime,jdbcType=TIMESTAMP},
      </if>
      <if test="operateUser != null" >
        OPERATE_USER = #{operateUser,jdbcType=DECIMAL},
      </if>
      <if test="createUser != null" >
        CREATE_USER = #{createUser,jdbcType=DECIMAL},
      </if>
      <if test="createTime != null" >
        CREATE_TIME = #{createTime,jdbcType=TIMESTAMP},
      </if>
      <if test="updateUser != null" >
        UPDATE_USER = #{updateUser,jdbcType=DECIMAL},
      </if>
      <if test="updateTime != null" >
        UPDATE_TIME = #{updateTime,jdbcType=TIMESTAMP},
      </if>
      <if test="recommend != null" >
        RECOMMEND = #{recommend,jdbcType=CLOB},
      </if>
      <if test="remark != null" >
        REMARK = #{remark,jdbcType=CLOB},
      </if>
      <if test="traffic != null" >
        TRAFFIC = #{traffic,jdbcType=CLOB},
      </if>
      <if test="orderRule != null" >
        ORDER_RULE = #{orderRule,jdbcType=CLOB},
      </if>
      <if test="returnRule != null" >
        RETURN_RULE = #{returnRule,jdbcType=CLOB},
      </if>
      <if test="readCount != null" >
        READ_COUNT = #{readCount,jdbcType=DECIMAL},
      </if>
    </set>
    where ID = #{id,jdbcType=DECIMAL}
  </update>
  <update id="updateByPrimaryKeyWithBLOBs" parameterType="com.spring.scenic.product.domain.ProductWithBLOBs" >
    update TB_PRODUCT
    set PRODUCT_NAME = #{productName,jdbcType=VARCHAR},
      PRODUCT_CODE = #{productCode,jdbcType=VARCHAR},
      PRODUCT_TYPE = #{productType,jdbcType=DECIMAL},
      PRODUCT_SUB_TYPE = #{productSubType,jdbcType=DECIMAL},
      IS_SALE = #{isSale,jdbcType=DECIMAL},
      SALES_TIME = #{salesTime,jdbcType=TIMESTAMP},
      VALID = #{valid,jdbcType=DECIMAL},
      MIN_COUNT = #{minCount,jdbcType=DECIMAL},
      MAX_COUNT = #{maxCount,jdbcType=DECIMAL},
      LAST_ORDER_DAY = #{lastOrderDay,jdbcType=DECIMAL},
      LAST_ORDER_TIME = #{lastOrderTime,jdbcType=DECIMAL},
      SELLER_ID = #{sellerId,jdbcType=DECIMAL},
      PRICE = #{price,jdbcType=DECIMAL},
      TOTAL_NUM = #{totalNum,jdbcType=DECIMAL},
      SALE_NUM = #{saleNum,jdbcType=DECIMAL},
      GOODS_TYPE = #{goodsType,jdbcType=DECIMAL},
      CITY_ID = #{cityId,jdbcType=DECIMAL},
      TAKE_ADDRESS = #{takeAddress,jdbcType=VARCHAR},
      CONFIRM_HOUR = #{confirmHour,jdbcType=DECIMAL},
      OPERATE_TIME = #{operateTime,jdbcType=TIMESTAMP},
      OPERATE_USER = #{operateUser,jdbcType=DECIMAL},
      CREATE_USER = #{createUser,jdbcType=DECIMAL},
      CREATE_TIME = #{createTime,jdbcType=TIMESTAMP},
      UPDATE_USER = #{updateUser,jdbcType=DECIMAL},
      UPDATE_TIME = #{updateTime,jdbcType=TIMESTAMP},
      RECOMMEND = #{recommend,jdbcType=CLOB},
      REMARK = #{remark,jdbcType=CLOB},
      TRAFFIC = #{traffic,jdbcType=CLOB},
      ORDER_RULE = #{orderRule,jdbcType=CLOB},
      RETURN_RULE = #{returnRule,jdbcType=CLOB}
    where ID = #{id,jdbcType=DECIMAL}
  </update>
  <update id="updateByPrimaryKey" parameterType="com.spring.scenic.product.domain.Product" >
    update TB_PRODUCT
    set PRODUCT_NAME = #{productName,jdbcType=VARCHAR},
      PRODUCT_CODE = #{productCode,jdbcType=VARCHAR},
      PRODUCT_TYPE = #{productType,jdbcType=DECIMAL},
      PRODUCT_SUB_TYPE = #{productSubType,jdbcType=DECIMAL},
      IS_SALE = #{isSale,jdbcType=DECIMAL},
      SALES_TIME = #{salesTime,jdbcType=TIMESTAMP},
      VALID = #{valid,jdbcType=DECIMAL},
      MIN_COUNT = #{minCount,jdbcType=DECIMAL},
      MAX_COUNT = #{maxCount,jdbcType=DECIMAL},
      LAST_ORDER_DAY = #{lastOrderDay,jdbcType=DECIMAL},
      LAST_ORDER_TIME = #{lastOrderTime,jdbcType=DECIMAL},
      SELLER_ID = #{sellerId,jdbcType=DECIMAL},
      PRICE = #{price,jdbcType=DECIMAL},
      TOTAL_NUM = #{totalNum,jdbcType=DECIMAL},
      SALE_NUM = #{saleNum,jdbcType=DECIMAL},
      GOODS_TYPE = #{goodsType,jdbcType=DECIMAL},
      CITY_ID = #{cityId,jdbcType=DECIMAL},
      TAKE_ADDRESS = #{takeAddress,jdbcType=VARCHAR},
      CONFIRM_HOUR = #{confirmHour,jdbcType=DECIMAL},
      OPERATE_TIME = #{operateTime,jdbcType=TIMESTAMP},
      OPERATE_USER = #{operateUser,jdbcType=DECIMAL},
      CREATE_USER = #{createUser,jdbcType=DECIMAL},
      CREATE_TIME = #{createTime,jdbcType=TIMESTAMP},
      UPDATE_USER = #{updateUser,jdbcType=DECIMAL},
      UPDATE_TIME = #{updateTime,jdbcType=TIMESTAMP},
      READ_COUNT = #{readCount,jdbcType=DECIMAL}
    where ID = #{id,jdbcType=DECIMAL}
  </update>
  
  <update id="batchUpdate" parameterType = "java.util.List">
   	   <foreach collection="list" item="item" index="index" separator=";" open="begin" close=";end;" >
				update TB_PRODUCT 
				<set>
				  IS_SALE = ${item.isSale}, update_user = ${item.updateUser},
				        <if test="item.salesTime != null" >
				        	sales_time=sysdate,
						</if>
						update_time = sysdate
				</set>
				where id = ${item.id} and seller_id = ${item.sellerId}
	   </foreach>
  </update>
  
    <!-- 关键字关联表 -->
  <resultMap id="BaseResultMapKeywordRef" type="com.spring.scenic.product.domain.KeywordRef" >
    <id column="ID" property="id" jdbcType="DECIMAL" />
    <result column="OUT_RELATED_ID" property="outRelatedId" jdbcType="DECIMAL" />
    <result column="OUT_RELATED_TYPE" property="outRelatedType" jdbcType="DECIMAL" />
    <result column="KEYWORD_ID" property="keywordId" jdbcType="DECIMAL" />
    <result column="ORD" property="ord" jdbcType="DECIMAL" />
	<result column="NAME" property="name" jdbcType="VARCHAR" />
	<result column="TYPE" property="type" jdbcType="DECIMAL" />
	<result column="VALID" property="valid" jdbcType="DECIMAL" />
  </resultMap>

  <sql id="Base_Column_List_Keyword_Ref">
  	A.ID,A.OUT_RELATED_ID,A.OUT_RELATED_TYPE,A.KEYWORD_ID,B.ID KEYWORDID,B.NAME,B.TYPE,B.VALID
  </sql>
 
  <select id="getRealtiveKeywordList" parameterType="com.spring.scenic.product.domain.KeywordRef"
  	resultMap="BaseResultMapKeywordRef">
  	select
   <include refid="Base_Column_List_Keyword_Ref" />
    from TB_KEYWORD_REF A
    left join TB_KEYWORD B
    on A.KEYWORD_ID=B.ID
    where A.OUT_RELATED_ID = #{outRelatedId,jdbcType=DECIMAL}
    AND A.OUT_RELATED_TYPE = #{outRelatedType,jdbcType=DECIMAL}
    <if test="type != null">
    	and b.type = #{type,jdbcType=DECIMAL}
    </if>
	ORDER BY A.ORD
  </select>
  
  
  <!-- 关键字 -->
  <resultMap id="BaseResultMapKeyWord" type="com.spring.scenic.product.domain.Keyword" >
    <id column="ID" property="id" jdbcType="DECIMAL" />
    <result column="NAME" property="name" jdbcType="VARCHAR" />
    <result column="TYPE" property="type" jdbcType="DECIMAL" />
    <result column="VALID" property="valid" jdbcType="DECIMAL" />
    <result column="OUT_RELATED_ID" property="outRelatedId" jdbcType="DECIMAL" />
    <result column="OUT_RELATED_TYPE" property="outRelatedType" jdbcType="DECIMAL" />
    <result column="CREATE_TIME" property="createTime" jdbcType="TIMESTAMP" />
    <result column="CREATE_USER" property="createUser" jdbcType="DECIMAL" />
    <result column="UPDATE_TIME" property="updateTime" jdbcType="TIMESTAMP" />
    <result column="UPDATE_USER" property="updateUser" jdbcType="DECIMAL" />
  </resultMap>
  
  
    <!-- 内容配置推荐关键字添加页面联想查询关键字 -->
  <select id="getSysConfigKeywordsByImagine" resultMap="BaseResultMapKeyWord" parameterType="com.spring.scenic.product.domain.Keyword" >
    select 
    t.ID, t.NAME, t.TYPE, t.VALID, t.OUT_RELATED_ID,t.OUT_RELATED_TYPE,t.CREATE_TIME, t.CREATE_USER, t.UPDATE_TIME, t.UPDATE_USER
    from TB_KEYWORD t
    where t.VALID = #{valid,jdbcType=DECIMAL}
    <if test="outRelatedType != null">
    and OUT_RELATED_TYPE = #{outRelatedType,jdbcType=DECIMAL}
    </if>
    <if test="name!=null">
    and t.NAME like '%' ||TRIM(#{name,jdbcType=VARCHAR})|| '%'
    </if>
  </select>
  
  <!-- 查询城市信息，以id,name的形式封装在实体里返回 -->
	<select id="getCityList"  resultType="com.spring.scenic.system.domain.City">
		select id, name,valid from tb_city 
 	</select>
 	
  <!-- 根据查询查询销售最高,该酒店本月最低价格 -->
	<select id="selectHolidayHote"  parameterType="com.spring.scenic.product.domain.vo.ProductHolidayHotelVo" resultMap="ResultHolidayHotelVoMap">
	select * from (
	select tpp.id,tpp.name CITY,tpp.product_name PRODUCTNAME,(select nvl(min(nvl(s.adult_price,s.price)),0) price from tb_product_stock s
			   where s.meals_id in (select m.id from tb_product_meals m where 1 = 1 and m.product_id = tpp.id)
			    <![CDATA[ and to_char(play_day, 'yyyymmdd') >= to_char(sysdate, 'yyyymmdd')]]>	
			 <![CDATA[   and to_char(play_day, 'yyyymmdd') <= to_char(add_months(sysdate, 1), 'yyyymmdd'))]]>	 MINPRICE,
			 null FILEURL from (
	select tp.id,tp.name,product_name,nvl(tor.saled_num,0) saled_num from 
	(select tp.id,tc.name,tp.product_name from tb_product tp 
		inner join tb_city tc on tp.city_id=tc.id and tp.is_sale = 1 and tp.product_type = 3 and tp.product_sub_type =1
	) tp left join 
	( select tp.id,sum(case order_type 
                    when 1  then ORDER_COUNT
                    when 2  then ORDER_COUNT 
                    when 3  then (tor.adult_count+tor.child_count) else 0 end) saled_num from 
	                    tb_order tor left join tb_product tp on tor.product_id=tp.id
	                where 
	           <![CDATA[  tor.create_time >= add_months(sysdate,-6) ]]>	 group by tp.id
	 ) tor on tp.id=tor.id    where tp.name like '%'||nvl(#{city},'上海')||'%' 
	           order by nvl(tor.saled_num,0) desc) tpp
	 union all
	select tpp.id,tpp.name CITY,tpp.product_name PRODUCTNAME,(select nvl(min(nvl(s.adult_price,s.price)),0) price from tb_product_stock s
			   where s.meals_id in (select m.id from tb_product_meals m where 1 = 1 and m.product_id = tpp.id)
			<![CDATA[    and to_char(play_day, 'yyyymmdd') >= to_char(sysdate, 'yyyymmdd')]]>	
			<![CDATA[    and to_char(play_day, 'yyyymmdd') <= to_char(add_months(sysdate, 1), 'yyyymmdd'))]]>	 MINPRICE,null FILEURL from (
	select tp.id,tp.name,product_name,nvl(tor.saled_num,0) saled_num from 
	(select tp.id,tc.name,tp.product_name from tb_product tp inner join tb_city tc on tp.city_id=tc.id and tp.is_sale = 1 and tp.product_type = 3 and tp.product_sub_type =1) tp left join 
	( select tp.id,sum(case order_type 
                    when 1  then ORDER_COUNT
                    when 2  then ORDER_COUNT 
                    when 3  then (tor.adult_count+tor.child_count) else 0 end) saled_num from 
	                    tb_order tor left join tb_product tp on tor.product_id=tp.id
	 where <![CDATA[ tor.create_time >= add_months(sysdate,-6) ]]>	 group by tp.id
	 ) tor on tp.id=tor.id    where tp.name not like '%'||nvl(#{city},'上海')||'%' 
	 order by nvl(tor.saled_num,0) desc) tpp 
 	 ) t where <![CDATA[ rownum <= #{missingCount,jdbcType=VARCHAR}  ]]>	
 	</select>
  <!-- 查询自直通车和自由行 -->
	<select id="selectProductTourist"  parameterType="com.spring.scenic.product.domain.vo.ProductTouristVo" resultMap="ResultProductTouristVo">
select * from (
  select tpp.id,tpp.name CITY,tpp.product_name PRODUCTNAME,tpp.saled_num SALENUM,(select nvl(min(nvl(s.adult_price,s.price)),0) price from tb_product_stock s
         where s.meals_id in (select m.id from tb_product_meals m where 1 = 1 and m.product_id = tpp.id)
      <![CDATA[  and to_char(play_day, 'yyyymmdd') >= to_char(sysdate, 'yyyymmdd') ]]>	
      <![CDATA[  and to_char(play_day, 'yyyymmdd') <= to_char(add_months(sysdate, 1), 'yyyymmdd')) ]]>	   MINPRICE,
       null FILEURL from (
  select tp.id,tp.name,product_name,nvl(tor.saled_num,0) saled_num from (select tp.id,tc.name,tp.product_name from tb_product tp inner join tb_city tc on tp.city_id=tc.id
  and tp.is_sale = 1 and tp.product_type = 3 and tp.product_sub_type = #{subType,jdbcType=VARCHAR}
   ) tp left join 
  ( select tp.id,tp.sale_num saled_num,sum(case order_type 
                    when 1  then ORDER_COUNT
                    when 2  then ORDER_COUNT 
                    when 3  then (tor.adult_count+tor.child_count) else 0 end) saled_num1 from 
                      tb_order tor left join tb_product tp on tor.product_id=tp.id
                  where 
         <![CDATA[     tor.create_time >= add_months(sysdate,-6) ]]>	 group by tp.id,tp.sale_num
  ) tor on tp.id=tor.id    where tp.name like '%'||nvl(#{city},'上海')||'%' 
             order by nvl(tor.saled_num1,0) desc) tpp
  union all
  select tpp.id,tpp.name CITY,tpp.product_name PRODUCTNAME,tpp.saled_num SALENUM,(select nvl(min(nvl(s.adult_price,s.price)),0) price from tb_product_stock s
         where s.meals_id in (select m.id from tb_product_meals m where 1 = 1 and m.product_id = tpp.id)
    <![CDATA[    and to_char(play_day, 'yyyymmdd') >= to_char(sysdate, 'yyyymmdd') ]]>	
     <![CDATA[   and to_char(play_day, 'yyyymmdd') <= to_char(add_months(sysdate, 1), 'yyyymmdd')) ]]>	  MINPRICE,
       null FILEURL from (
  select tp.id,tp.name,product_name,nvl(tor.saled_num,0) saled_num from (select tp.id,tc.name,tp.product_name from tb_product tp inner join tb_city tc on tp.city_id=tc.id
  and tp.is_sale = 1 and tp.product_type = 3 and tp.product_sub_type = #{subType,jdbcType=VARCHAR}
  ) tp left join 
  ( select tp.id,tp.sale_num saled_num,sum(case order_type 
                    when 1  then ORDER_COUNT
                    when 2  then ORDER_COUNT 
                    when 3  then (tor.adult_count+tor.child_count) else 0 end) saled_num1 from 
                      tb_order tor left join tb_product tp on tor.product_id=tp.id
         where    
        <![CDATA[ tor.create_time >= add_months(sysdate,-6) ]]>	   group by tp.id,tp.sale_num
  ) tor on tp.id=tor.id    where tp.name  not like '%'||nvl(#{city},'上海')||'%' 
             order by nvl(tor.saled_num1,0) desc) tpp
		   ) t where
   <if test="missingCount!=null">
   	<![CDATA[ rownum <= #{missingCount,jdbcType=VARCHAR}  ]]>	     
   </if>
 	</select>
 	
 	<!-- 根据各维度搜索产品 -->
 	<select id="searchProduct" resultMap="BaseResultMap" parameterType="com.spring.scenic.product.domain.Product">
		select p.* from tb_product p,(
		<!-- 1、根据景点找商户找产品 -->
		select t.id from tb_product t where t.valid=1 and t.is_sale=1 and t.seller_id in(
		  select s.id from tb_busi_seller s where s.valid=1 and s.scenic_seller_id in (
		     select id from tb_scenic_seller s where s.valid=1 and s.name like '%'||TRIM(#{keyword})||'%' 
		  )
		)
		union
		<!-- 2、根据商户找产品 -->
		select t.id from tb_product t where t.valid=1 and t.is_sale=1 and t.seller_id in(
		  select s.id from tb_busi_seller s where s.valid=1 and (s.seller_name like '%'||TRIM(#{keyword})||'%' or s.remark like '%'||TRIM(#{keyword})||'%' )
		)
		union
		<!-- 3、根据产品名称、标签、经理推荐、一级类别、二级类别、城市、套餐名称。根据查找值找到产品 -->
		select p1.id from (
		  select p.*,d.name productType from tb_product p inner join (
		         select id,name,value from tb_dictionary d where d.parent_id = (select id from tb_dictionary d where d.code='PRODUCT_TYPE')
		  ) d  on p.product_type= d.value
		) p1 inner join (
		  
		  select p.id,jd.name productSubType  from tb_product p 
		  inner join (
		         select id,name,value from tb_dictionary d where d.parent_id = (select id from tb_dictionary d where d.code='PRODUCT_TYPE_SCENIC')
		  ) jd on p.product_sub_type  = jd.value
		  and p.product_type=1
		  union all
		  select p.id,jd.name productSubType from tb_product p 
		  inner join (
		         select id,name,value from tb_dictionary d where d.parent_id = (select id from tb_dictionary d where d.code='PRODUCT_TYPE_SHOPPING')
		  ) jd on p.product_sub_type  = jd.value
		  and p.product_type=2
		  union all
		  select p.id,jd.name productSubType from tb_product p 
		  inner join (
		         select id,name,value from tb_dictionary d where d.parent_id = (select id from tb_dictionary d where d.code='PRODUCT_TYPE_LINE')
		  ) jd on p.product_sub_type  = jd.value
		  and p.product_type=3
		  
		) p2 on p1.id=p2.id where (
		  <!-- 一级类别 -->
		  productType like '%'||TRIM(#{keyword})||'%' 
		  <!-- 二级类别 -->
		  or productSubType like '%'||TRIM(#{keyword})||'%' 
		  <!-- 产品名称 -->
		  or p1.PRODUCT_NAME like '%'||TRIM(#{keyword})||'%' 
		  <!-- 经理推荐 -->
		  or p1.RECOMMEND like '%'||TRIM(#{keyword})||'%'  
		)
		union 
		<!-- 城市、套餐、标签 -->
		<!-- 匹配标签的产品 -->
		select r.out_related_id id from tb_keyword_ref r ,tb_keyword k where k.valid=1 and r.out_related_type=3 and r.keyword_id = k.id and k.name like '%'||TRIM(#{keyword})||'%'     
		union   
		<!-- 匹配城市的产品 -->
		select p.id from tb_product p ,tb_city c where c.valid=1 and p.city_id = c.id and c.name like '%'||TRIM(#{keyword})||'%' 
		union
		<!-- 匹配套餐的产品 -->
		select p.id  from tb_product p ,tb_product_meals m where p.id=m.product_id and m.meals_name like '%'||TRIM(#{keyword})||'%' 
		)s where p.id=s.id and p.is_sale = 1
 	</select>
 	
 	<!-- 获取产品当前日期后某月内的最低价格(景点与旅游线路加个互斥，所以取一个即为对应的默认值，去掉：and s.adult_price is not null) -->
 	<select id="getProductMinPrice" parameterType="java.lang.Integer" resultType="java.math.BigDecimal">
		select nvl(min(nvl(s.adult_price,s.price)),0) price from tb_product_stock s
		   where s.meals_id in (select m.id from tb_product_meals m where 1 = 1 and m.product_id = #{productId})
		   and to_char(play_day, 'yyyymmdd') &gt;= to_char(sysdate, 'yyyymmdd')
		   and to_char(play_day, 'yyyymmdd') &lt;= to_char(add_months(sysdate, 1), 'yyyymmdd')
 	</select>
 	
 	<resultMap id="ProductMoreImgVoMap" type="com.spring.scenic.product.domain.vo.ProductMoreImgVo">
     <result column="OFFICIAL_IMG_ID" property="officialImgId" jdbcType="DECIMAL"/>
     <result column="OFFICIAL_IMG" property="officialImg" jdbcType="VARCHAR"/>
     <result column="ONLINE_IMG_ID" property="onlineImgId" jdbcType="DECIMAL"/>
     <result column="ONLINE_IMG" property="onlineImg" jdbcType="VARCHAR"/>
  </resultMap>



    <!-- 官方图片 -->
 	<select id="selectOfficialImgList" parameterType="java.lang.Integer" resultMap="ProductMoreImgVoMap">
	 	select l.id officialImgId ,l.FILE_URL officialImg 
	 	from tb_product_pic_rel r,tb_busi_picture_lib l 
	 	where l.valid=1 and r.product_id=#{productId,jdbcType=DECIMAL} and r.picture_lib_id=l.id
 	</select>
 	<!-- 网友晒图 -->
    <select id="selectOnlineImgList" parameterType="java.lang.Integer" resultMap="ProductMoreImgVoMap">
	    select f.id onlineImgId ,f.file_url onlineImg  
	    from tb_product_comment c,tb_product_comment_file f 
	    where c.product_id=#{productId,jdbcType=DECIMAL} and c.id=f.product_comment_id 
	    order by f.CREATE_TIME desc
 	</select>
 	
</mapper>