<?xml version="1.0" encoding="UTF-8" ?>
<!DOCTYPE mapper PUBLIC "-//mybatis.org//DTD Mapper 3.0//EN" "http://mybatis.org/dtd/mybatis-3-mapper.dtd" >
<mapper namespace="com.spring.scenic.pay.infrastructure.PayRecordMapper" >
  
  <resultMap id="BaseResultMap" type="com.spring.scenic.pay.domain.PayRecord" >
    <id column="ID" property="id" jdbcType="DECIMAL" />
    <result column="ORDER_ID" property="orderId" jdbcType="DECIMAL" />
    <result column="ORDER_NO" property="orderNo" jdbcType="VARCHAR" />
    <result column="PRODUCT_ID" property="productId" jdbcType="DECIMAL" />
    <result column="PRODUCT_NAME" property="productName" jdbcType="VARCHAR" />
    <result column="RECEIVE_ID" property="receiveId" jdbcType="DECIMAL" />
    <result column="RECEIVE_NAME" property="receiveName" jdbcType="VARCHAR" />
    <result column="PAY_NO" property="payNo" jdbcType="VARCHAR" />
    <result column="PAY_MONEY" property="payMoney" jdbcType="DECIMAL" />
    <result column="PAY_REMARK" property="payRemark" jdbcType="VARCHAR" />
    <result column="PAY_TYPE" property="payType" jdbcType="DECIMAL" />
    <result column="PAY_STATUS" property="payStatus" jdbcType="DECIMAL" />
    <result column="PAY_STATUSE_CODE" property="payStatuseCode" jdbcType="VARCHAR" />
    <result column="PAY_USER" property="payUser" jdbcType="DECIMAL" />
    <result column="PAY_USER_NAME" property="payUserName" jdbcType="VARCHAR" />
    <result column="PAY_DATE" property="payDate" jdbcType="TIMESTAMP" />
    <result column="THIRED_PLATFORM" property="thiredPlatform" jdbcType="VARCHAR" />
  </resultMap>
  
  <sql id="Base_Column_List" >
    ID, ORDER_ID, ORDER_NO, PRODUCT_ID, PRODUCT_NAME, RECEIVE_ID, RECEIVE_NAME, PAY_NO, 
    PAY_MONEY, PAY_REMARK, PAY_TYPE, PAY_STATUS, PAY_STATUSE_CODE, PAY_USER, PAY_USER_NAME, 
    PAY_DATE, THIRED_PLATFORM
  </sql>
  
  <select id="selectByPrimaryKey" resultMap="BaseResultMap" parameterType="java.lang.Integer" >
    select 
    <include refid="Base_Column_List" />
    from TB_PAY_RECORD
    where ID = #{id,jdbcType=DECIMAL}
  </select>
  
  <delete id="deleteByPrimaryKey" parameterType="java.lang.Integer" >
    delete from TB_PAY_RECORD
    where ID = #{id,jdbcType=DECIMAL}
  </delete>
  
  <!-- 保存支付流水 -->
  <insert id="savePayRecord" parameterType="com.spring.scenic.pay.domain.PayRecord" >
    insert into TB_PAY_RECORD (ID, ORDER_ID, ORDER_NO, 
      PRODUCT_ID, PRODUCT_NAME, RECEIVE_ID, 
      RECEIVE_NAME, PAY_NO, PAY_MONEY, 
      PAY_REMARK, PAY_TYPE, PAY_STATUS, 
      PAY_STATUSE_CODE, PAY_USER, PAY_USER_NAME, 
      PAY_DATE, THIRED_PLATFORM)
    values (SEQ_TB_PAY_RECORD.Nextval, #{orderId,jdbcType=DECIMAL}, #{orderNo,jdbcType=VARCHAR}, 
      #{productId,jdbcType=DECIMAL}, #{productName,jdbcType=VARCHAR}, #{receiveId,jdbcType=DECIMAL}, 
      #{receiveName,jdbcType=VARCHAR}, #{payNo,jdbcType=VARCHAR}, #{payMoney,jdbcType=DECIMAL}, 
      #{payRemark,jdbcType=VARCHAR}, #{payType,jdbcType=DECIMAL}, #{payStatus,jdbcType=DECIMAL}, 
      #{payStatuseCode,jdbcType=VARCHAR}, #{payUser,jdbcType=DECIMAL}, #{payUserName,jdbcType=VARCHAR}, 
      #{payDate,jdbcType=TIMESTAMP}, #{thiredPlatform,jdbcType=VARCHAR})
  </insert>
  
  <update id="updateByPrimaryKey" parameterType="com.spring.scenic.pay.domain.PayRecord" >
    update TB_PAY_RECORD
    set ORDER_ID = #{orderId,jdbcType=DECIMAL},
      ORDER_NO = #{orderNo,jdbcType=VARCHAR},
      PRODUCT_ID = #{productId,jdbcType=DECIMAL},
      PRODUCT_NAME = #{productName,jdbcType=VARCHAR},
      RECEIVE_ID = #{receiveId,jdbcType=DECIMAL},
      RECEIVE_NAME = #{receiveName,jdbcType=VARCHAR},
      PAY_NO = #{payNo,jdbcType=VARCHAR},
      PAY_MONEY = #{payMoney,jdbcType=DECIMAL},
      PAY_REMARK = #{payRemark,jdbcType=VARCHAR},
      PAY_TYPE = #{payType,jdbcType=DECIMAL},
      PAY_STATUS = #{payStatus,jdbcType=DECIMAL},
      PAY_STATUSE_CODE = #{payStatuseCode,jdbcType=VARCHAR},
      PAY_USER = #{payUser,jdbcType=DECIMAL},
      PAY_USER_NAME = #{payUserName,jdbcType=VARCHAR},
      PAY_DATE = #{payDate,jdbcType=TIMESTAMP},
      THIRED_PLATFORM = #{thiredPlatform,jdbcType=VARCHAR}
    where ID = #{id,jdbcType=DECIMAL}
  </update>
  
</mapper>