<?xml version="1.0" encoding="UTF-8" ?>
<!DOCTYPE mapper PUBLIC "-//mybatis.org//DTD Mapper 3.0//EN" "http://mybatis.org/dtd/mybatis-3-mapper.dtd" >
<mapper namespace="com.spring.scenic.resource.infrastructure.ResourceSalesPriceMapper" >
  <resultMap id="BaseResultMap" type="com.spring.scenic.resource.domain.ResourceSalesPrice" >
    <!--
      WARNING - @mbggenerated
      This element is automatically generated by MyBatis Generator, do not modify.
      This element was generated on Sat Jan 07 10:43:38 CST 2017.
    -->
    <id column="ID" property="id" jdbcType="DECIMAL" />
    <result column="RESOURCE_ID" property="resourceId" jdbcType="DECIMAL" />
    <result column="SUPPLIERS_ID" property="suppliersId" jdbcType="DECIMAL" />
    <result column="SALE_PRICE" property="salePrice" jdbcType="DECIMAL" />
    <result column="PACKAGE_PRICE" property="packagePrice" jdbcType="DECIMAL" />
    <result column="SETTLEMENT_PRICE" property="settlementPrice" jdbcType="DECIMAL" />
    <result column="CURRENCY" property="currency" jdbcType="VARCHAR" />
    <result column="SALEDATE" property="saledate" jdbcType="TIMESTAMP" />
    <result column="GUID" property="guid" jdbcType="VARCHAR" />
    <result column="CREATE_TIME" property="createTime" jdbcType="TIMESTAMP" />
    <result column="CREATE_USER" property="createUser" jdbcType="DECIMAL" />
    <result column="UPDATE_TIME" property="updateTime" jdbcType="TIMESTAMP" />
    <result column="UPDATE_USER" property="updateUser" jdbcType="DECIMAL" />
  </resultMap>
  <sql id="Base_Column_List" >
    <!--
      WARNING - @mbggenerated
      This element is automatically generated by MyBatis Generator, do not modify.
      This element was generated on Sat Jan 07 10:43:38 CST 2017.
    -->
    ID, RESOURCE_ID, SUPPLIERS_ID, SALE_PRICE, PACKAGE_PRICE, SETTLEMENT_PRICE, CURRENCY, 
    SALEDATE, GUID, CREATE_TIME, CREATE_USER, UPDATE_TIME, UPDATE_USER
  </sql>
  <select id="selectByPrimaryKey" resultMap="BaseResultMap" parameterType="java.lang.Long" >
    <!--
      WARNING - @mbggenerated
      This element is automatically generated by MyBatis Generator, do not modify.
      This element was generated on Sat Jan 07 10:43:38 CST 2017.
    -->
    select 
    <include refid="Base_Column_List" />
    from TB_RESOURCE_SALES_PRICE
    where ID = #{id,jdbcType=DECIMAL}
  </select>
  <delete id="deleteByPrimaryKey" parameterType="java.lang.Long" >
    <!--
      WARNING - @mbggenerated
      This element is automatically generated by MyBatis Generator, do not modify.
      This element was generated on Sat Jan 07 10:43:38 CST 2017.
    -->
    delete from TB_RESOURCE_SALES_PRICE
    where ID = #{id,jdbcType=DECIMAL}
  </delete>
  <insert id="insert" parameterType="com.spring.scenic.resource.domain.ResourceSalesPrice" >
    <!--
      WARNING - @mbggenerated
      This element is automatically generated by MyBatis Generator, do not modify.
      This element was generated on Sat Jan 07 10:43:38 CST 2017.
    -->
    insert into TB_RESOURCE_SALES_PRICE (ID, RESOURCE_ID, SUPPLIERS_ID, 
      SALE_PRICE, PACKAGE_PRICE, SETTLEMENT_PRICE, 
      CURRENCY, SALEDATE, GUID, 
      CREATE_TIME, CREATE_USER, UPDATE_TIME, 
      UPDATE_USER)
    values (#{id,jdbcType=DECIMAL}, #{resourceId,jdbcType=DECIMAL}, #{suppliersId,jdbcType=DECIMAL}, 
      #{salePrice,jdbcType=DECIMAL}, #{packagePrice,jdbcType=DECIMAL}, #{settlementPrice,jdbcType=DECIMAL}, 
      #{currency,jdbcType=VARCHAR}, #{saledate,jdbcType=TIMESTAMP}, #{guid,jdbcType=VARCHAR}, 
      #{createTime,jdbcType=TIMESTAMP}, #{createUser,jdbcType=DECIMAL}, #{updateTime,jdbcType=TIMESTAMP}, 
      #{updateUser,jdbcType=DECIMAL})
  </insert>
  <insert id="insertSelective" parameterType="com.spring.scenic.resource.domain.ResourceSalesPrice" >
    <!--
      WARNING - @mbggenerated
      This element is automatically generated by MyBatis Generator, do not modify.
      This element was generated on Sat Jan 07 10:43:38 CST 2017.
    -->
    insert into TB_RESOURCE_SALES_PRICE
    <trim prefix="(" suffix=")" suffixOverrides="," >
      <if test="id != null" >
        ID,
      </if>
      <if test="resourceId != null" >
        RESOURCE_ID,
      </if>
      <if test="suppliersId != null" >
        SUPPLIERS_ID,
      </if>
      <if test="salePrice != null" >
        SALE_PRICE,
      </if>
      <if test="packagePrice != null" >
        PACKAGE_PRICE,
      </if>
      <if test="settlementPrice != null" >
        SETTLEMENT_PRICE,
      </if>
      <if test="currency != null" >
        CURRENCY,
      </if>
      <if test="saledate != null" >
        SALEDATE,
      </if>
      <if test="guid != null" >
        GUID,
      </if>
      <if test="createTime != null" >
        CREATE_TIME,
      </if>
      <if test="createUser != null" >
        CREATE_USER,
      </if>
      <if test="updateTime != null" >
        UPDATE_TIME,
      </if>
      <if test="updateUser != null" >
        UPDATE_USER,
      </if>
    </trim>
    <trim prefix="values (" suffix=")" suffixOverrides="," >
      <if test="id != null" >
        #{id,jdbcType=DECIMAL},
      </if>
      <if test="resourceId != null" >
        #{resourceId,jdbcType=DECIMAL},
      </if>
      <if test="suppliersId != null" >
        #{suppliersId,jdbcType=DECIMAL},
      </if>
      <if test="salePrice != null" >
        #{salePrice,jdbcType=DECIMAL},
      </if>
      <if test="packagePrice != null" >
        #{packagePrice,jdbcType=DECIMAL},
      </if>
      <if test="settlementPrice != null" >
        #{settlementPrice,jdbcType=DECIMAL},
      </if>
      <if test="currency != null" >
        #{currency,jdbcType=VARCHAR},
      </if>
      <if test="saledate != null" >
        #{saledate,jdbcType=TIMESTAMP},
      </if>
      <if test="guid != null" >
        #{guid,jdbcType=VARCHAR},
      </if>
      <if test="createTime != null" >
        #{createTime,jdbcType=TIMESTAMP},
      </if>
      <if test="createUser != null" >
        #{createUser,jdbcType=DECIMAL},
      </if>
      <if test="updateTime != null" >
        #{updateTime,jdbcType=TIMESTAMP},
      </if>
      <if test="updateUser != null" >
        #{updateUser,jdbcType=DECIMAL},
      </if>
    </trim>
  </insert>
  <update id="updateByPrimaryKeySelective" parameterType="com.spring.scenic.resource.domain.ResourceSalesPrice" >
    <!--
      WARNING - @mbggenerated
      This element is automatically generated by MyBatis Generator, do not modify.
      This element was generated on Sat Jan 07 10:43:38 CST 2017.
    -->
    update TB_RESOURCE_SALES_PRICE
    <set >
      <if test="resourceId != null" >
        RESOURCE_ID = #{resourceId,jdbcType=DECIMAL},
      </if>
      <if test="suppliersId != null" >
        SUPPLIERS_ID = #{suppliersId,jdbcType=DECIMAL},
      </if>
      <if test="salePrice != null" >
        SALE_PRICE = #{salePrice,jdbcType=DECIMAL},
      </if>
      <if test="packagePrice != null" >
        PACKAGE_PRICE = #{packagePrice,jdbcType=DECIMAL},
      </if>
      <if test="settlementPrice != null" >
        SETTLEMENT_PRICE = #{settlementPrice,jdbcType=DECIMAL},
      </if>
      <if test="currency != null" >
        CURRENCY = #{currency,jdbcType=VARCHAR},
      </if>
      <if test="saledate != null" >
        SALEDATE = #{saledate,jdbcType=TIMESTAMP},
      </if>
      <if test="guid != null" >
        GUID = #{guid,jdbcType=VARCHAR},
      </if>
      <if test="createTime != null" >
        CREATE_TIME = #{createTime,jdbcType=TIMESTAMP},
      </if>
      <if test="createUser != null" >
        CREATE_USER = #{createUser,jdbcType=DECIMAL},
      </if>
      <if test="updateTime != null" >
        UPDATE_TIME = #{updateTime,jdbcType=TIMESTAMP},
      </if>
      <if test="updateUser != null" >
        UPDATE_USER = #{updateUser,jdbcType=DECIMAL},
      </if>
    </set>
    where ID = #{id,jdbcType=DECIMAL}
  </update>
  <update id="updateByPrimaryKey" parameterType="com.spring.scenic.resource.domain.ResourceSalesPrice" >
    <!--
      WARNING - @mbggenerated
      This element is automatically generated by MyBatis Generator, do not modify.
      This element was generated on Sat Jan 07 10:43:38 CST 2017.
    -->
    update TB_RESOURCE_SALES_PRICE
    set RESOURCE_ID = #{resourceId,jdbcType=DECIMAL},
      SUPPLIERS_ID = #{suppliersId,jdbcType=DECIMAL},
      SALE_PRICE = #{salePrice,jdbcType=DECIMAL},
      PACKAGE_PRICE = #{packagePrice,jdbcType=DECIMAL},
      SETTLEMENT_PRICE = #{settlementPrice,jdbcType=DECIMAL},
      CURRENCY = #{currency,jdbcType=VARCHAR},
      SALEDATE = #{saledate,jdbcType=TIMESTAMP},
      GUID = #{guid,jdbcType=VARCHAR},
      CREATE_TIME = #{createTime,jdbcType=TIMESTAMP},
      CREATE_USER = #{createUser,jdbcType=DECIMAL},
      UPDATE_TIME = #{updateTime,jdbcType=TIMESTAMP},
      UPDATE_USER = #{updateUser,jdbcType=DECIMAL}
    where ID = #{id,jdbcType=DECIMAL}
  </update>
</mapper>