<?xml version="1.0" encoding="UTF-8" ?>
<!DOCTYPE mapper PUBLIC "-//mybatis.org//DTD Mapper 3.0//EN" "http://mybatis.org/dtd/mybatis-3-mapper.dtd" >
<mapper namespace="com.spring.scenic.resource.infrastructure.ResourceInventorysMapper" >
  <resultMap id="BaseResultMap" type="com.spring.scenic.resource.domain.ResourceInventorys" >
    <!--
      WARNING - @mbggenerated
      This element is automatically generated by MyBatis Generator, do not modify.
      This element was generated on Sat Jan 07 10:43:38 CST 2017.
    -->
    <id column="ID" property="id" jdbcType="DECIMAL" />
    <result column="RESOURCE_ID" property="resourceId" jdbcType="DECIMAL" />
    <result column="INVENTORY_MODE" property="inventoryMode" jdbcType="DECIMAL" />
    <result column="TOTAL_INVENTORY" property="totalInventory" jdbcType="DECIMAL" />
    <result column="TOTAL_INVENTORY_USED" property="totalInventoryUsed" jdbcType="DECIMAL" />
    <result column="SALE_START_DATE" property="saleStartDate" jdbcType="TIMESTAMP" />
    <result column="SALE_END_DATE" property="saleEndDate" jdbcType="TIMESTAMP" />
    <result column="DAILY_INVENTORY_MODE" property="dailyInventoryMode" jdbcType="VARCHAR" />
    <result column="GUID" property="guid" jdbcType="VARCHAR" />
    <result column="CREATE_TIME" property="createTime" jdbcType="TIMESTAMP" />
    <result column="CREATE_USER" property="createUser" jdbcType="DECIMAL" />
    <result column="UPDATE_TIME" property="updateTime" jdbcType="TIMESTAMP" />
    <result column="UPDATE_USER" property="updateUser" jdbcType="DECIMAL" />
  </resultMap>
  <sql id="Base_Column_List" >
    <!--
      WARNING - @mbggenerated
      This element is automatically generated by MyBatis Generator, do not modify.
      This element was generated on Sat Jan 07 10:43:38 CST 2017.
    -->
    ID, RESOURCE_ID, INVENTORY_MODE, TOTAL_INVENTORY, TOTAL_INVENTORY_USED, SALE_START_DATE, 
    SALE_END_DATE, DAILY_INVENTORY_MODE, GUID, CREATE_TIME, CREATE_USER, UPDATE_TIME, 
    UPDATE_USER
  </sql>
  <select id="selectByPrimaryKey" resultMap="BaseResultMap" parameterType="java.lang.Long" >
    <!--
      WARNING - @mbggenerated
      This element is automatically generated by MyBatis Generator, do not modify.
      This element was generated on Sat Jan 07 10:43:38 CST 2017.
    -->
    select 
    <include refid="Base_Column_List" />
    from TB_RESOURCE_INVENTORYS
    where ID = #{id,jdbcType=DECIMAL}
  </select>
  <delete id="deleteByPrimaryKey" parameterType="java.lang.Long" >
    <!--
      WARNING - @mbggenerated
      This element is automatically generated by MyBatis Generator, do not modify.
      This element was generated on Sat Jan 07 10:43:38 CST 2017.
    -->
    delete from TB_RESOURCE_INVENTORYS
    where ID = #{id,jdbcType=DECIMAL}
  </delete>
  <insert id="insert" parameterType="com.spring.scenic.resource.domain.ResourceInventorys" >
    <!--
      WARNING - @mbggenerated
      This element is automatically generated by MyBatis Generator, do not modify.
      This element was generated on Sat Jan 07 10:43:38 CST 2017.
    -->
    insert into TB_RESOURCE_INVENTORYS (ID, RESOURCE_ID, INVENTORY_MODE, 
      TOTAL_INVENTORY, TOTAL_INVENTORY_USED, SALE_START_DATE, 
      SALE_END_DATE, DAILY_INVENTORY_MODE, GUID, 
      CREATE_TIME, CREATE_USER, UPDATE_TIME, 
      UPDATE_USER)
    values (#{id,jdbcType=DECIMAL}, #{resourceId,jdbcType=DECIMAL}, #{inventoryMode,jdbcType=DECIMAL}, 
      #{totalInventory,jdbcType=DECIMAL}, #{totalInventoryUsed,jdbcType=DECIMAL}, #{saleStartDate,jdbcType=TIMESTAMP}, 
      #{saleEndDate,jdbcType=TIMESTAMP}, #{dailyInventoryMode,jdbcType=VARCHAR}, #{guid,jdbcType=VARCHAR}, 
      #{createTime,jdbcType=TIMESTAMP}, #{createUser,jdbcType=DECIMAL}, #{updateTime,jdbcType=TIMESTAMP}, 
      #{updateUser,jdbcType=DECIMAL})
  </insert>
  <insert id="insertSelective" parameterType="com.spring.scenic.resource.domain.ResourceInventorys" >
    <!--
      WARNING - @mbggenerated
      This element is automatically generated by MyBatis Generator, do not modify.
      This element was generated on Sat Jan 07 10:43:38 CST 2017.
    -->
    insert into TB_RESOURCE_INVENTORYS
    <trim prefix="(" suffix=")" suffixOverrides="," >
      <if test="id != null" >
        ID,
      </if>
      <if test="resourceId != null" >
        RESOURCE_ID,
      </if>
      <if test="inventoryMode != null" >
        INVENTORY_MODE,
      </if>
      <if test="totalInventory != null" >
        TOTAL_INVENTORY,
      </if>
      <if test="totalInventoryUsed != null" >
        TOTAL_INVENTORY_USED,
      </if>
      <if test="saleStartDate != null" >
        SALE_START_DATE,
      </if>
      <if test="saleEndDate != null" >
        SALE_END_DATE,
      </if>
      <if test="dailyInventoryMode != null" >
        DAILY_INVENTORY_MODE,
      </if>
      <if test="guid != null" >
        GUID,
      </if>
      <if test="createTime != null" >
        CREATE_TIME,
      </if>
      <if test="createUser != null" >
        CREATE_USER,
      </if>
      <if test="updateTime != null" >
        UPDATE_TIME,
      </if>
      <if test="updateUser != null" >
        UPDATE_USER,
      </if>
    </trim>
    <trim prefix="values (" suffix=")" suffixOverrides="," >
      <if test="id != null" >
        #{id,jdbcType=DECIMAL},
      </if>
      <if test="resourceId != null" >
        #{resourceId,jdbcType=DECIMAL},
      </if>
      <if test="inventoryMode != null" >
        #{inventoryMode,jdbcType=DECIMAL},
      </if>
      <if test="totalInventory != null" >
        #{totalInventory,jdbcType=DECIMAL},
      </if>
      <if test="totalInventoryUsed != null" >
        #{totalInventoryUsed,jdbcType=DECIMAL},
      </if>
      <if test="saleStartDate != null" >
        #{saleStartDate,jdbcType=TIMESTAMP},
      </if>
      <if test="saleEndDate != null" >
        #{saleEndDate,jdbcType=TIMESTAMP},
      </if>
      <if test="dailyInventoryMode != null" >
        #{dailyInventoryMode,jdbcType=VARCHAR},
      </if>
      <if test="guid != null" >
        #{guid,jdbcType=VARCHAR},
      </if>
      <if test="createTime != null" >
        #{createTime,jdbcType=TIMESTAMP},
      </if>
      <if test="createUser != null" >
        #{createUser,jdbcType=DECIMAL},
      </if>
      <if test="updateTime != null" >
        #{updateTime,jdbcType=TIMESTAMP},
      </if>
      <if test="updateUser != null" >
        #{updateUser,jdbcType=DECIMAL},
      </if>
    </trim>
  </insert>
  <update id="updateByPrimaryKeySelective" parameterType="com.spring.scenic.resource.domain.ResourceInventorys" >
    <!--
      WARNING - @mbggenerated
      This element is automatically generated by MyBatis Generator, do not modify.
      This element was generated on Sat Jan 07 10:43:38 CST 2017.
    -->
    update TB_RESOURCE_INVENTORYS
    <set >
      <if test="resourceId != null" >
        RESOURCE_ID = #{resourceId,jdbcType=DECIMAL},
      </if>
      <if test="inventoryMode != null" >
        INVENTORY_MODE = #{inventoryMode,jdbcType=DECIMAL},
      </if>
      <if test="totalInventory != null" >
        TOTAL_INVENTORY = #{totalInventory,jdbcType=DECIMAL},
      </if>
      <if test="totalInventoryUsed != null" >
        TOTAL_INVENTORY_USED = #{totalInventoryUsed,jdbcType=DECIMAL},
      </if>
      <if test="saleStartDate != null" >
        SALE_START_DATE = #{saleStartDate,jdbcType=TIMESTAMP},
      </if>
      <if test="saleEndDate != null" >
        SALE_END_DATE = #{saleEndDate,jdbcType=TIMESTAMP},
      </if>
      <if test="dailyInventoryMode != null" >
        DAILY_INVENTORY_MODE = #{dailyInventoryMode,jdbcType=VARCHAR},
      </if>
      <if test="guid != null" >
        GUID = #{guid,jdbcType=VARCHAR},
      </if>
      <if test="createTime != null" >
        CREATE_TIME = #{createTime,jdbcType=TIMESTAMP},
      </if>
      <if test="createUser != null" >
        CREATE_USER = #{createUser,jdbcType=DECIMAL},
      </if>
      <if test="updateTime != null" >
        UPDATE_TIME = #{updateTime,jdbcType=TIMESTAMP},
      </if>
      <if test="updateUser != null" >
        UPDATE_USER = #{updateUser,jdbcType=DECIMAL},
      </if>
    </set>
    where ID = #{id,jdbcType=DECIMAL}
  </update>
  <update id="updateByPrimaryKey" parameterType="com.spring.scenic.resource.domain.ResourceInventorys" >
    <!--
      WARNING - @mbggenerated
      This element is automatically generated by MyBatis Generator, do not modify.
      This element was generated on Sat Jan 07 10:43:38 CST 2017.
    -->
    update TB_RESOURCE_INVENTORYS
    set RESOURCE_ID = #{resourceId,jdbcType=DECIMAL},
      INVENTORY_MODE = #{inventoryMode,jdbcType=DECIMAL},
      TOTAL_INVENTORY = #{totalInventory,jdbcType=DECIMAL},
      TOTAL_INVENTORY_USED = #{totalInventoryUsed,jdbcType=DECIMAL},
      SALE_START_DATE = #{saleStartDate,jdbcType=TIMESTAMP},
      SALE_END_DATE = #{saleEndDate,jdbcType=TIMESTAMP},
      DAILY_INVENTORY_MODE = #{dailyInventoryMode,jdbcType=VARCHAR},
      GUID = #{guid,jdbcType=VARCHAR},
      CREATE_TIME = #{createTime,jdbcType=TIMESTAMP},
      CREATE_USER = #{createUser,jdbcType=DECIMAL},
      UPDATE_TIME = #{updateTime,jdbcType=TIMESTAMP},
      UPDATE_USER = #{updateUser,jdbcType=DECIMAL}
    where ID = #{id,jdbcType=DECIMAL}
  </update>
</mapper>