<?xml version="1.0" encoding="UTF-8" ?>
<!DOCTYPE mapper PUBLIC "-//mybatis.org//DTD Mapper 3.0//EN" "http://mybatis.org/dtd/mybatis-3-mapper.dtd" >
<mapper namespace="com.spring.scenic.resource.infrastructure.SuppliersDocumentMapper" >
  <resultMap id="BaseResultMap" type="com.spring.scenic.resource.domain.SuppliersDocument" >
    <!--
      WARNING - @mbggenerated
      This element is automatically generated by MyBatis Generator, do not modify.
      This element was generated on Sat Jan 07 10:43:38 CST 2017.
    -->
    <id column="ID" property="id" jdbcType="DECIMAL" />
    <result column="NAME" property="name" jdbcType="VARCHAR" />
    <result column="VALID" property="valid" jdbcType="DECIMAL" />
    <result column="VALIDDATE" property="validdate" jdbcType="TIMESTAMP" />
    <result column="DOCUMENT_URL" property="documentUrl" jdbcType="VARCHAR" />
    <result column="DOCUMENT_TYPE" property="documentType" jdbcType="DECIMAL" />
    <result column="SUPPLIERS_ID" property="suppliersId" jdbcType="DECIMAL" />
    <result column="GUID" property="guid" jdbcType="VARCHAR" />
    <result column="CREATE_TIME" property="createTime" jdbcType="TIMESTAMP" />
    <result column="CREATE_USER" property="createUser" jdbcType="DECIMAL" />
    <result column="UPDATE_TIME" property="updateTime" jdbcType="TIMESTAMP" />
    <result column="UPDATE_USER" property="updateUser" jdbcType="DECIMAL" />
  </resultMap>
  <sql id="Base_Column_List" >
    <!--
      WARNING - @mbggenerated
      This element is automatically generated by MyBatis Generator, do not modify.
      This element was generated on Sat Jan 07 10:43:38 CST 2017.
    -->
    ID, NAME, VALID, VALIDDATE, DOCUMENT_URL, DOCUMENT_TYPE, SUPPLIERS_ID, GUID, CREATE_TIME, 
    CREATE_USER, UPDATE_TIME, UPDATE_USER
  </sql>
  <select id="selectByPrimaryKey" resultMap="BaseResultMap" parameterType="java.lang.Integer" >
    <!--
      WARNING - @mbggenerated
      This element is automatically generated by MyBatis Generator, do not modify.
      This element was generated on Sat Jan 07 10:43:38 CST 2017.
    -->
    select 
    <include refid="Base_Column_List" />
    from TB_SUPPLIERS_DOCUMENT
    where ID = #{id,jdbcType=DECIMAL}
  </select>
  <delete id="deleteByPrimaryKey" parameterType="java.lang.Integer" >
    <!--
      WARNING - @mbggenerated
      This element is automatically generated by MyBatis Generator, do not modify.
      This element was generated on Sat Jan 07 10:43:38 CST 2017.
    -->
    delete from TB_SUPPLIERS_DOCUMENT
    where ID = #{id,jdbcType=DECIMAL}
  </delete>
  <insert id="insert" parameterType="com.spring.scenic.resource.domain.SuppliersDocument" >
    <!--
      WARNING - @mbggenerated
      This element is automatically generated by MyBatis Generator, do not modify.
      This element was generated on Sat Jan 07 10:43:38 CST 2017.
    -->
    insert into TB_SUPPLIERS_DOCUMENT (ID, NAME, VALID, 
      VALIDDATE, DOCUMENT_URL, DOCUMENT_TYPE, 
      SUPPLIERS_ID, GUID, CREATE_TIME, 
      CREATE_USER, UPDATE_TIME, UPDATE_USER
      )
    values (#{id,jdbcType=DECIMAL}, #{name,jdbcType=VARCHAR}, #{valid,jdbcType=DECIMAL}, 
      #{validdate,jdbcType=TIMESTAMP}, #{documentUrl,jdbcType=VARCHAR}, #{documentType,jdbcType=DECIMAL}, 
      #{suppliersId,jdbcType=DECIMAL}, #{guid,jdbcType=VARCHAR}, #{createTime,jdbcType=TIMESTAMP}, 
      #{createUser,jdbcType=DECIMAL}, #{updateTime,jdbcType=TIMESTAMP}, #{updateUser,jdbcType=DECIMAL}
      )
  </insert>
  <insert id="insertSelective" parameterType="com.spring.scenic.resource.domain.SuppliersDocument" >
    <!--
      WARNING - @mbggenerated
      This element is automatically generated by MyBatis Generator, do not modify.
      This element was generated on Sat Jan 07 10:43:38 CST 2017.
    -->
    insert into TB_SUPPLIERS_DOCUMENT
    <trim prefix="(" suffix=")" suffixOverrides="," >
      <if test="id != null" >
        ID,
      </if>
      <if test="name != null" >
        NAME,
      </if>
      <if test="valid != null" >
        VALID,
      </if>
      <if test="validdate != null" >
        VALIDDATE,
      </if>
      <if test="documentUrl != null" >
        DOCUMENT_URL,
      </if>
      <if test="documentType != null" >
        DOCUMENT_TYPE,
      </if>
      <if test="suppliersId != null" >
        SUPPLIERS_ID,
      </if>
      <if test="guid != null" >
        GUID,
      </if>
      <if test="createTime != null" >
        CREATE_TIME,
      </if>
      <if test="createUser != null" >
        CREATE_USER,
      </if>
      <if test="updateTime != null" >
        UPDATE_TIME,
      </if>
      <if test="updateUser != null" >
        UPDATE_USER,
      </if>
    </trim>
    <trim prefix="values (" suffix=")" suffixOverrides="," >
      <if test="id != null" >
        #{id,jdbcType=DECIMAL},
      </if>
      <if test="name != null" >
        #{name,jdbcType=VARCHAR},
      </if>
      <if test="valid != null" >
        #{valid,jdbcType=DECIMAL},
      </if>
      <if test="validdate != null" >
        #{validdate,jdbcType=TIMESTAMP},
      </if>
      <if test="documentUrl != null" >
        #{documentUrl,jdbcType=VARCHAR},
      </if>
      <if test="documentType != null" >
        #{documentType,jdbcType=DECIMAL},
      </if>
      <if test="suppliersId != null" >
        #{suppliersId,jdbcType=DECIMAL},
      </if>
      <if test="guid != null" >
        #{guid,jdbcType=VARCHAR},
      </if>
      <if test="createTime != null" >
        #{createTime,jdbcType=TIMESTAMP},
      </if>
      <if test="createUser != null" >
        #{createUser,jdbcType=DECIMAL},
      </if>
      <if test="updateTime != null" >
        #{updateTime,jdbcType=TIMESTAMP},
      </if>
      <if test="updateUser != null" >
        #{updateUser,jdbcType=DECIMAL},
      </if>
    </trim>
  </insert>
  <update id="updateByPrimaryKeySelective" parameterType="com.spring.scenic.resource.domain.SuppliersDocument" >
    <!--
      WARNING - @mbggenerated
      This element is automatically generated by MyBatis Generator, do not modify.
      This element was generated on Sat Jan 07 10:43:38 CST 2017.
    -->
    update TB_SUPPLIERS_DOCUMENT
    <set >
      <if test="name != null" >
        NAME = #{name,jdbcType=VARCHAR},
      </if>
      <if test="valid != null" >
        VALID = #{valid,jdbcType=DECIMAL},
      </if>
      <if test="validdate != null" >
        VALIDDATE = #{validdate,jdbcType=TIMESTAMP},
      </if>
      <if test="documentUrl != null" >
        DOCUMENT_URL = #{documentUrl,jdbcType=VARCHAR},
      </if>
      <if test="documentType != null" >
        DOCUMENT_TYPE = #{documentType,jdbcType=DECIMAL},
      </if>
      <if test="suppliersId != null" >
        SUPPLIERS_ID = #{suppliersId,jdbcType=DECIMAL},
      </if>
      <if test="guid != null" >
        GUID = #{guid,jdbcType=VARCHAR},
      </if>
      <if test="createTime != null" >
        CREATE_TIME = #{createTime,jdbcType=TIMESTAMP},
      </if>
      <if test="createUser != null" >
        CREATE_USER = #{createUser,jdbcType=DECIMAL},
      </if>
      <if test="updateTime != null" >
        UPDATE_TIME = #{updateTime,jdbcType=TIMESTAMP},
      </if>
      <if test="updateUser != null" >
        UPDATE_USER = #{updateUser,jdbcType=DECIMAL},
      </if>
    </set>
    where ID = #{id,jdbcType=DECIMAL}
  </update>
  <update id="updateByPrimaryKey" parameterType="com.spring.scenic.resource.domain.SuppliersDocument" >
    <!--
      WARNING - @mbggenerated
      This element is automatically generated by MyBatis Generator, do not modify.
      This element was generated on Sat Jan 07 10:43:38 CST 2017.
    -->
    update TB_SUPPLIERS_DOCUMENT
    set NAME = #{name,jdbcType=VARCHAR},
      VALID = #{valid,jdbcType=DECIMAL},
      VALIDDATE = #{validdate,jdbcType=TIMESTAMP},
      DOCUMENT_URL = #{documentUrl,jdbcType=VARCHAR},
      DOCUMENT_TYPE = #{documentType,jdbcType=DECIMAL},
      SUPPLIERS_ID = #{suppliersId,jdbcType=DECIMAL},
      GUID = #{guid,jdbcType=VARCHAR},
      CREATE_TIME = #{createTime,jdbcType=TIMESTAMP},
      CREATE_USER = #{createUser,jdbcType=DECIMAL},
      UPDATE_TIME = #{updateTime,jdbcType=TIMESTAMP},
      UPDATE_USER = #{updateUser,jdbcType=DECIMAL}
    where ID = #{id,jdbcType=DECIMAL}
  </update>
</mapper>