<?xml version="1.0" encoding="UTF-8" ?>
<!DOCTYPE mapper PUBLIC "-//mybatis.org//DTD Mapper 3.0//EN" "http://mybatis.org/dtd/mybatis-3-mapper.dtd" >
<mapper namespace="com.spring.scenic.resource.infrastructure.SuppliersContractMapper" >
  <resultMap id="BaseResultMap" type="com.spring.scenic.resource.domain.SuppliersContract" >
    <id column="ID" property="id" jdbcType="DECIMAL" />
    <result column="CODE" property="code" jdbcType="VARCHAR" />
    <result column="NAME" property="name" jdbcType="VARCHAR" />
    <result column="SIGNDATE" property="signdate" jdbcType="TIMESTAMP" />
    <result column="VALIDDATE" property="validdate" jdbcType="TIMESTAMP" />
    <result column="CONTRACT_URL" property="contractUrl" jdbcType="VARCHAR" />
    <result column="SUPPLIERS_ID" property="suppliersId" jdbcType="DECIMAL" />
    <result column="VALID" property="valid" jdbcType="DECIMAL" />
    <result column="GUID" property="guid" jdbcType="VARCHAR" />
    <result column="CREATE_TIME" property="createTime" jdbcType="TIMESTAMP" />
    <result column="CREATE_USER" property="createUser" jdbcType="DECIMAL" />
    <result column="UPDATE_TIME" property="updateTime" jdbcType="TIMESTAMP" />
    <result column="UPDATE_USER" property="updateUser" jdbcType="DECIMAL" />
    <result column="UPDATE_USER_NAME" property="updateUserName" jdbcType="VARCHAR" />
  </resultMap>
  
  <sql id="Base_Column_List" >
    M.ID, M.CODE, M.NAME, M.SIGNDATE, M.VALIDDATE, M.CONTRACT_URL, M.SUPPLIERS_ID, M.VALID, M.GUID, M.CREATE_TIME, 
    M.CREATE_USER, M.UPDATE_TIME, M.UPDATE_USER
  </sql>
  
  <sql id="BaseColumnListMaterialAuthorizedUpdateUserName" >
    U.TRUENAME UPDATE_USER_NAME
  </sql>
  <!-- 查询供应商合同信息列表 -->
   <select id="getSuppliersContrctList" resultMap="BaseResultMap" parameterType="com.spring.scenic.resource.domain.SuppliersContract" >
    select 
    <include refid="Base_Column_List" />
    ,
    <include refid="BaseColumnListMaterialAuthorizedUpdateUserName" />
    from TB_SUPPLIERS_CONTRACT M
    left join TB_AUTH_USER U
    on M.UPDATE_USER = U.ID
    where 1=1
    <if test="suppliersId!=null and id!=0">
		AND M.SUPPLIERS_ID = #{suppliersId}
	</if>
		ORDER BY M.VALIDDATE desc
  </select>
  <select id="getSuppliersContractInfoById" resultMap="BaseResultMap" parameterType="com.spring.scenic.resource.domain.SuppliersContract" >
    select 
    <include refid="Base_Column_List" />
    from TB_SUPPLIERS_CONTRACT M
    where M.ID = #{id,jdbcType=DECIMAL}
  </select>
  <delete id="deleteByPrimaryKey" parameterType="java.lang.Integer" >
   
    delete from TB_SUPPLIERS_CONTRACT
    where ID = #{id,jdbcType=DECIMAL}
  </delete>
  <insert id="insert" parameterType="com.spring.scenic.resource.domain.SuppliersContract" >
    insert into TB_SUPPLIERS_CONTRACT (ID, CODE, NAME, 
      SIGNDATE, VALIDDATE, CONTRACT_URL, 
      SUPPLIERS_ID, VALID, GUID, 
      CREATE_TIME, CREATE_USER, UPDATE_TIME, 
      UPDATE_USER)
    values (#{id,jdbcType=DECIMAL}, #{code,jdbcType=VARCHAR}, #{name,jdbcType=VARCHAR}, 
      #{signdate,jdbcType=TIMESTAMP}, #{validdate,jdbcType=TIMESTAMP}, #{contractUrl,jdbcType=VARCHAR}, 
      #{suppliersId,jdbcType=DECIMAL}, #{valid,jdbcType=DECIMAL}, #{guid,jdbcType=VARCHAR}, 
      #{createTime,jdbcType=TIMESTAMP}, #{createUser,jdbcType=DECIMAL}, #{updateTime,jdbcType=TIMESTAMP}, 
      #{updateUser,jdbcType=DECIMAL})
  </insert>
  <!--新增供应商合同信息-->
  <insert id="addSuppliersContract" parameterType="com.spring.scenic.resource.domain.SuppliersContract" >
  	
  	<!-- 返回主键到sequence -->
    <selectKey resultType="java.lang.Integer" order="BEFORE" keyProperty="sequence">
      select SEQ_TB_SUPPLIERS_CONTRACT.NEXTVAL from dual
    </selectKey>
  	
    insert into TB_SUPPLIERS_CONTRACT
    <trim prefix="(" suffix=")" suffixOverrides="," >
      <if test="sequence != null" >
        ID,
      </if>
      <if test="code != null" >
        CODE,
      </if>
      <if test="name != null" >
        NAME,
      </if>
      <if test="signdate != null" >
        SIGNDATE,
      </if>
      <if test="validdate != null" >
        VALIDDATE,
      </if>
      <if test="contractUrl != null" >
        CONTRACT_URL,
      </if>
      <if test="suppliersId != null" >
        SUPPLIERS_ID,
      </if>
      <if test="valid != null" >
        VALID,
      </if>
      <if test="guid != null" >
        GUID,
      </if>
      <if test="createTime != null" >
        CREATE_TIME,
      </if>
      <if test="createUser != null" >
        CREATE_USER,
      </if>
      <if test="updateTime != null" >
        UPDATE_TIME,
      </if>
      <if test="updateUser != null" >
        UPDATE_USER,
      </if>
    </trim>
    <trim prefix="values (" suffix=")" suffixOverrides="," >
      <if test="sequence != null" >
        #{sequence,jdbcType=DECIMAL},
      </if>
      <if test="code != null" >
        #{code,jdbcType=VARCHAR},
      </if>
      <if test="name != null" >
        #{name,jdbcType=VARCHAR},
      </if>
      <if test="signdate != null" >
        #{signdate,jdbcType=TIMESTAMP},
      </if>
      <if test="validdate != null" >
        #{validdate,jdbcType=TIMESTAMP},
      </if>
      <if test="contractUrl != null" >
        #{contractUrl,jdbcType=VARCHAR},
      </if>
      <if test="suppliersId != null" >
        #{suppliersId,jdbcType=DECIMAL},
      </if>
      <if test="valid != null" >
        #{valid,jdbcType=DECIMAL},
      </if>
      <if test="guid != null" >
        #{guid,jdbcType=VARCHAR},
      </if>
      <if test="createTime != null" >
        #{createTime,jdbcType=TIMESTAMP},
      </if>
      <if test="createUser != null" >
        #{createUser,jdbcType=DECIMAL},
      </if>
      <if test="updateTime != null" >
        #{updateTime,jdbcType=TIMESTAMP},
      </if>
      <if test="updateUser != null" >
        #{updateUser,jdbcType=DECIMAL},
      </if>
    </trim>
  </insert>
  <update id="updateByPrimaryKeySelective" parameterType="com.spring.scenic.resource.domain.SuppliersContract" >
    <!--
      WARNING - @mbggenerated
      This element is automatically generated by MyBatis Generator, do not modify.
      This element was generated on Sat Jan 07 10:43:38 CST 2017.
    -->
    update TB_SUPPLIERS_CONTRACT
    <set >
      <if test="code != null" >
        CODE = #{code,jdbcType=VARCHAR},
      </if>
      <if test="name != null" >
        NAME = #{name,jdbcType=VARCHAR},
      </if>
      <if test="signdate != null" >
        SIGNDATE = #{signdate,jdbcType=TIMESTAMP},
      </if>
      <if test="validdate != null" >
        VALIDDATE = #{validdate,jdbcType=TIMESTAMP},
      </if>
      <if test="contractUrl != null" >
        CONTRACT_URL = #{contractUrl,jdbcType=VARCHAR},
      </if>
      <if test="suppliersId != null" >
        SUPPLIERS_ID = #{suppliersId,jdbcType=DECIMAL},
      </if>
      <if test="valid != null" >
        VALID = #{valid,jdbcType=DECIMAL},
      </if>
      <if test="guid != null" >
        GUID = #{guid,jdbcType=VARCHAR},
      </if>
      <if test="createTime != null" >
        CREATE_TIME = #{createTime,jdbcType=TIMESTAMP},
      </if>
      <if test="createUser != null" >
        CREATE_USER = #{createUser,jdbcType=DECIMAL},
      </if>
      <if test="updateTime != null" >
        UPDATE_TIME = #{updateTime,jdbcType=TIMESTAMP},
      </if>
      <if test="updateUser != null" >
        UPDATE_USER = #{updateUser,jdbcType=DECIMAL},
      </if>
    </set>
    where ID = #{id,jdbcType=DECIMAL}
  </update>
  <update id="updateSuppliersContract" parameterType="com.spring.scenic.resource.domain.SuppliersContract" >
    update TB_SUPPLIERS_CONTRACT
   	  <set>
      CODE = #{code,jdbcType=VARCHAR},
      NAME = #{name,jdbcType=VARCHAR},
      SIGNDATE = #{signdate,jdbcType=TIMESTAMP},
      VALIDDATE = #{validdate,jdbcType=TIMESTAMP},
      CONTRACT_URL = #{contractUrl,jdbcType=VARCHAR},
      SUPPLIERS_ID = #{suppliersId,jdbcType=DECIMAL},
      VALID = #{valid,jdbcType=DECIMAL},
      GUID = #{guid,jdbcType=VARCHAR},
      CREATE_TIME = #{createTime,jdbcType=TIMESTAMP},
      CREATE_USER = #{createUser,jdbcType=DECIMAL},
      UPDATE_TIME = #{updateTime,jdbcType=TIMESTAMP},
      UPDATE_USER = #{updateUser,jdbcType=DECIMAL}
      </set>
    where ID = #{id,jdbcType=DECIMAL}
  </update>
</mapper>