<?xml version="1.0" encoding="UTF-8" ?>
<!DOCTYPE mapper PUBLIC "-//mybatis.org//DTD Mapper 3.0//EN" "http://mybatis.org/dtd/mybatis-3-mapper.dtd" >
<mapper namespace="com.spring.scenic.resource.infrastructure.SuppliersProductTypeMapper" >
  <resultMap id="BaseResultMap" type="com.spring.scenic.resource.domain.SuppliersProductType" >
    <id column="ID" property="id" jdbcType="DECIMAL" />
    <result column="TYPE" property="type" jdbcType="VARCHAR" />
    <result column="SUPPLIERS_ID" property="suppliersId" jdbcType="DECIMAL" />
    <result column="CREATE_TIME" property="createTime" jdbcType="TIMESTAMP" />
    <result column="CREATE_USER" property="createUser" jdbcType="DECIMAL" />
    <result column="UPDATE_TIME" property="updateTime" jdbcType="TIMESTAMP" />
    <result column="UPDATE_USER" property="updateUser" jdbcType="DECIMAL" />
  </resultMap>
  <sql id="Base_Column_List" >
    ID, TYPE, SUPPLIERS_ID, CREATE_TIME, CREATE_USER, UPDATE_TIME, UPDATE_USER
  </sql>
  <!--查询供应商的产品信息-->
  <select id="getProductList" resultMap="BaseResultMap" parameterType="com.spring.scenic.resource.domain.Suppliers" >
    select 
    <include refid="Base_Column_List" />
    from TB_SUPPLIERS_PRODUCT_TYPE
    where SUPPLIERS_ID = #{id,jdbcType=DECIMAL}
  </select>
  <delete id="deleteByPrimaryKey" parameterType="java.lang.Integer" >
    delete from TB_SUPPLIERS_PRODUCT_TYPE
    where ID = #{id,jdbcType=DECIMAL}
  </delete>
  <!-- 删除供应商的产品 -->
  <delete id="deleteBysuppliersId" parameterType="com.spring.scenic.resource.domain.Suppliers" >
    delete from TB_SUPPLIERS_PRODUCT_TYPE
    where SUPPLIERS_ID = #{id,jdbcType=DECIMAL}
  </delete>
  <!-- 批量保存供应商产品 -->
  <insert id="insertProductByBatch" parameterType="java.util.List" >
    insert into TB_SUPPLIERS_PRODUCT_TYPE (ID,SUPPLIERS_ID,TYPE,CREATE_TIME,CREATE_USER,UPDATE_TIME,UPDATE_USER)
    	SELECT SEQ_TB_SUPPLIERS_PRODUCT_TYPE.NEXTVAL, A.* FROM(
	    	<foreach collection="list" item="item" index="index" separator="union all" >
			SELECT #{item.suppliersId}
			<if test="item.type!=null">
				,#{item.type}
			</if>
			<if test="item.type==null">
				,null type
			</if>
			
			<if test="item.createTime!=null">
				,#{item.createTime}
			</if>
			<if test="item.createTime==null">
				,null createTime
			</if>
			
			<if test="item.createUser!=null">
				,#{item.createUser}
			</if>
			<if test="item.createUser==null">
				,null createUser
			</if>
			
			<if test="item.updateTime!=null">
				,#{item.updateTime}
			</if>
			<if test="item.updateTime==null">
				,null updateTime
			</if>

			<if test="item.updateUser!=null">
				,#{item.updateUser}
			</if>
			<if test="item.updateUser==null">
				,null updateUser
			</if>
			 FROM dual
			</foreach>
		)A
  </insert>
  
  <insert id="insert" parameterType="com.spring.scenic.resource.domain.SuppliersProductType" >
    <!--
      WARNING - @mbggenerated
      This element is automatically generated by MyBatis Generator, do not modify.
      This element was generated on Sat Jan 07 10:43:38 CST 2017.
    -->
    insert into TB_SUPPLIERS_PRODUCT_TYPE (ID, TYPE, SUPPLIERS_ID, 
      CREATE_TIME, CREATE_USER, UPDATE_TIME, 
      UPDATE_USER)
    values (#{id,jdbcType=DECIMAL}, #{type,jdbcType=VARCHAR}, #{suppliersId,jdbcType=DECIMAL}, 
      #{createTime,jdbcType=TIMESTAMP}, #{createUser,jdbcType=DECIMAL}, #{updateTime,jdbcType=TIMESTAMP}, 
      #{updateUser,jdbcType=DECIMAL})
  </insert>
  <insert id="insertSelective" parameterType="com.spring.scenic.resource.domain.SuppliersProductType" >
    <!--
      WARNING - @mbggenerated
      This element is automatically generated by MyBatis Generator, do not modify.
      This element was generated on Sat Jan 07 10:43:38 CST 2017.
    -->
    insert into TB_SUPPLIERS_PRODUCT_TYPE
    <trim prefix="(" suffix=")" suffixOverrides="," >
      <if test="id != null" >
        ID,
      </if>
      <if test="type != null" >
        TYPE,
      </if>
      <if test="suppliersId != null" >
        SUPPLIERS_ID,
      </if>
      <if test="createTime != null" >
        CREATE_TIME,
      </if>
      <if test="createUser != null" >
        CREATE_USER,
      </if>
      <if test="updateTime != null" >
        UPDATE_TIME,
      </if>
      <if test="updateUser != null" >
        UPDATE_USER,
      </if>
    </trim>
    <trim prefix="values (" suffix=")" suffixOverrides="," >
      <if test="id != null" >
        #{id,jdbcType=DECIMAL},
      </if>
      <if test="type != null" >
        #{type,jdbcType=VARCHAR},
      </if>
      <if test="suppliersId != null" >
        #{suppliersId,jdbcType=DECIMAL},
      </if>
      <if test="createTime != null" >
        #{createTime,jdbcType=TIMESTAMP},
      </if>
      <if test="createUser != null" >
        #{createUser,jdbcType=DECIMAL},
      </if>
      <if test="updateTime != null" >
        #{updateTime,jdbcType=TIMESTAMP},
      </if>
      <if test="updateUser != null" >
        #{updateUser,jdbcType=DECIMAL},
      </if>
    </trim>
  </insert>
  <update id="updateByPrimaryKeySelective" parameterType="com.spring.scenic.resource.domain.SuppliersProductType" >
    <!--
      WARNING - @mbggenerated
      This element is automatically generated by MyBatis Generator, do not modify.
      This element was generated on Sat Jan 07 10:43:38 CST 2017.
    -->
    update TB_SUPPLIERS_PRODUCT_TYPE
    <set >
      <if test="type != null" >
        TYPE = #{type,jdbcType=VARCHAR},
      </if>
      <if test="suppliersId != null" >
        SUPPLIERS_ID = #{suppliersId,jdbcType=DECIMAL},
      </if>
      <if test="createTime != null" >
        CREATE_TIME = #{createTime,jdbcType=TIMESTAMP},
      </if>
      <if test="createUser != null" >
        CREATE_USER = #{createUser,jdbcType=DECIMAL},
      </if>
      <if test="updateTime != null" >
        UPDATE_TIME = #{updateTime,jdbcType=TIMESTAMP},
      </if>
      <if test="updateUser != null" >
        UPDATE_USER = #{updateUser,jdbcType=DECIMAL},
      </if>
    </set>
    where ID = #{id,jdbcType=DECIMAL}
  </update>
  <update id="updateByPrimaryKey" parameterType="com.spring.scenic.resource.domain.SuppliersProductType" >
    <!--
      WARNING - @mbggenerated
      This element is automatically generated by MyBatis Generator, do not modify.
      This element was generated on Sat Jan 07 10:43:38 CST 2017.
    -->
    update TB_SUPPLIERS_PRODUCT_TYPE
    set TYPE = #{type,jdbcType=VARCHAR},
      SUPPLIERS_ID = #{suppliersId,jdbcType=DECIMAL},
      CREATE_TIME = #{createTime,jdbcType=TIMESTAMP},
      CREATE_USER = #{createUser,jdbcType=DECIMAL},
      UPDATE_TIME = #{updateTime,jdbcType=TIMESTAMP},
      UPDATE_USER = #{updateUser,jdbcType=DECIMAL}
    where ID = #{id,jdbcType=DECIMAL}
  </update>
</mapper>