<?xml version="1.0" encoding="UTF-8" ?>
<!DOCTYPE mapper PUBLIC "-//mybatis.org//DTD Mapper 3.0//EN" "http://mybatis.org/dtd/mybatis-3-mapper.dtd" >
<mapper namespace="com.spring.scenic.resource.infrastructure.SuppliersSingleMapper" >
  <resultMap id="BaseResultMap" type="com.spring.scenic.resource.domain.SuppliersSingle" >
    <!--
      WARNING - @mbggenerated
      This element is automatically generated by MyBatis Generator, do not modify.
      This element was generated on Sat Jan 07 10:43:38 CST 2017.
    -->
    <id column="ID" property="id" jdbcType="DECIMAL" />
    <result column="NAME" property="name" jdbcType="VARCHAR" />
    <result column="VALID" property="valid" jdbcType="DECIMAL" />
    <result column="TYPE" property="type" jdbcType="DECIMAL" />
    <result column="MIN_QUANTITY" property="minQuantity" jdbcType="DECIMAL" />
    <result column="MAX_QUANTITY" property="maxQuantity" jdbcType="DECIMAL" />
    <result column="ADVANCE_DAYS" property="advanceDays" jdbcType="DECIMAL" />
    <result column="ADVANCE_TIME" property="advanceTime" jdbcType="DECIMAL" />
    <result column="DESCRIPTIONS" property="descriptions" jdbcType="VARCHAR" />
    <result column="BOOK_RULES" property="bookRules" jdbcType="VARCHAR" />
    <result column="BACK_RULES" property="backRules" jdbcType="VARCHAR" />
    <result column="GUID" property="guid" jdbcType="VARCHAR" />
    <result column="SUPPLIERS_ID" property="suppliersId" jdbcType="DECIMAL" />
    <result column="RESOURCE_ID" property="resourceId" jdbcType="DECIMAL" />
    <result column="CREATE_USER" property="createUser" jdbcType="DECIMAL" />
    <result column="CREATE_TIME" property="createTime" jdbcType="TIMESTAMP" />
    <result column="UPDATE_USER" property="updateUser" jdbcType="DECIMAL" />
    <result column="UPDATE_TIME" property="updateTime" jdbcType="TIMESTAMP" />
  </resultMap>
  <sql id="Base_Column_List" >
    <!--
      WARNING - @mbggenerated
      This element is automatically generated by MyBatis Generator, do not modify.
      This element was generated on Sat Jan 07 10:43:38 CST 2017.
    -->
    ID, NAME, VALID, TYPE, MIN_QUANTITY, MAX_QUANTITY, ADVANCE_DAYS, ADVANCE_TIME, DESCRIPTIONS, 
    BOOK_RULES, BACK_RULES, GUID, SUPPLIERS_ID, RESOURCE_ID, CREATE_USER, CREATE_TIME, 
    UPDATE_USER, UPDATE_TIME
  </sql>
  <select id="selectByPrimaryKey" resultMap="BaseResultMap" parameterType="java.lang.Integer" >
    <!--
      WARNING - @mbggenerated
      This element is automatically generated by MyBatis Generator, do not modify.
      This element was generated on Sat Jan 07 10:43:38 CST 2017.
    -->
    select 
    <include refid="Base_Column_List" />
    from TB_SUPPLIERS_SINGLE
    where ID = #{id,jdbcType=DECIMAL}
  </select>
  <delete id="deleteByPrimaryKey" parameterType="java.lang.Integer" >
    <!--
      WARNING - @mbggenerated
      This element is automatically generated by MyBatis Generator, do not modify.
      This element was generated on Sat Jan 07 10:43:38 CST 2017.
    -->
    delete from TB_SUPPLIERS_SINGLE
    where ID = #{id,jdbcType=DECIMAL}
  </delete>
  <insert id="insert" parameterType="com.spring.scenic.resource.domain.SuppliersSingle" >
    <!--
      WARNING - @mbggenerated
      This element is automatically generated by MyBatis Generator, do not modify.
      This element was generated on Sat Jan 07 10:43:38 CST 2017.
    -->
    insert into TB_SUPPLIERS_SINGLE (ID, NAME, VALID, 
      TYPE, MIN_QUANTITY, MAX_QUANTITY, 
      ADVANCE_DAYS, ADVANCE_TIME, DESCRIPTIONS, 
      BOOK_RULES, BACK_RULES, GUID, 
      SUPPLIERS_ID, RESOURCE_ID, CREATE_USER, 
      CREATE_TIME, UPDATE_USER, UPDATE_TIME
      )
    values (#{id,jdbcType=DECIMAL}, #{name,jdbcType=VARCHAR}, #{valid,jdbcType=DECIMAL}, 
      #{type,jdbcType=DECIMAL}, #{minQuantity,jdbcType=DECIMAL}, #{maxQuantity,jdbcType=DECIMAL}, 
      #{advanceDays,jdbcType=DECIMAL}, #{advanceTime,jdbcType=DECIMAL}, #{descriptions,jdbcType=VARCHAR}, 
      #{bookRules,jdbcType=VARCHAR}, #{backRules,jdbcType=VARCHAR}, #{guid,jdbcType=VARCHAR}, 
      #{suppliersId,jdbcType=DECIMAL}, #{resourceId,jdbcType=DECIMAL}, #{createUser,jdbcType=DECIMAL}, 
      #{createTime,jdbcType=TIMESTAMP}, #{updateUser,jdbcType=DECIMAL}, #{updateTime,jdbcType=TIMESTAMP}
      )
  </insert>
  <insert id="insertSelective" parameterType="com.spring.scenic.resource.domain.SuppliersSingle" >
    <!--
      WARNING - @mbggenerated
      This element is automatically generated by MyBatis Generator, do not modify.
      This element was generated on Sat Jan 07 10:43:38 CST 2017.
    -->
    insert into TB_SUPPLIERS_SINGLE
    <trim prefix="(" suffix=")" suffixOverrides="," >
      <if test="id != null" >
        ID,
      </if>
      <if test="name != null" >
        NAME,
      </if>
      <if test="valid != null" >
        VALID,
      </if>
      <if test="type != null" >
        TYPE,
      </if>
      <if test="minQuantity != null" >
        MIN_QUANTITY,
      </if>
      <if test="maxQuantity != null" >
        MAX_QUANTITY,
      </if>
      <if test="advanceDays != null" >
        ADVANCE_DAYS,
      </if>
      <if test="advanceTime != null" >
        ADVANCE_TIME,
      </if>
      <if test="descriptions != null" >
        DESCRIPTIONS,
      </if>
      <if test="bookRules != null" >
        BOOK_RULES,
      </if>
      <if test="backRules != null" >
        BACK_RULES,
      </if>
      <if test="guid != null" >
        GUID,
      </if>
      <if test="suppliersId != null" >
        SUPPLIERS_ID,
      </if>
      <if test="resourceId != null" >
        RESOURCE_ID,
      </if>
      <if test="createUser != null" >
        CREATE_USER,
      </if>
      <if test="createTime != null" >
        CREATE_TIME,
      </if>
      <if test="updateUser != null" >
        UPDATE_USER,
      </if>
      <if test="updateTime != null" >
        UPDATE_TIME,
      </if>
    </trim>
    <trim prefix="values (" suffix=")" suffixOverrides="," >
      <if test="id != null" >
        #{id,jdbcType=DECIMAL},
      </if>
      <if test="name != null" >
        #{name,jdbcType=VARCHAR},
      </if>
      <if test="valid != null" >
        #{valid,jdbcType=DECIMAL},
      </if>
      <if test="type != null" >
        #{type,jdbcType=DECIMAL},
      </if>
      <if test="minQuantity != null" >
        #{minQuantity,jdbcType=DECIMAL},
      </if>
      <if test="maxQuantity != null" >
        #{maxQuantity,jdbcType=DECIMAL},
      </if>
      <if test="advanceDays != null" >
        #{advanceDays,jdbcType=DECIMAL},
      </if>
      <if test="advanceTime != null" >
        #{advanceTime,jdbcType=DECIMAL},
      </if>
      <if test="descriptions != null" >
        #{descriptions,jdbcType=VARCHAR},
      </if>
      <if test="bookRules != null" >
        #{bookRules,jdbcType=VARCHAR},
      </if>
      <if test="backRules != null" >
        #{backRules,jdbcType=VARCHAR},
      </if>
      <if test="guid != null" >
        #{guid,jdbcType=VARCHAR},
      </if>
      <if test="suppliersId != null" >
        #{suppliersId,jdbcType=DECIMAL},
      </if>
      <if test="resourceId != null" >
        #{resourceId,jdbcType=DECIMAL},
      </if>
      <if test="createUser != null" >
        #{createUser,jdbcType=DECIMAL},
      </if>
      <if test="createTime != null" >
        #{createTime,jdbcType=TIMESTAMP},
      </if>
      <if test="updateUser != null" >
        #{updateUser,jdbcType=DECIMAL},
      </if>
      <if test="updateTime != null" >
        #{updateTime,jdbcType=TIMESTAMP},
      </if>
    </trim>
  </insert>
  <update id="updateByPrimaryKeySelective" parameterType="com.spring.scenic.resource.domain.SuppliersSingle" >
    <!--
      WARNING - @mbggenerated
      This element is automatically generated by MyBatis Generator, do not modify.
      This element was generated on Sat Jan 07 10:43:38 CST 2017.
    -->
    update TB_SUPPLIERS_SINGLE
    <set >
      <if test="name != null" >
        NAME = #{name,jdbcType=VARCHAR},
      </if>
      <if test="valid != null" >
        VALID = #{valid,jdbcType=DECIMAL},
      </if>
      <if test="type != null" >
        TYPE = #{type,jdbcType=DECIMAL},
      </if>
      <if test="minQuantity != null" >
        MIN_QUANTITY = #{minQuantity,jdbcType=DECIMAL},
      </if>
      <if test="maxQuantity != null" >
        MAX_QUANTITY = #{maxQuantity,jdbcType=DECIMAL},
      </if>
      <if test="advanceDays != null" >
        ADVANCE_DAYS = #{advanceDays,jdbcType=DECIMAL},
      </if>
      <if test="advanceTime != null" >
        ADVANCE_TIME = #{advanceTime,jdbcType=DECIMAL},
      </if>
      <if test="descriptions != null" >
        DESCRIPTIONS = #{descriptions,jdbcType=VARCHAR},
      </if>
      <if test="bookRules != null" >
        BOOK_RULES = #{bookRules,jdbcType=VARCHAR},
      </if>
      <if test="backRules != null" >
        BACK_RULES = #{backRules,jdbcType=VARCHAR},
      </if>
      <if test="guid != null" >
        GUID = #{guid,jdbcType=VARCHAR},
      </if>
      <if test="suppliersId != null" >
        SUPPLIERS_ID = #{suppliersId,jdbcType=DECIMAL},
      </if>
      <if test="resourceId != null" >
        RESOURCE_ID = #{resourceId,jdbcType=DECIMAL},
      </if>
      <if test="createUser != null" >
        CREATE_USER = #{createUser,jdbcType=DECIMAL},
      </if>
      <if test="createTime != null" >
        CREATE_TIME = #{createTime,jdbcType=TIMESTAMP},
      </if>
      <if test="updateUser != null" >
        UPDATE_USER = #{updateUser,jdbcType=DECIMAL},
      </if>
      <if test="updateTime != null" >
        UPDATE_TIME = #{updateTime,jdbcType=TIMESTAMP},
      </if>
    </set>
    where ID = #{id,jdbcType=DECIMAL}
  </update>
  <update id="updateByPrimaryKey" parameterType="com.spring.scenic.resource.domain.SuppliersSingle" >
    <!--
      WARNING - @mbggenerated
      This element is automatically generated by MyBatis Generator, do not modify.
      This element was generated on Sat Jan 07 10:43:38 CST 2017.
    -->
    update TB_SUPPLIERS_SINGLE
    set NAME = #{name,jdbcType=VARCHAR},
      VALID = #{valid,jdbcType=DECIMAL},
      TYPE = #{type,jdbcType=DECIMAL},
      MIN_QUANTITY = #{minQuantity,jdbcType=DECIMAL},
      MAX_QUANTITY = #{maxQuantity,jdbcType=DECIMAL},
      ADVANCE_DAYS = #{advanceDays,jdbcType=DECIMAL},
      ADVANCE_TIME = #{advanceTime,jdbcType=DECIMAL},
      DESCRIPTIONS = #{descriptions,jdbcType=VARCHAR},
      BOOK_RULES = #{bookRules,jdbcType=VARCHAR},
      BACK_RULES = #{backRules,jdbcType=VARCHAR},
      GUID = #{guid,jdbcType=VARCHAR},
      SUPPLIERS_ID = #{suppliersId,jdbcType=DECIMAL},
      RESOURCE_ID = #{resourceId,jdbcType=DECIMAL},
      CREATE_USER = #{createUser,jdbcType=DECIMAL},
      CREATE_TIME = #{createTime,jdbcType=TIMESTAMP},
      UPDATE_USER = #{updateUser,jdbcType=DECIMAL},
      UPDATE_TIME = #{updateTime,jdbcType=TIMESTAMP}
    where ID = #{id,jdbcType=DECIMAL}
  </update>
</mapper>