<?xml version="1.0" encoding="UTF-8" ?>
<!DOCTYPE mapper PUBLIC "-//mybatis.org//DTD Mapper 3.0//EN" "http://mybatis.org/dtd/mybatis-3-mapper.dtd" >
<mapper namespace="com.spring.scenic.resource.infrastructure.SuppliersMapper" >
  <resultMap id="BaseResultMap" type="com.spring.scenic.resource.domain.Suppliers" >
    <id column="ID" property="id" jdbcType="DECIMAL" />
    <result column="NAME" property="name" jdbcType="VARCHAR" />
    <result column="CODE" property="code" jdbcType="VARCHAR" />
    <result column="REMARKS" property="remarks" jdbcType="VARCHAR" />
    <result column="VALID" property="valid" jdbcType="DECIMAL" />
    <result column="STATUS" property="status" jdbcType="DECIMAL" />
    <result column="GUID" property="guid" jdbcType="VARCHAR" />
    <result column="CREATE_TIME" property="createTime" jdbcType="TIMESTAMP" />
    <result column="CREATE_USER" property="createUser" jdbcType="DECIMAL" />
    <result column="UPDATE_TIME" property="updateTime" jdbcType="TIMESTAMP" />
    <result column="UPDATE_USER" property="updateUser" jdbcType="DECIMAL" />
    <result column="UPDATE_USER_NAME" property="updateUserName" jdbcType="VARCHAR" />
     <result column="REVIEW_VALIDITY" property="reviewValidity" jdbcType="TIMESTAMP" />
  </resultMap>
  
  <sql id="BaseSupplierColumn" >
    M.ID, M.NAME, M.CODE, M.REMARKS, M.VALID, M.STATUS, M.CHECK_IN_STATUS, M.GUID, M.CREATE_TIME, M.CREATE_USER, 
    M.UPDATE_TIME, M.UPDATE_USER
  </sql>
  <!-- 更新人 -->
  <sql id="BaseColumnListMaterialAuthorizedUpdateUserName" >
    U.TRUENAME UPDATE_USER_NAME
  </sql>
  <!-- 供应商评审有效期 -->
  <sql id="BaseColumnListReviewValidity" >
    B.VALIDDATE REVIEW_VALIDITY
  </sql>
  <!--查询供应商信息列表-->
    <select id="getSuppliersList" parameterType="com.spring.scenic.resource.domain.Suppliers"
  	resultMap="BaseResultMap">
  	select
   <include refid="BaseSupplierColumn" />
   ,
   <include refid="BaseColumnListMaterialAuthorizedUpdateUserName" />
   ,
   <include refid="BaseColumnListReviewValidity" />
    FROM tb_suppliers M
   left join TB_AUTH_USER U
   on M.UPDATE_USER = U.ID
   left join (SELECT t.*,
                    ROW_NUMBER() OVER(PARTITION BY t.SUPPLIERS_ID ORDER BY t.VALIDDATE ASC) rn
               FROM (
                     select *
                       from (select VALIDDATE,
                                     SUPPLIERS_ID,
                                     row_number() over(partition by SUPPLIERS_ID order by SIGNDATE desc) rownumber
                                from tb_suppliers_contract)
                      where rownumber = 1
                     UNION
                     select *
                       from (select VALIDDATE,
                                    SUPPLIERS_ID,
                                    row_number() over(partition by SUPPLIERS_ID order by VALIDDATE asc) rownumber
                               from tb_suppliers_document)
                      where rownumber = 1) t) B
    ON M.ID = B.SUPPLIERS_ID
    AND B.rn = 1
    where 1=1
     <if test="id!=null and id!=0">
		AND M.ID = #{id}
	</if>
	<if test="name!=null and name!=''">
	AND M.NAME LIKE '%'||TRIM(#{name})||'%'
	</if>
	<if test="valid!=null and valid!=''">
		AND M.VALID = #{valid}
	</if>
	<if test="status!=null and status!=''">
		AND M.STATUS = #{status}
	</if>
    <if test="orderByClause==null || orderByClause==''">
		ORDER BY M.CREATE_TIME desc
	</if>
	<if test="orderByClause!=null and orderByClause!=''">
		ORDER BY ${orderByClause}
	</if>
  </select>
  <select id="selectByPrimaryKey" resultMap="BaseResultMap" parameterType="java.lang.Integer" >
    select 
    <include refid="BaseSupplierColumn" />
    from TB_SUPPLIERS
    where ID = #{id,jdbcType=DECIMAL}
  </select>
  <select id="getSuppliersInfoById" resultMap="BaseResultMap" parameterType="com.spring.scenic.resource.domain.Suppliers" >
    select 
    <include refid="BaseSupplierColumn" />
    from TB_SUPPLIERS M
    where M.ID = #{id,jdbcType=DECIMAL}
  </select>
  <delete id="deleteByPrimaryKey" parameterType="java.lang.Integer" >
    delete from TB_SUPPLIERS
    where ID = #{id,jdbcType=DECIMAL}
  </delete>
  <insert id="insert" parameterType="com.spring.scenic.resource.domain.Suppliers" >
    insert into TB_SUPPLIERS (ID, NAME, CODE, 
      REMARKS, VALID, STATUS, 
      CHECK_IN_STATUS, GUID, CREATE_TIME, 
      CREATE_USER, UPDATE_TIME, UPDATE_USER
      )
    values (#{id,jdbcType=DECIMAL}, #{name,jdbcType=VARCHAR}, #{code,jdbcType=VARCHAR}, 
      #{remarks,jdbcType=VARCHAR}, #{valid,jdbcType=DECIMAL}, #{status,jdbcType=DECIMAL}, 
      #{guid,jdbcType=VARCHAR}, #{createTime,jdbcType=TIMESTAMP}, 
      #{createUser,jdbcType=DECIMAL}, #{updateTime,jdbcType=TIMESTAMP}, #{updateUser,jdbcType=DECIMAL}
      )
  </insert>
  <!-- 保存供应商信息 -->
  <insert id="addSuppliers" parameterType="com.spring.scenic.resource.domain.Suppliers" >
   
    <!-- 返回主键到sequence -->
    <selectKey resultType="java.lang.Integer" order="BEFORE" keyProperty="sequence">
      select SEQ_TB_SUPPLIERS.NEXTVAL from dual
    </selectKey>
    
    insert into TB_SUPPLIERS
    <trim prefix="(" suffix=")" suffixOverrides="," >
      <if test="sequence != null" >
        ID,
      </if>
      <if test="name != null" >
        NAME,
      </if>
      <if test="code != null" >
        CODE,
      </if>
      <if test="remarks != null" >
        REMARKS,
      </if>
      <if test="valid != null" >
        VALID,
      </if>
      <if test="status != null" >
        STATUS,
      </if>
      <if test="guid != null" >
        GUID,
      </if>
      <if test="createTime != null" >
        CREATE_TIME,
      </if>
      <if test="createUser != null" >
        CREATE_USER,
      </if>
      <if test="updateTime != null" >
        UPDATE_TIME,
      </if>
      <if test="updateUser != null" >
        UPDATE_USER,
      </if>
    </trim>
    <trim prefix="values (" suffix=")" suffixOverrides="," >
       <if test="sequence != null" >
        #{sequence,jdbcType=INTEGER},
      </if>
      <if test="name != null" >
        #{name,jdbcType=VARCHAR},
      </if>
      <if test="code != null" >
        #{code,jdbcType=VARCHAR},
      </if>
      <if test="remarks != null" >
        #{remarks,jdbcType=VARCHAR},
      </if>
      <if test="valid != null" >
        #{valid,jdbcType=DECIMAL},
      </if>
      <if test="status != null" >
        #{status,jdbcType=DECIMAL},
      </if>
      <if test="guid != null" >
        #{guid,jdbcType=VARCHAR},
      </if>
      <if test="createTime != null" >
        #{createTime,jdbcType=TIMESTAMP},
      </if>
      <if test="createUser != null" >
        #{createUser,jdbcType=DECIMAL},
      </if>
      <if test="updateTime != null" >
        #{updateTime,jdbcType=TIMESTAMP},
      </if>
      <if test="updateUser != null" >
        #{updateUser,jdbcType=DECIMAL},
      </if>
    </trim>
  </insert>
  <update id="updateByPrimaryKeySelective" parameterType="com.spring.scenic.resource.domain.Suppliers" >
    update TB_SUPPLIERS
    <set >
      <if test="name != null" >
        NAME = #{name,jdbcType=VARCHAR},
      </if>
      <if test="code != null" >
        CODE = #{code,jdbcType=VARCHAR},
      </if>
      <if test="remarks != null" >
        REMARKS = #{remarks,jdbcType=VARCHAR},
      </if>
      <if test="valid != null" >
        VALID = #{valid,jdbcType=DECIMAL},
      </if>
      <if test="status != null" >
        STATUS = #{status,jdbcType=DECIMAL},
      </if>
      <if test="guid != null" >
        GUID = #{guid,jdbcType=VARCHAR},
      </if>
      <if test="createTime != null" >
        CREATE_TIME = #{createTime,jdbcType=TIMESTAMP},
      </if>
      <if test="createUser != null" >
        CREATE_USER = #{createUser,jdbcType=DECIMAL},
      </if>
      <if test="updateTime != null" >
        UPDATE_TIME = #{updateTime,jdbcType=TIMESTAMP},
      </if>
      <if test="updateUser != null" >
        UPDATE_USER = #{updateUser,jdbcType=DECIMAL},
      </if>
    </set>
    where ID = #{id,jdbcType=DECIMAL}
  </update>
  <update id="updateByPrimaryKey" parameterType="com.spring.scenic.resource.domain.Suppliers" >
    update TB_SUPPLIERS
    <set>
      NAME = #{name,jdbcType=VARCHAR},
      CODE = #{code,jdbcType=VARCHAR},
      REMARKS = #{remarks,jdbcType=VARCHAR},
      VALID = #{valid,jdbcType=DECIMAL},
      STATUS = #{status,jdbcType=DECIMAL},
      GUID = #{guid,jdbcType=VARCHAR},
      CREATE_TIME = #{createTime,jdbcType=TIMESTAMP},
      CREATE_USER = #{createUser,jdbcType=DECIMAL},
      UPDATE_TIME = #{updateTime,jdbcType=TIMESTAMP},
      UPDATE_USER = #{updateUser,jdbcType=DECIMAL}
    </set>
    where ID = #{id,jdbcType=DECIMAL}
  </update>
  <!-- 启用禁用供应商 -->
  <update id="updateSuppliersStatus" parameterType="com.spring.scenic.resource.domain.Suppliers">
   update TB_SUPPLIERS
   <set>
    VALID = #{valid,jdbcType=DECIMAL},
    UPDATE_TIME = #{updateTime,jdbcType=TIMESTAMP},
    UPDATE_USER = #{updateUser,jdbcType=DECIMAL}
   </set>
   where ID = #{id,jdbcType=DECIMAL}
  </update>
  
  <!-- 查询供应商编码数量，校验重复 -->
  <select id="getSuppliersCodeCount" parameterType="com.spring.scenic.resource.domain.Suppliers"
	resultType="java.lang.Integer">
		select count(1) from TB_SUPPLIERS where code=#{code}
		<if test="id != null" >
		 and id != #{id}
	 	</if>
 </select>
</mapper>