<?xml version="1.0" encoding="UTF-8" ?>
<!DOCTYPE mapper PUBLIC "-//mybatis.org//DTD Mapper 3.0//EN" "http://mybatis.org/dtd/mybatis-3-mapper.dtd" >
<mapper namespace="com.spring.scenic.resource.infrastructure.SuppliersLicenseMapper" >
    <resultMap id="BaseResultMap" type="com.spring.scenic.resource.domain.SuppliersLicense" >
        <id column="ID" property="id" jdbcType="INTEGER" />
        <result column="NAME" property="name" jdbcType="VARCHAR" />
        <result column="VALID" property="valid" jdbcType="INTEGER" />
        <result column="VALIDDATE" property="validDate" jdbcType="TIMESTAMP" />
        <result column="DOCUMENT_URL" property="documentUrl" jdbcType="VARCHAR" />
        <result column="DOCUMENT_TYPE" property="documentType" jdbcType="INTEGER" />
        <result column="SUPPLIERS_ID" property="suppliersId" jdbcType="INTEGER" />
        <result column="GUID" property="guid" jdbcType="VARCHAR" />
        <result column="CREATE_TIME" property="createTime" jdbcType="TIMESTAMP" />
        <result column="CREATE_USER" property="createUser" jdbcType="INTEGER" />
        <result column="UPDATE_TIME" property="updateTime" jdbcType="TIMESTAMP" />
        <result column="UPDATE_USER" property="updateUser" jdbcType="INTEGER" />
        <result column="UPDATE_USER_NAME" property="updateUserName" jdbcType="VARCHAR" />
    </resultMap>

    <sql id="Base_Column_List" >
        M.ID, M.NAME, M.VALID, M.VALIDDATE, M.DOCUMENT_URL, M.DOCUMENT_TYPE,M.SUPPLIERS_ID,
        M.GUID, M.CREATE_TIME,M.CREATE_USER, M.UPDATE_TIME, M.UPDATE_USER
    </sql>

    <sql id="BaseColumnListMaterialAuthorizedUpdateUserName" >
        U.TRUENAME UPDATE_USER_NAME
    </sql>
    <!-- 查询供应商证照管理列表 -->
    <select id="getSuppliersLicenseList" resultMap="BaseResultMap" parameterType="com.spring.scenic.resource.domain.SuppliersLicense" >
        select
        <include refid="Base_Column_List" />
        ,
        <include refid="BaseColumnListMaterialAuthorizedUpdateUserName" />
        from TB_SUPPLIERS_DOCUMENT M
        left join TB_AUTH_USER U
        on M.UPDATE_USER = U.ID
        where 1=1
        <if test="id!=null and id!=0">
            AND M.ID = #{id}
        </if>
        <if test="suppliersId!=null and suppliersId!=0">
            AND M.SUPPLIERS_ID = #{suppliersId}
        </if>
            ORDER BY M.VALIDDATE desc
    </select>


    <delete id="deleteSuppliersLicense" parameterType="com.spring.scenic.resource.domain.SuppliersLicense" >
        <!--
          WARNING - @mbggenerated
          This element is automatically generated by MyBatis Generator, do not modify.
          This element was generated on Sat Jan 07 10:43:38 CST 2017.
        -->
        delete from TB_SUPPLIERS_DOCUMENT
        where ID = #{id,jdbcType=INTEGER}
    </delete>
    <insert id="addSuppliersLicense" parameterType="com.spring.scenic.resource.domain.SuppliersLicense" >
        <!--
          WARNING - @mbggenerated
          This element is automatically generated by MyBatis Generator, do not modify.
          This element was generated on Sat Jan 07 10:43:38 CST 2017.
        -->
        <selectKey keyProperty="id" resultType="Integer" order="BEFORE">
            select SEQ_TB_SUPPLIERS_DOCUMENT.Nextval as id from dual
        </selectKey>
        insert into TB_SUPPLIERS_DOCUMENT (
        ID,
        NAME,
        VALID,
        VALIDDATE,
        DOCUMENT_URL,
        DOCUMENT_TYPE,
        SUPPLIERS_ID,
        GUID,
        CREATE_TIME,
        CREATE_USER,
        UPDATE_TIME,
        UPDATE_USER
        )
        values (
        #{id,jdbcType=INTEGER},
        #{name,jdbcType=VARCHAR},
        #{valid,jdbcType=INTEGER},
        #{validDate,jdbcType=DATE},
        #{documentUrl,jdbcType=VARCHAR},
        #{documentType,jdbcType=INTEGER},
        #{suppliersId,jdbcType=INTEGER},
        #{guid,jdbcType=VARCHAR},
        #{createTime,jdbcType=TIMESTAMP},
        #{createUser,jdbcType=DECIMAL},
        #{updateTime,jdbcType=TIMESTAMP},
        #{updateUser,jdbcType=DECIMAL})
    </insert>

    <update id="updateSuppliersLicense" parameterType="com.spring.scenic.resource.domain.SuppliersLicense">
        update TB_SUPPLIERS_DOCUMENT set DOCUMENT_URL = null where ID = #{id,jdbcType=INTEGER}
    </update>
</mapper>