<?xml version="1.0" encoding="UTF-8" ?>
<beans xmlns="http://www.springframework.org/schema/beans"
	xmlns:xsi="http://www.w3.org/2001/XMLSchema-instance" xmlns:p="http://www.springframework.org/schema/p"
	xmlns:tx="http://www.springframework.org/schema/tx" xmlns:aop="http://www.springframework.org/schema/aop"
	xmlns:context="http://www.springframework.org/schema/context"
	xmlns:jee="http://www.springframework.org/schema/jee" xmlns:mvc="http://www.springframework.org/schema/mvc"
	xsi:schemaLocation="http://www.springframework.org/schema/beans 
						http://www.springframework.org/schema/beans/spring-beans-3.0.xsd
     					http://www.springframework.org/schema/tx 
     					http://www.springframework.org/schema/tx/spring-tx-3.0.xsd
     					http://www.springframework.org/schema/aop
     					http://www.springframework.org/schema/aop/spring-aop-3.0.xsd
     					http://www.springframework.org/schema/context 
     					http://www.springframework.org/schema/context/spring-context-3.0.xsd 
     					http://www.springframework.org/schema/mvc 
     http://www.springframework.org/schema/mvc/spring-mvc-3.0.xsd">
	
	<context:annotation-config />
	<tx:annotation-driven />
	<aop:aspectj-autoproxy /> 
	
	<!-- 扫描注解 bean -->
	<context:component-scan base-package="springfox,.." />
	<context:component-scan base-package="com.spring.scenic.security.authority" />  
	<context:component-scan base-package="com.spring.scenic.*.infrastructure" />
	<context:component-scan base-package="com.spring.scenic.*.application" />
	<context:component-scan base-package="com.spring.scenic.*.intreface.controller" /> 
	<context:component-scan base-package="com.spring.scenic.storage.*" />
	<context:component-scan base-package="com.spring.scenic.facade.*" />
  
	
	<bean class="com.spring.scenic.security.CorsConfigurerAdapter"></bean>
	
    <bean id="propertyConfigurer"
		class="org.springframework.beans.factory.config.PropertyPlaceholderConfigurer">
		<property name="locations">
			<list>
				<value>classpath:properties/runtime.properties</value>
<!-- 				<value>classpath:properties/alipay.properties</value> -->
				<value>classpath:wxpay.properties</value>
				<value>classpath:config.properties</value>
				<value>classpath:qqconnectconfig.properties</value>
			</list>
		</property>
	</bean>

	<!-- 数据源 -->
	<bean id="dataSource" class="org.apache.commons.dbcp.BasicDataSource"
		destroy-method="close">
		<property name="driverClassName">
			<value>${scenicweb.runtime.jdbc.driver}</value>
		</property>
		<property name="url">
			<value>${scenicweb.runtime.jdbc.url}</value>
		</property>
		<property name="username">
			<value>${scenicweb.runtime.jdbc.username}</value>
		</property>
		<property name="password">
			<value>${scenicweb.runtime.jdbc.password}</value>
		</property>
		<property name="testWhileIdle" value="true" />
		<!-- getConnection()时检测连接池里连接的可用性，不开启可能发生异常，开启可能影响效率 -->
		<property name="testOnBorrow" value="false" />
		<!-- 在进行returnObject对返回的connection进行validateObject校验，个人觉得对数据库连接池的管理意义不大 -->
		<property name="testOnReturn" value="false" />
        <!-- 池启动时创建的连接数量 -->
        <property name="initialSize" value="20"/>
        <!-- 同一时间可以从池分配的最多连接数量。设置为0时表示无限制。 -->
        <property name="maxActive" value="100"/>
        <!-- 池里不会被释放的最多空闲连接数量。设置为0时表示无限制。 -->
        <property name="maxIdle" value="15"/>
        <!-- 在不新建连接的条件下，池中保持空闲的最少连接数。 -->
        <property name="minIdle" value="10"/>
        <!-- 设置自动回收超时连接 -->  
        <property name="removeAbandoned" value="true" />
        <!-- 自动回收超时时间(以秒数为单位) -->  
        <property name="removeAbandonedTimeout" value="200"/>
        <!-- 设置在自动回收超时连接的时候打印连接的超时错误  --> 
        <property name="logAbandoned" value="true"/>
        <!-- 等待超时以毫秒为单位，在抛出异常之前，池等待连接被回收的最长时间（当没有可用连接时）。设置为-1表示无限等待。  -->  
        <property name="maxWait" value="1000"/>
	</bean>
	<!-- 加载Mybatis -->
	<import resource="classpath*:config/spring-mybatis.xml"/>
	
	<!-- 加载存储服务 -->
	<import resource="classpath*:config/spring-storage.xml"/>
	<!--支付宝配置 -->
<!--  	<bean id="alipayConfig" class="com.spring.scenic.pay.controller.alipay.config.AlipayConfig"> -->
<!--  		<property name="RSA_PRIVATE_KEY" value="${alipay.rsa_private_key}"/>  -->
<!--  		<property name="APPID" value="${alipay.appid}"/> -->
<!--  		<property name="NOTIFY_URL" value="${alipay.notify_url}"/> -->
<!--  		<property name="RETURN_URL" value="${alipay.return_url}"/> -->
<!--  		<property name="URL" value="${alipay.url}"/> -->
<!--  		<property name="CHARSET" value="${alipay.charset}"/> -->
<!--  		<property name="FORMAT" value="${alipay.format}"/> -->
<!--  		<property name="ALIPAY_PUBLIC_KEY" value="${alipay.alipay_public_key}"/> -->
<!--  		<property name="LOG_PATH" value="${alipay.log_path}"/> -->
<!--  		<property name="SIGNTYPE" value="${alipay.sign_type}"/> -->
<!--  	</bean> -->
 	
 	<!-- 微信配置文件类 -->
	<bean id="weixinSetting" class="com.spring.scenic.pay.controller.weixin.WeixinSetting">
		<property name="openAppId" value="${openAppId}" />
		<property name="openAppSecret" value="${openAppSecret}" />
		<property name="openAuthDomain" value="openAuthDomain" />
		<property name="wxScanLoginCallBack" value="${wxScanLoginCallBack}" />
		
		<property name="appid" value="${appid}" />
		<property name="appSecret" value="${appSecret}" />
		<property name="apikey" value="${apikey}" />
		<property name="mch_id" value="${mch_id}" />
		<property name="domain" value="${domain}" />
		<property name="pathName" value="${pathName}" />
	</bean>
	
	<bean id="taskExecutor" class="org.springframework.scheduling.concurrent.ThreadPoolTaskExecutor">
		<property name="corePoolSize" value="1"/>
		<property name="keepAliveSeconds" value="30000"/>
		<property name="maxPoolSize" value="20"/>
		<property name="queueCapacity" value="100"/>
	</bean>
</beans>