<?xml version="1.0" encoding="UTF-8" ?>
<beans xmlns="http://www.springframework.org/schema/beans"
	xmlns:xsi="http://www.w3.org/2001/XMLSchema-instance" xmlns:p="http://www.springframework.org/schema/p"
	xmlns:tx="http://www.springframework.org/schema/tx" xmlns:aop="http://www.springframework.org/schema/aop"
	xmlns:context="http://www.springframework.org/schema/context"
	xmlns:jee="http://www.springframework.org/schema/jee" xmlns:mvc="http://www.springframework.org/schema/mvc"
	xsi:schemaLocation="http://www.springframework.org/schema/beans 
						http://www.springframework.org/schema/beans/spring-beans-3.0.xsd
     					http://www.springframework.org/schema/tx 
     					http://www.springframework.org/schema/tx/spring-tx-3.0.xsd
     					http://www.springframework.org/schema/aop
     					http://www.springframework.org/schema/aop/spring-aop-3.0.xsd
     					http://www.springframework.org/schema/context 
     					http://www.springframework.org/schema/context/spring-context-3.0.xsd 
     					http://www.springframework.org/schema/mvc 
     http://www.springframework.org/schema/mvc/spring-mvc-3.0.xsd">

	<!-- 声明式事务管理 -->
	<bean id="transactionManager"
		class="org.springframework.jdbc.datasource.DataSourceTransactionManager">
		<property name="dataSource" ref="dataSource"></property>
	</bean>
	
	<!-- 事务通知 -->
	<tx:advice id="transactionAdvice" transaction-manager="transactionManager">
		<tx:attributes>
			<tx:method name="add*"    propagation="REQUIRED"/>
			<tx:method name="del*"    propagation="REQUIRED"/>
			<tx:method name="save*"   propagation="REQUIRED"/>
			<tx:method name="insert*" propagation="REQUIRED"/>
			<tx:method name="update*" propagation="REQUIRED"/>
			<tx:method name="batch*"  propagation="REQUIRED"/>
			<tx:method name="assign*" propagation="REQUIRED"/>
			<tx:method name="*"  	  propagation="REQUIRED" read-only="true"/>
		</tx:attributes>
	</tx:advice>

    <!-- 事务管理-->
	<aop:config>
		<aop:advisor pointcut="execution(* com.spring.scenic.*.application.*.*(..))"
			advice-ref="transactionAdvice" />
	</aop:config>

	<!-- SessionFactory -->
	<bean id="sqlSessionFactory" class="org.mybatis.spring.SqlSessionFactoryBean">
		<property name="dataSource" ref="dataSource" />
		<property name="mapperLocations" value="classpath*:com/spring/scenic/*/infrastructure/xml/*.xml" />
		<property name="typeAliasesPackage" value="com.spring.scenic.*.domain,com.spring.scenic.*.domain.vo" />
		<property name="plugins">
			<array>
				<!-- mybatis 分页插件 -->
				<bean class="com.github.pagehelper.PageHelper">
					<property name="properties">
						<value>
							dialect=oracle
							reasonable=true
						</value>
					</property>
				</bean>
			</array>
		</property>
	</bean>
 
	<bean id="mapperScannerConfigurer" class="org.mybatis.spring.mapper.MapperScannerConfigurer">
		<property name="basePackage" value="com.spring.scenic.*.infrastructure" />
		<property name="sqlSessionFactoryBeanName" value="sqlSessionFactory" />
	</bean>
	
</beans>