<?xml version="1.0" encoding="UTF-8" ?>   
<!DOCTYPE mapper PUBLIC "-//mybatis.org//DTD Mapper 3.0//EN" "http://mybatis.org/dtd/mybatis-3-mapper.dtd">
<mapper namespace="com.spring.scenic.system.infrastructure.VersionRecordMapper">

	<!-- 插入实体 -->
	<insert id="insert" parameterType="com.spring.scenic.system.domain.VersionRecord">
		<selectKey keyProperty="id" order="BEFORE" resultType="int">
			<![CDATA[
				SELECT SEQ_TB_VERSION_RECORD.nextval as id FROM dual
			]]>
		</selectKey>
		<![CDATA[
		INSERT INTO TB_VERSION_RECORD (
		   	ID,
		   	APP_NAME,
		   	APP_TYPE,
		   	APP_VERSION,
		   	APP_URL,
		   	IS_VALID,
		   	REMARK,
		   	CREATE_TIME,
		   	CREATE_USER,
		   	UPDATE_TIME,
		   	UPDATE_USER
		) VALUES (
		   	#{id,jdbcType=INTEGER},
		   	#{appName,jdbcType=VARCHAR},
		   	#{appType,jdbcType=INTEGER},
		   	#{appVersion,jdbcType=VARCHAR},
		   	#{appUrl,jdbcType=VARCHAR},
		   	#{isValid,jdbcType=INTEGER},
		   	#{remark,jdbcType=VARCHAR},
		   	#{createTime,jdbcType=TIMESTAMP},
		   	#{createUser,jdbcType=INTEGER},
		   	#{updateTime,jdbcType=TIMESTAMP},
		   	#{updateUser,jdbcType=INTEGER}
		)
		]]>
	</insert>

	<!-- 更新实体 -->
	<update id="update" parameterType="com.spring.scenic.system.domain.VersionRecord">
		UPDATE TB_VERSION_RECORD 
				SET
				APP_NAME = #{appName,jdbcType=VARCHAR},
				APP_TYPE = #{appType,jdbcType=INTEGER},
				APP_VERSION = #{appVersion,jdbcType=VARCHAR},
				APP_URL = #{appUrl,jdbcType=VARCHAR},
				IS_VALID = #{isValid,jdbcType=INTEGER},
				REMARK = #{remark,jdbcType=VARCHAR},
				CREATE_TIME = #{createTime,jdbcType=TIMESTAMP},
				CREATE_USER = #{createUser,jdbcType=INTEGER},
				UPDATE_TIME = #{updateTime,jdbcType=TIMESTAMP},
				UPDATE_USER = #{updateUser,jdbcType=INTEGER}
		WHERE ID = #{id,jdbcType=INTEGER}
	</update>

	<!-- 删除实体 -->
	<delete id="deleteById" parameterType="com.spring.scenic.system.domain.VersionRecord">
		<![CDATA[
		DELETE FROM TB_VERSION_RECORD WHERE ID = #{id,jdbcType=INTEGER}
		]]>
	</delete>

	<!-- 批量删除实体 -->
	<delete id="deleteByIds" parameterType="com.spring.scenic.system.domain.VersionRecord">
		DELETE FROM TB_VERSION_RECORD WHERE ID in 
		<foreach collection="list" item="item" index="index" open="(" separator="," close=")">
			#{item}
		</foreach>
	</delete>
	
	<!-- 查询字段 -->
	<sql id="selectFieldSQL">
		<![CDATA[
		SELECT 
		       A.ID id,
		       A.APP_NAME appName,
		       A.APP_TYPE appType,
		       A.APP_VERSION appVersion,
		       A.APP_URL appUrl,
		       A.IS_VALID isValid,
		       A.REMARK remark,
		       A.CREATE_TIME createTime,
		       A.CREATE_USER createUser,
		       A.UPDATE_TIME updateTime,
		       A.UPDATE_USER updateUser
		]]>
	</sql>
	
	<sql id="selectUserNameFieldSQL">
		<![CDATA[
		  B.TRUENAME updateUserName
		]]>
	</sql>

	<!-- 查询 -->
	<select id="selectById" parameterType="map" resultType="com.spring.scenic.system.domain.VersionRecord">
		<include refid="selectFieldSQL" />
		<![CDATA[
		  FROM TB_VERSION_RECORD A
		 WHERE A.ID = #{id,jdbcType=INTEGER}
		]]>
	</select>

	<!-- 查询 -->
	<select id="selectPage" parameterType="com.spring.scenic.system.domain.VersionRecord" resultType="com.spring.scenic.system.domain.VersionRecord">
		<include refid="selectFieldSQL" />
		,
		<include refid="selectUserNameFieldSQL" />
		<![CDATA[
		  FROM TB_VERSION_RECORD A
		]]>
		LEFT JOIN TB_AUTH_USER B
		ON A.UPDATE_USER = B.ID
		<where>
			<if test="id != null">
				AND A.ID = #{id,jdbcType=INTEGER}
			</if>
			<if test="id != null">
				AND ID = #{id,jdbcType=INTEGER}
			</if>
			<if test="appName != null and appName != ''">
				and A.APP_NAME like '%' ||TRIM(#{appName})|| '%'
			</if>
			<if test="appType != null">
				AND A.APP_TYPE = #{appType,jdbcType=INTEGER}
			</if>
			<if test="appVersion != null and appVersion != ''">
				AND A.APP_VERSION like '%' ||TRIM(#{appVersion})|| '%' 
			</if>
			<if test="appUrl != null and appUrl != ''">
				AND A.APP_URL = #{appUrl,jdbcType=VARCHAR}
			</if>
			<if test="isValid != null">
				AND A.IS_VALID = #{isValid,jdbcType=INTEGER}
			</if>
			<if test="remark != null and remark != ''">
				AND A.REMARK = #{remark,jdbcType=VARCHAR}
			</if>
			<if test="createTime != null">
				AND A.CREATE_TIME = #{createTime,jdbcType=TIMESTAMP}
			</if>
			<if test="createUser != null">
				AND A.CREATE_USER = #{createUser,jdbcType=INTEGER}
			</if>
			<if test="updateTime != null">
				AND A.UPDATE_TIME = #{updateTime,jdbcType=TIMESTAMP}
			</if>
			<if test="updateUser != null">
				AND A.UPDATE_USER = #{updateUser,jdbcType=INTEGER}
			</if>
		</where>
			ORDER BY A.ID DESC
	</select>
	
	<select id="selectMaxAndroidVersion" resultType="com.spring.scenic.system.domain.VersionRecord">
		 select a.maxVersion,a.appVersion,a.appUrl
			  from (select to_number(replace(replace(t.app_version, '.', ''), 'v', '')) maxVersion ,APP_VERSION appVersion,
			               APP_URL appUrl
			          from TB_VERSION_RECORD t
			         where t.is_valid = 1
			           and t.app_type = 1
			         order by maxVersion desc) a
			 where rownum = 1
	</select>
	
	<select id="selectMaxIOSVersion" resultType="com.spring.scenic.system.domain.VersionRecord">
		 select a.maxVersion,a.appVersion,a.appUrl
			  from (select to_number(replace(replace(t.app_version, '.', ''), 'v', '')) maxVersion ,APP_VERSION appVersion,
			               APP_URL appUrl
			          from TB_VERSION_RECORD t
			         where t.is_valid = 1
			           and t.app_type = 2
			         order by maxVersion desc) a
			 where rownum = 1
	</select>
	
</mapper>   
