<?xml version="1.0" encoding="UTF-8" ?>
<!DOCTYPE mapper PUBLIC "-//mybatis.org//DTD Mapper 3.0//EN" "http://mybatis.org/dtd/mybatis-3-mapper.dtd" >
<mapper namespace="com.spring.scenic.product.infrastructure.ProductPicRelMapper" >
  <resultMap id="BaseResultMap" type="com.spring.scenic.product.domain.ProductPicRel" >
    <id column="ID" property="id" jdbcType="DECIMAL" />
    <result column="PRODUCT_ID" property="productId" jdbcType="DECIMAL" />
    <result column="PICTURE_LIB_ID" property="pictureLibId" jdbcType="DECIMAL" />
    <result column="pic_name" property="picName" jdbcType="VARCHAR" />
    <result column="remark" property="remark" jdbcType="VARCHAR" />
    <result column="file_url" property="fileUrl" jdbcType="VARCHAR" />
    <result column="file_url" property="fileName" jdbcType="VARCHAR" />
    <result column="IS_LOGO" property="isLogo" jdbcType="DECIMAL" />
    <result column="CREATE_USER" property="createUser" jdbcType="DECIMAL" />
  </resultMap>
  <sql id="Base_Column_List" >
    ID, PRODUCT_ID, PICTURE_LIB_ID, IS_LOGO, CREATE_USER, CREATE_TIME, UPDATE_USER, UPDATE_TIME
  </sql>
  <select id="selectByPrimaryKey" resultMap="BaseResultMap" parameterType="java.lang.Integer" >
    select 
    <include refid="Base_Column_List" />
    from TB_PRODUCT_PIC_REL
    where ID = #{id,jdbcType=DECIMAL}
  </select>
  <select id="selectList" parameterType="com.spring.scenic.product.domain.ProductPicRel" resultMap="BaseResultMap">
  SELECT a.create_user,a.picture_lib_id,a.product_id,a.id, a.is_logo, b.pic_name, b.remark, b.file_url,b.file_name
  FROM tb_product_pic_rel a
  left join tb_busi_picture_lib b
    on a.picture_lib_id = b.id
  where  a.product_id = #{productId,jdbcType=DECIMAL} 
   <if test="createUser != null">
   	   and a.create_user = #{createUser,jdbcType=DECIMAL}
   </if>
   <if test="useType != null">
	   and b.use_type =#{useType,jdbcType=DECIMAL}
   </if>
   order by a.id asc
  </select>
  <delete id="deleteByPrimaryKey" parameterType="java.lang.Integer" >
    delete from TB_PRODUCT_PIC_REL
    where ID = #{id,jdbcType=DECIMAL}
  </delete>
  <insert id="insert" parameterType="com.spring.scenic.product.domain.ProductPicRel" >
    insert into TB_PRODUCT_PIC_REL (ID, PRODUCT_ID, PICTURE_LIB_ID, 
      IS_LOGO, CREATE_USER, CREATE_TIME, 
      UPDATE_USER, UPDATE_TIME)
    values (seq_TB_PRODUCT_PIC_REL.nextval, #{productId,jdbcType=DECIMAL}, #{pictureLibId,jdbcType=DECIMAL}, 
      #{isLogo,jdbcType=DECIMAL}, #{createUser,jdbcType=DECIMAL}, #{createTime,jdbcType=TIMESTAMP}, 
      #{updateUser,jdbcType=DECIMAL}, #{updateTime,jdbcType=TIMESTAMP})
  </insert>
  <insert id="insertSelective" parameterType="com.spring.scenic.product.domain.ProductPicRel" >
    insert into TB_PRODUCT_PIC_REL
    <trim prefix="(" suffix=")" suffixOverrides="," >
      <if test="id != null" >
        ID,
      </if>
      <if test="productId != null" >
        PRODUCT_ID,
      </if>
      <if test="pictureLibId != null" >
        PICTURE_LIB_ID,
      </if>
      <if test="isLogo != null" >
        IS_LOGO,
      </if>
      <if test="createUser != null" >
        CREATE_USER,
      </if>
      <if test="createTime != null" >
        CREATE_TIME,
      </if>
      <if test="updateUser != null" >
        UPDATE_USER,
      </if>
      <if test="updateTime != null" >
        UPDATE_TIME,
      </if>
    </trim>
    <trim prefix="values (" suffix=")" suffixOverrides="," >
      <if test="id != null" >
        #{id,jdbcType=DECIMAL},
      </if>
      <if test="productId != null" >
        #{productId,jdbcType=DECIMAL},
      </if>
      <if test="pictureLibId != null" >
        #{pictureLibId,jdbcType=DECIMAL},
      </if>
      <if test="isLogo != null" >
        #{isLogo,jdbcType=DECIMAL},
      </if>
      <if test="createUser != null" >
        #{createUser,jdbcType=DECIMAL},
      </if>
      <if test="createTime != null" >
        #{createTime,jdbcType=TIMESTAMP},
      </if>
      <if test="updateUser != null" >
        #{updateUser,jdbcType=DECIMAL},
      </if>
      <if test="updateTime != null" >
        #{updateTime,jdbcType=TIMESTAMP},
      </if>
    </trim>
  </insert>
  <update id="updateByPrimaryKeySelective" parameterType="com.spring.scenic.product.domain.ProductPicRel" >
    update TB_PRODUCT_PIC_REL
    <set >
      <if test="productId != null" >
        PRODUCT_ID = #{productId,jdbcType=DECIMAL},
      </if>
      <if test="pictureLibId != null" >
        PICTURE_LIB_ID = #{pictureLibId,jdbcType=DECIMAL},
      </if>
      <if test="isLogo != null" >
        IS_LOGO = #{isLogo,jdbcType=DECIMAL},
      </if> 
      <if test="updateUser != null" >
        UPDATE_USER = #{updateUser,jdbcType=DECIMAL},
      </if>
      <if test="updateTime != null" >
        UPDATE_TIME = #{updateTime,jdbcType=TIMESTAMP},
      </if>
    </set>
    where PRODUCT_ID = #{productId,jdbcType=DECIMAL}
    	<if test="id != null">
    		and ID = #{id,jdbcType=DECIMAL} 
    	</if> 
  </update>
  <update id="updateByPrimaryKey" parameterType="com.spring.scenic.product.domain.ProductPicRel" >
    update TB_PRODUCT_PIC_REL
    set PRODUCT_ID = #{productId,jdbcType=DECIMAL},
      PICTURE_LIB_ID = #{pictureLibId,jdbcType=DECIMAL},
      IS_LOGO = #{isLogo,jdbcType=DECIMAL},
      CREATE_USER = #{createUser,jdbcType=DECIMAL},
      CREATE_TIME = #{createTime,jdbcType=TIMESTAMP},
      UPDATE_USER = #{updateUser,jdbcType=DECIMAL},
      UPDATE_TIME = #{updateTime,jdbcType=TIMESTAMP}
    where ID = #{id,jdbcType=DECIMAL}
  </update>
</mapper>