<?xml version="1.0" encoding="UTF-8" ?>
<!DOCTYPE mapper PUBLIC "-//mybatis.org//DTD Mapper 3.0//EN" "http://mybatis.org/dtd/mybatis-3-mapper.dtd" >
<mapper namespace="com.spring.scenic.product.infrastructure.ProductStockLogMapper" >
  <resultMap id="BaseResultMap" type="com.spring.scenic.product.domain.ProductStockLog" >
    <id column="ID" property="id" jdbcType="DECIMAL" />
    <result column="MEALS_ID" property="mealsId" jdbcType="DECIMAL" />
    <result column="REMARK" property="remark" jdbcType="VARCHAR" />
    <result column="truename" property="truename" jdbcType="VARCHAR" />
    <result column="CREATE_USER" property="createUser" jdbcType="DECIMAL" />
    <result column="CREATE_TIME" property="createTime" jdbcType="TIMESTAMP" />
    <result column="UPDATE_TYPE" property="updateType" jdbcType="DECIMAL" />
    <result column="UPDATE_USER" property="updateUser" jdbcType="DECIMAL" />
    <result column="UPDATE_TIME" property="updateTime" jdbcType="TIMESTAMP" />
  </resultMap>
  <sql id="Base_Column_List" >
    ID,MEALS_ID, REMARK, CREATE_USER, CREATE_TIME, UPDATE_TYPE, UPDATE_USER, UPDATE_TIME
  </sql>
  <select id="selectByPrimaryKey" resultMap="BaseResultMap" parameterType="java.lang.Integer" >
    select 
    <include refid="Base_Column_List" />
    from TB_PRODUCT_STOCK_LOG
    where ID = #{id,jdbcType=DECIMAL}
  </select>
  <select id="select" resultMap="BaseResultMap" parameterType="com.spring.scenic.product.domain.ProductStockLog" >
    select  a.truename,T.ID,T.MEALS_ID, T.REMARK, T.CREATE_USER, T.CREATE_TIME, T.UPDATE_TYPE, T.UPDATE_USER, T.UPDATE_TIME
    from TB_PRODUCT_STOCK_LOG T LEFT JOIN TB_BUSI_SELLER_USER A ON T.CREATE_USER = A.ID
    where T.meals_id= #{mealsId,jdbcType=DECIMAL} order by t.CREATE_TIME desc
  </select>
  <delete id="deleteByPrimaryKey" parameterType="java.lang.Integer" >
    delete from TB_PRODUCT_STOCK_LOG
    where ID = #{id,jdbcType=DECIMAL}
  </delete>
  <insert id="insert" parameterType="com.spring.scenic.product.domain.ProductStockLog" >
    insert into TB_PRODUCT_STOCK_LOG (ID,MEALS_ID, REMARK, CREATE_USER, 
      CREATE_TIME, UPDATE_TYPE, UPDATE_USER, 
      UPDATE_TIME)
    values (#{id,jdbcType=DECIMAL},#{mealsId,jdbcType=DECIMAL}, #{remark,jdbcType=VARCHAR}, #{createUser,jdbcType=DECIMAL}, 
      #{createTime,jdbcType=TIMESTAMP}, #{updateType,jdbcType=DECIMAL}, #{updateUser,jdbcType=DECIMAL}, 
      #{updateTime,jdbcType=TIMESTAMP})
  </insert>
  <insert id="insertSelective" parameterType="com.spring.scenic.product.domain.ProductStockLog" >
  	  <selectKey  keyProperty="id" order="BEFORE" resultType="java.lang.Integer" >
      	SELECT seq_TB_PRODUCT_STOCK_LOG.nextval FROM dual
      </selectKey>
     insert into TB_PRODUCT_STOCK_LOG
    <trim prefix="(" suffix=")" suffixOverrides="," >
      <if test="id != null" >
        ID,
      </if>
      <if test="mealsId != null" >
        MEALS_ID,
      </if>
      <if test="remark != null" >
        REMARK,
      </if>
      <if test="createUser != null" >
        CREATE_USER,
      </if>
      <if test="createTime != null" >
        CREATE_TIME,
      </if>
      <if test="updateType != null" >
        UPDATE_TYPE,
      </if>
      <if test="updateUser != null" >
        UPDATE_USER,
      </if>
      <if test="updateTime != null" >
        UPDATE_TIME,
      </if>
    </trim>
    <trim prefix="values (" suffix=")" suffixOverrides="," >
      <if test="id != null" >
        #{id,jdbcType=DECIMAL},
      </if>
      <if test="mealsId != null" >
        #{mealsId,jdbcType=DECIMAL},
      </if>
      <if test="remark != null" >
        #{remark,jdbcType=VARCHAR},
      </if>
      <if test="createUser != null" >
        #{createUser,jdbcType=DECIMAL},
      </if>
      <if test="createTime != null" >
        #{createTime,jdbcType=TIMESTAMP},
      </if>
      <if test="updateType != null" >
        #{updateType,jdbcType=DECIMAL},
      </if>
      <if test="updateUser != null" >
        #{updateUser,jdbcType=DECIMAL},
      </if>
      <if test="updateTime != null" >
        #{updateTime,jdbcType=TIMESTAMP},
      </if>
    </trim>
  </insert>
</mapper>