<?xml version="1.0" encoding="UTF-8" ?>
<!DOCTYPE mapper PUBLIC "-//mybatis.org//DTD Mapper 3.0//EN" "http://mybatis.org/dtd/mybatis-3-mapper.dtd" >
<mapper namespace="com.spring.scenic.cms.infrastructure.SysConfigMapper" >
  <resultMap id="BaseResultMap" type="com.spring.scenic.cms.domain.SysConfig" >
    <id column="ID" property="id" jdbcType="DECIMAL" />
    <result column="SYS_TYPE" property="sysType" jdbcType="DECIMAL" />
    <result column="LOCATION_NAME" property="locationName" jdbcType="VARCHAR" />
    <result column="LOCATION_CODE" property="locationCode" jdbcType="VARCHAR" />
    <result column="LOCATION_TYPE" property="locationType" jdbcType="DECIMAL" />
    <result column="VALID" property="valid" jdbcType="DECIMAL" />
    <result column="REMARK" property="remark" jdbcType="VARCHAR" />
    <result column="CREATE_USER" property="createUser" jdbcType="DECIMAL" />
    <result column="CREATE_TIME" property="createTime" jdbcType="TIMESTAMP" />
    <result column="UPDATE_USER" property="updateUser" jdbcType="DECIMAL" />
    <result column="UPDATE_TIME" property="updateTime" jdbcType="TIMESTAMP" />
    <result column="UPDATE_USER_NAME" property="updateUserName" jdbcType="VARCHAR" />
  </resultMap>
  
  <sql id="BaseColumnList" >
    M.ID, M.SYS_TYPE, M.LOCATION_NAME, M.LOCATION_CODE, M.LOCATION_TYPE, M.VALID, M.REMARK, M.CREATE_USER, M.CREATE_TIME, 
    M.UPDATE_USER, M.UPDATE_TIME
  </sql>
  
</mapper>