<?xml version="1.0" encoding="UTF-8" ?>
<!DOCTYPE mapper PUBLIC "-//mybatis.org//DTD Mapper 3.0//EN" "http://mybatis.org/dtd/mybatis-3-mapper.dtd" >
<mapper namespace="com.spring.scenic.travelnotes.infrastructure.TravelNotesdetailsMapper" >
  <resultMap id="BaseResultMap" type="com.spring.scenic.travelnotes.domain.TravelNotesdetails" >
    <id column="ID" property="id" jdbcType="DECIMAL" />
    <result column="URL" property="url" jdbcType="VARCHAR" />
    <result column="FILE_NAME" property="fileName" jdbcType="VARCHAR" />
    <result column="TYPE" property="type" jdbcType="DECIMAL" />
    <result column="TITLE" property="title" jdbcType="VARCHAR" />
    <result column="TRAVEL_NOTES_ID" property="travelNotesId" jdbcType="DECIMAL" />
    <result column="SORT_INDEX" property="sortIndex" jdbcType="DECIMAL" />
    <result column="GUID" property="guid" jdbcType="VARCHAR" />
    <result column="CREATE_USER" property="createUser" jdbcType="DECIMAL" />
    <result column="CREATE_TIME" property="createTime" jdbcType="TIMESTAMP" />
    <result column="UPDATE_USER" property="updateUser" jdbcType="DECIMAL" />
    <result column="UPDATE_TIME" property="updateTime" jdbcType="TIMESTAMP" />
    <result column="WORDS" property="words" jdbcType="CLOB"  />
  </resultMap>
  
  <resultMap id="BaseResultTravelNotesDetailsVoMap" type="com.spring.scenic.travelnotes.domain.vo.TravelNotesDetailsVo" >
    <id column="ID" property="id" jdbcType="DECIMAL" />
    <result column="URL" property="url" jdbcType="VARCHAR" />
    <result column="FILE_NAME" property="fileName" jdbcType="VARCHAR" />
    <result column="TYPE" property="type" jdbcType="DECIMAL" />
    <result column="TITLE" property="title" jdbcType="VARCHAR" />
    <result column="TRAVEL_NOTES_ID" property="travelNotesId" jdbcType="DECIMAL" />
    <result column="SORT_INDEX" property="sortIndex" jdbcType="DECIMAL" />
    <result column="GUID" property="guid" jdbcType="VARCHAR" />
    <result column="CREATE_USER" property="createUser" jdbcType="DECIMAL" />
    <result column="CREATE_TIME" property="createTime" jdbcType="TIMESTAMP" />
    <result column="UPDATE_USER" property="updateUser" jdbcType="DECIMAL" />
    <result column="UPDATE_TIME" property="updateTime" jdbcType="TIMESTAMP" />
    <result column="WORDS" property="words" jdbcType="CLOB"  />
  </resultMap>
  
  <sql id="Base_Column_List" >
    ID, URL, FILE_NAME, TYPE, TITLE, TRAVEL_NOTES_ID, SORT_INDEX, GUID, CREATE_USER, 
    CREATE_TIME, UPDATE_USER, UPDATE_TIME
  </sql>
  <sql id="Blob_Column_List" >
    WORDS
  </sql>
  
  <select id="selectByPrimaryKey" resultMap="BaseResultMap" parameterType="java.lang.Integer" >
    select 
    <include refid="Base_Column_List" />
    from TB_TRAVEL_NOTES_DETAILS
    where ID = #{id,jdbcType=DECIMAL}
  </select>
  <delete id="deleteByPrimaryKey" parameterType="java.lang.Integer" >
    delete from TB_TRAVEL_NOTES_DETAILS
    where ID = #{id,jdbcType=DECIMAL}
  </delete>
  
  <insert id="insert" parameterType="com.spring.scenic.travelnotes.domain.TravelNotesdetails" >
    insert into TB_TRAVEL_NOTES_DETAILS (ID, URL, FILE_NAME, 
      TYPE, TITLE, TRAVEL_NOTES_ID, 
      SORT_INDEX, GUID, CREATE_USER, 
      CREATE_TIME, UPDATE_USER, UPDATE_TIME, 
      WORDS)
    values (#{id,jdbcType=DECIMAL}, #{url,jdbcType=VARCHAR}, #{fileName,jdbcType=VARCHAR}, 
      #{type,jdbcType=DECIMAL}, #{title,jdbcType=VARCHAR}, #{travelNotesId,jdbcType=DECIMAL}, 
      #{sortIndex,jdbcType=DECIMAL}, #{guid,jdbcType=VARCHAR}, #{createUser,jdbcType=DECIMAL}, 
      #{createTime,jdbcType=TIMESTAMP}, #{updateUser,jdbcType=DECIMAL}, #{updateTime,jdbcType=TIMESTAMP}, 
      #{words,jdbcType=CLOB})
  </insert>
  
  <!-- 获取第一个文字内容作为列表显示内容 -->
  <select id="getDefaultSubTitle" resultMap="BaseResultTravelNotesDetailsVoMap"  parameterType="com.spring.scenic.travelnotes.domain.TravelNotes">
     select id,url,file_name,type,travel_notes_id,sort_index,words from tb_travel_notes_details
     where 1=1 and  TRAVEL_NOTES_ID = #{id,jdbcType=DECIMAL}  and type=1 and rownum =1
  </select>
  
  <insert id="insertSelective" parameterType="com.spring.scenic.travelnotes.domain.TravelNotesdetails" >
     <selectKey  keyProperty="id" order="BEFORE" resultType="java.lang.Integer" >
      	SELECT SEQ_TB_TRAVEL_NOTES_DETAILS.nextval FROM dual
      </selectKey>
    insert into TB_TRAVEL_NOTES_DETAILS
    <trim prefix="(" suffix=")" suffixOverrides="," >
      <if test="id != null" >
        ID,
      </if>
      <if test="url != null" >
        URL,
      </if>
      <if test="fileName != null" >
        FILE_NAME,
      </if>
      <if test="type != null" >
        TYPE,
      </if>
      <if test="title != null" >
        TITLE,
      </if>
      <if test="travelNotesId != null" >
        TRAVEL_NOTES_ID,
      </if>
      <if test="sortIndex != null" >
        SORT_INDEX,
      </if>
      <if test="guid != null" >
        GUID,
      </if>
      <if test="createUser != null" >
        CREATE_USER,
      </if>
<!--       <if test="createTime != null" > -->
        CREATE_TIME,
<!--       </if> -->
      <if test="updateUser != null" >
        UPDATE_USER,
      </if>
<!--       <if test="updateTime != null" > -->
        UPDATE_TIME,
<!--       </if> -->
      <if test="words != null" >
        WORDS,
      </if>
    </trim>
    <trim prefix="values (" suffix=")" suffixOverrides="," >
      <if test="id != null" >
        #{id,jdbcType=DECIMAL},
      </if>
      <if test="url != null" >
        #{url,jdbcType=VARCHAR},
      </if>
      <if test="fileName != null" >
        #{fileName,jdbcType=VARCHAR},
      </if>
      <if test="type != null" >
        #{type,jdbcType=DECIMAL},
      </if>
      <if test="title != null" >
        #{title,jdbcType=VARCHAR},
      </if>
      <if test="travelNotesId != null" >
        #{travelNotesId,jdbcType=DECIMAL},
      </if>
      <if test="sortIndex != null" >
        #{sortIndex,jdbcType=DECIMAL},
      </if>
      <if test="guid != null" >
        #{guid,jdbcType=VARCHAR},
      </if>
      <if test="createUser != null" >
        #{createUser,jdbcType=DECIMAL},
      </if>
<!--       <if test="createTime != null" > -->
<!--       	sysdate, -->
<!--         #{createTime,jdbcType=TIMESTAMP}, -->
<!--       </if> -->
      	sysdate,
      <if test="updateUser != null" >
        #{updateUser,jdbcType=DECIMAL},
      </if>
      	sysdate,
<!--       <if test="updateTime != null" > -->
<!--         #{updateTime,jdbcType=TIMESTAMP}, -->
<!--       </if> -->
      <if test="words != null" >
        #{words,jdbcType=CLOB},
      </if>
    </trim>
  </insert>
  
  
  <update id="updateByPrimaryKeyWithBLOBs" parameterType="com.spring.scenic.travelnotes.domain.TravelNotesdetails" >
    update TB_TRAVEL_NOTES_DETAILS
    set URL = #{url,jdbcType=VARCHAR},
      FILE_NAME = #{fileName,jdbcType=VARCHAR},
      TYPE = #{type,jdbcType=DECIMAL},
      TITLE = #{title,jdbcType=VARCHAR},
      TRAVEL_NOTES_ID = #{travelNotesId,jdbcType=DECIMAL},
      SORT_INDEX = #{sortIndex,jdbcType=DECIMAL},
      GUID = #{guid,jdbcType=VARCHAR},
      CREATE_USER = #{createUser,jdbcType=DECIMAL},
      CREATE_TIME = #{createTime,jdbcType=TIMESTAMP},
      UPDATE_USER = #{updateUser,jdbcType=DECIMAL},
      UPDATE_TIME = #{updateTime,jdbcType=TIMESTAMP},
      WORDS = #{words,jdbcType=CLOB}
    where ID = #{id,jdbcType=DECIMAL}
  </update>
  <update id="updateByPrimaryKey" parameterType="com.spring.scenic.travelnotes.domain.TravelNotesdetails" >
   
    update TB_TRAVEL_NOTES_DETAILS
    set URL = #{url,jdbcType=VARCHAR},
      FILE_NAME = #{fileName,jdbcType=VARCHAR},
      TYPE = #{type,jdbcType=DECIMAL},
      TITLE = #{title,jdbcType=VARCHAR},
      TRAVEL_NOTES_ID = #{travelNotesId,jdbcType=DECIMAL},
      SORT_INDEX = #{sortIndex,jdbcType=DECIMAL},
      GUID = #{guid,jdbcType=VARCHAR},
      CREATE_USER = #{createUser,jdbcType=DECIMAL},
      CREATE_TIME = sysdate,
      UPDATE_USER = #{updateUser,jdbcType=DECIMAL},
      UPDATE_TIME = sysdate,
      WORDS = #{words,jdbcType=VARCHAR}
    where ID = #{id,jdbcType=DECIMAL}
  </update>
  
   <select id="selectTravelNotesDetailsVo" resultMap="BaseResultTravelNotesDetailsVoMap"  parameterType="java.lang.Integer">
     select id,url,file_name,type,travel_notes_id,sort_index,words from tb_travel_notes_details
    where 1=1 and  TRAVEL_NOTES_ID = #{id,jdbcType=DECIMAL} order by SORT_INDEX asc
  </select>
  
  <!-- 查询详细是文字的第一个 -->
  <select id="selectIndexTravelNotesDetailsVo" resultMap="BaseResultTravelNotesDetailsVoMap"  parameterType="java.lang.Integer">
     select id,url,file_name,type,travel_notes_id,sort_index,words from tb_travel_notes_details 
     where type=1 and words is not null and TRAVEL_NOTES_ID = #{id,jdbcType=DECIMAL} 
     and  rownum=1   
  </select>
  
</mapper>