<?xml version="1.0" encoding="UTF-8" ?>
<!DOCTYPE mapper PUBLIC "-//mybatis.org//DTD Mapper 3.0//EN" "http://mybatis.org/dtd/mybatis-3-mapper.dtd" >
<mapper namespace="com.spring.scenic.system.infrastructure.AuthResourceMapper" >
  
  <!-- 系统资源表 -->
  <resultMap id="BaseResultMapAuthResource" type="com.spring.scenic.system.domain.AuthResource" >
    <id column="ID" property="id" jdbcType="DECIMAL" />
    <result column="NAME" property="name" jdbcType="VARCHAR" />
    <result column="URL" property="url" jdbcType="VARCHAR" />
    <result column="PARENT_ID" property="parentId" jdbcType="DECIMAL" />
    <result column="SORT" property="sort" jdbcType="DECIMAL" />
    <result column="VALID" property="valid" jdbcType="DECIMAL" />
    <result column="TYPE" property="type" jdbcType="DECIMAL" />
    <result column="SYSTEMID" property="systemid" jdbcType="DECIMAL" />
    <result column="GUID" property="guid" jdbcType="VARCHAR" />
    <result column="CODE" property="code" jdbcType="VARCHAR" />
    <result column="REMARKS" property="remarks" jdbcType="VARCHAR" />
    <result column="CREATE_TIME" property="createTime" jdbcType="TIMESTAMP" />
    <result column="CREATE_USER" property="createUser" jdbcType="DECIMAL" />
    <result column="UPDATE_TIME" property="updateTime" jdbcType="TIMESTAMP" />
    <result column="UPDATE_USER" property="updateUser" jdbcType="DECIMAL" />
  </resultMap>
  
  <resultMap id="BaseResultMapAuthResourceUserInfo" type="com.spring.scenic.system.domain.AuthResource"  extends="BaseResultMapAuthResource">
	  <result column="createUserName" property="createUserName" jdbcType="VARCHAR" />
	  <result column="updateUserName" property="updateUserName" jdbcType="VARCHAR" />
  </resultMap>
  
  <resultMap id="BaseResultMapAuthResourceById" type="com.spring.scenic.system.domain.AuthResource"  extends="BaseResultMapAuthResource">
	  <result column="parentName" property="parentName" jdbcType="VARCHAR" />
  </resultMap>
  
  <sql id="BaseColumnListAuthResource" >
    t.ID, t.NAME, t.URL, t.PARENT_ID, t.SORT, t.VALID, t.TYPE, t.SYSTEMID, t.GUID,t.CODE, t.REMARKS, t.CREATE_TIME, 
    t.CREATE_USER, t.UPDATE_TIME, t.UPDATE_USER
  </sql>
  
  <sql id="BaseColumnListAuthResourceUserInfo" >
    au.truename createUserName,au1.truename updateUserName
  </sql>
  
  <sql id="BaseColumnListAuthResourceById" >
    t1.NAME parentName
  </sql>
  
  
  <!-- 用户指定权限查询:角色是有效的且资源有效 -->
  <select id="authorityUser" resultMap="BaseResultMapAuthResource" parameterType="java.util.Map">
	select 
	<include refid="BaseColumnListAuthResource" />
	from tb_auth_resource  t where t.valid = 1 and t.id in 
	(
	  select p.resource_id from tb_auth_permission p where p.role_id in (
	       select id from tb_auth_role where id in(
	       	select ur.role_id from tb_auth_userrole ur where ur.user_id = #{userId}
	       ) and valid = 1
	  )
	) and t.code = #{code}
  </select>
  
  <!-- 用户权限查询:角色是有效的且资源有效 -->
  <select id="getResourcesByUser" resultMap="BaseResultMapAuthResource" parameterType="com.spring.scenic.system.domain.AuthUser">
	select 
	<include refid="BaseColumnListAuthResource" />
	from tb_auth_resource  t where t.id in 
	(
	  select p.resource_id from tb_auth_permission p where p.role_id in (
	       select id from tb_auth_role where id in(
	       	select ur.role_id from tb_auth_userrole ur where ur.user_id = #{id}
	       ) and valid = 1
	  )
	)and t.valid =1 order by t.code,t.sort
  </select>
  
  
  <!-- 获取系统所有可用资源 -->
  <select id="getAuthResourceList" resultMap="BaseResultMapAuthResource" parameterType="com.spring.scenic.system.domain.AuthResource" >
    select 
    <include refid="BaseColumnListAuthResource" />
    from TB_AUTH_RESOURCE t
    where VALID = 1
  </select>
  
  <!-- 根据角色查询其可用资源 -->  
  <select id="getResourceListByRole" resultMap="BaseResultMapAuthResource" parameterType="com.spring.scenic.system.domain.AuthRole" >
    select 
    <include refid="BaseColumnListAuthResource" />
    from TB_AUTH_RESOURCE t
    where 1=1 
    <if test="id != null" >
    	AND t.ID in (
	    	select p.resource_id from tb_auth_permission p where p.role_id in(
	    		select id from tb_auth_role where valid= 1 and id = #{id}
	    	)
    	)
    </if>
  </select>
  
  <delete id="deleteByPrimaryKey" parameterType="java.lang.Integer" >
    delete from TB_AUTH_RESOURCE
    where ID = #{id,jdbcType=DECIMAL}
  </delete>
  
  <insert id="insert" parameterType="com.spring.scenic.system.domain.AuthResource" >
    insert into TB_AUTH_RESOURCE (ID, NAME, URL, 
      PARENT_ID, SORT, VALID, 
      TYPE, SYSTEMID, GUID, CODE,
      REMARKS, CREATE_TIME, CREATE_USER, 
      UPDATE_TIME, UPDATE_USER)
    values (#{id,jdbcType=DECIMAL}, #{name,jdbcType=VARCHAR}, #{url,jdbcType=VARCHAR}, 
      #{parentId,jdbcType=DECIMAL}, #{sort,jdbcType=DECIMAL}, #{valid,jdbcType=DECIMAL}, 
      #{type,jdbcType=DECIMAL}, #{systemid,jdbcType=DECIMAL}, #{guid,jdbcType=VARCHAR}, #{code,jdbcType=VARCHAR}, 
      #{remarks,jdbcType=VARCHAR}, #{createTime,jdbcType=TIMESTAMP}, #{createUser,jdbcType=DECIMAL}, 
      #{updateTime,jdbcType=TIMESTAMP}, #{updateUser,jdbcType=DECIMAL})
  </insert>
  
  <insert id="insertMenu" parameterType="com.spring.scenic.system.domain.AuthResource" >
 	<selectKey keyProperty="id" order="BEFORE" resultType="java.lang.Integer">
		select seq_tb_auth_resource.nextval from dual
	</selectKey>
    insert into TB_AUTH_RESOURCE
    <trim prefix="(" suffix=")" suffixOverrides="," >
      <if test="id != null" >
        ID,
      </if>
      <if test="name != null" >
        NAME,
      </if>
      <if test="url != null" >
        URL,
      </if>
      <if test="parentId != null" >
        PARENT_ID,
      </if>
      <if test="sort != null" >
        SORT,
      </if>
      <if test="valid != null" >
        VALID,
      </if>
      <if test="type != null" >
        TYPE,
      </if>
      <if test="systemid != null" >
        SYSTEMID,
      </if>
      <if test="guid != null" >
        GUID,
      </if>
      <if test="code != null" >
        CODE,
      </if>
      <if test="remarks != null" >
        REMARKS,
      </if>
      <if test="createTime != null" >
        CREATE_TIME,
      </if>
      <if test="createUser != null" >
        CREATE_USER,
      </if>
      <if test="updateTime != null" >
        UPDATE_TIME,
      </if>
      <if test="updateUser != null" >
        UPDATE_USER,
      </if>
    </trim>
    <trim prefix="values (" suffix=")" suffixOverrides="," >
      <if test="id != null" >
        #{id,jdbcType=DECIMAL},
      </if>
      <if test="name != null" >
        #{name,jdbcType=VARCHAR},
      </if>
      <if test="url != null" >
        #{url,jdbcType=VARCHAR},
      </if>
      <if test="parentId != null" >
        #{parentId,jdbcType=DECIMAL},
      </if>
      <if test="sort != null" >
        #{sort,jdbcType=DECIMAL},
      </if>
      <if test="valid != null" >
        #{valid,jdbcType=DECIMAL},
      </if>
      <if test="type != null" >
        #{type,jdbcType=DECIMAL},
      </if>
      <if test="systemid != null" >
        #{systemid,jdbcType=DECIMAL},
      </if>
      <if test="guid != null" >
        #{guid,jdbcType=VARCHAR},
      </if>
      <if test="code != null" >
        #{code,jdbcType=VARCHAR},
      </if>
      <if test="remarks != null" >
        #{remarks,jdbcType=VARCHAR},
      </if>
      <if test="createTime != null" >
        #{createTime,jdbcType=TIMESTAMP},
      </if>
      <if test="createUser != null" >
        #{createUser,jdbcType=DECIMAL},
      </if>
      <if test="updateTime != null" >
        #{updateTime,jdbcType=TIMESTAMP},
      </if>
      <if test="updateUser != null" >
        #{updateUser,jdbcType=DECIMAL},
      </if>
    </trim>
  </insert>
  
  <update id="updateMenu" parameterType="com.spring.scenic.system.domain.AuthResource" >
    update TB_AUTH_RESOURCE
    <set >
      <if test="name != null" >
        NAME = #{name,jdbcType=VARCHAR},
      </if>
      <if test="url != null" >
        URL = #{url,jdbcType=VARCHAR},
      </if>
      <if test="parentId != null" >
        PARENT_ID = #{parentId,jdbcType=DECIMAL},
      </if>
      <if test="sort != null" >
        SORT = #{sort,jdbcType=DECIMAL},
      </if>
      <if test="valid != null" >
        VALID = #{valid,jdbcType=DECIMAL},
      </if>
      <if test="type != null" >
        TYPE = #{type,jdbcType=DECIMAL},
      </if>
      <if test="systemid != null" >
        SYSTEMID = #{systemid,jdbcType=DECIMAL},
      </if>
      <if test="guid != null" >
        GUID = #{guid,jdbcType=VARCHAR},
      </if>
      <if test="code != null" >
        CODE = #{code,jdbcType=VARCHAR},
      </if>
      <if test="remarks != null" >
        REMARKS = #{remarks,jdbcType=VARCHAR},
      </if>
      <if test="createTime != null" >
        CREATE_TIME = #{createTime,jdbcType=TIMESTAMP},
      </if>
      <if test="createUser != null" >
        CREATE_USER = #{createUser,jdbcType=DECIMAL},
      </if>
      <if test="updateTime != null" >
        UPDATE_TIME = #{updateTime,jdbcType=TIMESTAMP},
      </if>
      <if test="updateUser != null" >
        UPDATE_USER = #{updateUser,jdbcType=DECIMAL},
      </if>
    </set>
    where ID = #{id,jdbcType=DECIMAL}
  </update>
  <update id="updateByPrimaryKey" parameterType="com.spring.scenic.system.domain.AuthResource" >
    update TB_AUTH_RESOURCE
    set NAME = #{name,jdbcType=VARCHAR},
      URL = #{url,jdbcType=VARCHAR},
      PARENT_ID = #{parentId,jdbcType=DECIMAL},
      SORT = #{sort,jdbcType=DECIMAL},
      VALID = #{valid,jdbcType=DECIMAL},
      TYPE = #{type,jdbcType=DECIMAL},
      SYSTEMID = #{systemid,jdbcType=DECIMAL},
      GUID = #{guid,jdbcType=VARCHAR},
      CODE = #{code,jdbcType=VARCHAR},
      REMARKS = #{remarks,jdbcType=VARCHAR},
      CREATE_TIME = #{createTime,jdbcType=TIMESTAMP},
      CREATE_USER = #{createUser,jdbcType=DECIMAL},
      UPDATE_TIME = #{updateTime,jdbcType=TIMESTAMP},
      UPDATE_USER = #{updateUser,jdbcType=DECIMAL}
    where ID = #{id,jdbcType=DECIMAL}
  </update>
  
  <!-- 获取系统所有可用资源 -->
  <select id="getValidResourceList" resultMap="BaseResultMapAuthResourceUserInfo" parameterType="java.util.HashMap">
	select 
	<include refid="BaseColumnListAuthResource" />
	from tb_auth_resource t where t.valid = 1 
	union
	select
	<include refid="BaseColumnListAuthResource" />
	  from tb_auth_resource t
		  where  t.id in(
	          select p.resource_id from TB_AUTH_PERMISSION p where p.role_id in(
	            select id from tb_auth_role where id in(
	                   select ur.role_id from tb_auth_userrole ur where ur.user_id = #{userId}
	            ) and valid = 1
	          )
		  )
  </select>
  
  
  <!-- 根据名称查询获取所有有效资源及被分配的(有效、无效)资源 -->
  <select id="getValidOrAssignedResourceList" resultMap="BaseResultMapAuthResourceUserInfo" parameterType="java.util.HashMap">
	select 
	<include refid="BaseColumnListAuthResource" />
	  from tb_auth_resource t
	   START WITH 1=1
	   and t.valid = 1 
	   and t.name like '%' ||TRIM(#{name})|| '%'
	   CONNECT BY PRIOR t.ID = t.PARENT_ID  
	union
	select 
	<include refid="BaseColumnListAuthResource" />
	  from tb_auth_resource t
	   START WITH 1=1
	   and t.valid = 1 
	   and t.name like '%' ||TRIM(#{name})|| '%'
	   CONNECT BY PRIOR  t.PARENT_ID =t.ID  
	union
	select
	<include refid="BaseColumnListAuthResource" />
	  from tb_auth_resource t
		  where  t.id in(
	          select p.resource_id from TB_AUTH_PERMISSION p where p.role_id in(
	            select id from tb_auth_role where id in(
	                   select ur.role_id from tb_auth_userrole ur where ur.user_id = #{userId}
	            ) and valid = 1
	          )
		  )
	   START WITH 1=1
	   and t.name like '%' ||TRIM(#{name})|| '%'
	   CONNECT BY PRIOR  t.PARENT_ID =t.ID
  </select>
  
  <!-- 获取所有有效资源及被分配的(有效、无效)资源 -->
  <select id="getDefaultOrAssignedResourceList" resultMap="BaseResultMapAuthResourceUserInfo" parameterType="java.util.HashMap">
	  select 
	  <include refid="BaseColumnListAuthResource" />
	  from tb_auth_resource t
	  where t.valid = 1
	  union
	  select 
	  <include refid="BaseColumnListAuthResource" />
	  from tb_auth_resource t
	  where  t.id in(
          select p.resource_id from TB_AUTH_PERMISSION p where p.role_id in(
            select id from tb_auth_role where id in(
                   select ur.role_id from tb_auth_userrole ur where ur.user_id = #{userId}
            ) and valid = 1
          )
	  )
   </select>
	
   <select id="selectMenuListNew" resultMap="BaseResultMapAuthResourceUserInfo">
		select tmp.* from (select 
		<include refid="BaseColumnListAuthResource" />,
		<include refid="BaseColumnListAuthResourceUserInfo" />
	  from tb_auth_resource t
	  left join tb_auth_user au on au.id = t.create_user
	  left join tb_auth_user au1 on au1.id = t.update_user
	   START WITH 1=1
		CONNECT BY PRIOR t.ID = t.PARENT_ID ) tmp 
		where
		(tmp.type = 1 or tmp.type = 0)
		<if test="name !=null  and name !='' ">
			and tmp.name like '%' ||TRIM(#{name})|| '%'
		</if>
		<if test="systemid !=null  and systemid !='' ">
			and tmp.systemid = #{systemid}
		</if>
		<if test="valid !=null">
			and tmp.valid = #{valid}
		</if>
		union
		
		select 
		<include refid="BaseColumnListAuthResource" />,
		<include refid="BaseColumnListAuthResourceUserInfo" />
	  from tb_auth_resource t
	  left join tb_auth_user au on au.id = t.create_user
	  left join tb_auth_user au1 on au1.id = t.update_user
	   START WITH 1=1
	   and (t.type = 1 or t.type = 0)
	   	<if test="name !=null  and name !='' ">
			and t.name like '%' ||TRIM(#{name})|| '%'
		</if>
		<if test="systemid !=null  and systemid !='' ">
			and t.systemid = #{systemid}
		</if>
		<if test="valid !=null">
			and t.valid = #{valid}
		</if>
		CONNECT BY PRIOR t.PARENT_ID = t.ID 
	</select>
	
	<select id="queryMenuFunctionList" resultMap="BaseResultMapAuthResourceUserInfo">
		select 
		<include refid="BaseColumnListAuthResource" />,
		<include refid="BaseColumnListAuthResourceUserInfo" />
	  from tb_auth_resource t
	  left join tb_auth_user au on au.id = t.create_user
	  left join tb_auth_user au1 on au1.id = t.update_user
	  where 1=1
		<if test="parentId !=null  and parentId !='' ">
			and t.parent_id = #{parentId}
		</if>
		order by t.create_time desc
	</select>
	
	
	
	<select id="selectMenuItemList" resultMap="BaseResultMapAuthResourceUserInfo">
		select 
		  <include refid="BaseColumnListAuthResource" />,
		  <include refid="BaseColumnListAuthResourceUserInfo" />
		  from tb_auth_resource t
		  left join tb_auth_user au on au.id = t.create_user
		  left join tb_auth_user au1 on au1.id = t.update_user
		  where 1=1
			<if test="name !=null  and name !='' ">
				and t.name like '%' ||TRIM(#{name})|| '%'
			</if>
			<if test="systemid !=null  and systemid !='' ">
				and t.systemid = #{systemid}
			</if>
			<if test="valid !=null">
				and t.valid = #{valid}
			</if>
			order by t.create_time desc
	</select>
	
	<select id="selectByPrimaryKey" resultMap="BaseResultMapAuthResourceById">
		select 
		  <include refid="BaseColumnListAuthResource" />,
	  	  <include refid="BaseColumnListAuthResourceById" />
		  from tb_auth_resource t
		  left join tb_auth_resource t1 on t1.id = t.parent_id
		  where t.id = #{id,jdbcType=DECIMAL}
	</select>
	
	<update id="forbiddenOrUseData">
		update tb_auth_resource 
			<set>
				<if test="valid !=null">
					VALID       = #{valid,jdbcType=DECIMAL},
				</if>
				<if test="updateUser !=null">
					UPDATE_USER = #{updateUser,jdbcType=DECIMAL},
				</if>
				UPDATE_TIME = sysdate
			</set>
			where id = #{id,jdbcType=DECIMAL}
	</update>
	<update id="updateForbiddenItemMenu">
		update tb_auth_resource 
			<set>
				<if test="valid !=null">
				VALID       = #{valid,jdbcType=DECIMAL},
				</if>
				<if test="updateUser !=null">
				UPDATE_USER = #{updateUser,jdbcType=DECIMAL},
				</if>
				UPDATE_TIME = sysdate
			</set>
			where PARENT_ID = #{id,jdbcType=DECIMAL}
	</update>
	
	
	<select id="selectByPrimaryIdList" resultMap="BaseResultMapAuthResourceById">
		select 
		  <include refid="BaseColumnListAuthResource" />,
	  	  <include refid="BaseColumnListAuthResourceById" />
		  from tb_auth_resource t
		  left join tb_auth_resource t1 on t1.id = t.parent_id
		  where t.id in
		<foreach collection="list" index="index" item="item" open="(" separator="," close=")">
        	#{item}
    	</foreach>
	</select>
	
	<select id="checkMenuCodeByParam" resultType="java.lang.Integer">
		select count(1) from tb_auth_resource
		where 1=2
		<if test="name !=null  and name !='' and parentId !=null  and parentId !=''">
			or name = #{name} and parentId = #{parentId}
		</if>
	</select>
	
	<select id="getFunctionCountByParentId" resultType="java.lang.Integer">
		select count(1) from tb_auth_resource  
		where 1=2
		<if test="parentId !=null  and parentId !=''">
			or parent_id = #{parentId}
		</if>
	</select>
	
	<select id="getModuleCount" resultType="java.lang.Integer">
		select count(1) from tb_auth_resource  
		where parent_id is null 
	</select>
	
	
	
</mapper>