<?xml version="1.0" encoding="UTF-8"?>
<!DOCTYPE mapper PUBLIC "-//mybatis.org//DTD Mapper 3.0//EN" "http://mybatis.org/dtd/mybatis-3-mapper.dtd">
<mapper namespace="com.spring.scenic.system.infrastructure.AuthRoleMapper">

  <resultMap id="BaseResultMap" type="com.spring.scenic.system.domain.AuthRole" >
    <id column="ID" property="id" jdbcType="DECIMAL" />
    <result column="ROLE_NAME" property="roleName" jdbcType="VARCHAR" />
    <result column="VALID" property="valid" jdbcType="DECIMAL" />
    <result column="REMARKS" property="remarks" jdbcType="VARCHAR" />
    <result column="GUID" property="guid" jdbcType="VARCHAR" />
    <result column="ROLE_CODE" property="roleCode" jdbcType="VARCHAR" />
    <result column="CREATE_TIME" property="createTime" jdbcType="TIMESTAMP" />
    <result column="CREATE_USER" property="createUser" jdbcType="DECIMAL" />
    <result column="UPDATE_TIME" property="updateTime" jdbcType="TIMESTAMP" />
    <result column="UPDATE_USER" property="updateUser" jdbcType="DECIMAL" />
  </resultMap>
  
  <resultMap id="BaseResultMapUserInfo" type="com.spring.scenic.system.domain.AuthRole" extends="BaseResultMap">
  	<result column="createUserName" property="createUserName" jdbcType="VARCHAR" />
    <result column="updateUserName" property="updateUserName" jdbcType="VARCHAR" />
  </resultMap>
  
  <sql id="Base_Column_List" >
    t.ID, t.ROLE_NAME, t.VALID, t.REMARKS, t.GUID, t.ROLE_CODE, t.CREATE_TIME, t.CREATE_USER, 
    t.UPDATE_TIME, t.UPDATE_USER
  </sql>
  
  <sql id="BaseColumnListUserInfo" >
      au1.truename createUserName,au.truename updateUserName
  </sql>
  
  <select id="getRole" resultMap="BaseResultMap" parameterType="com.spring.scenic.system.domain.AuthRole" >
    select 
    <include refid="Base_Column_List" />
    from TB_AUTH_ROLE t
    where id = #{id} 
  </select>
  
  <select id="getRoleList" resultMap="BaseResultMap" parameterType="com.spring.scenic.system.domain.AuthRole" >
    select 
    <include refid="Base_Column_List" />
    from TB_AUTH_ROLE t
    where 1=1 
  </select>
  
  <select id="getRoleListByResource" resultMap="BaseResultMap" parameterType="com.spring.scenic.system.domain.AuthResource" >
    select 
    <include refid="Base_Column_List" />
    from TB_AUTH_ROLE t
    where t.ID in (select p.role_id from tb_auth_permission p where p.resource_id = #{id,jdbcType=DECIMAL})
  </select>
  
  
  <select id="selectByPrimaryKey" resultMap="BaseResultMap" parameterType="java.lang.Integer" >
    select 
    <include refid="Base_Column_List" />
    from TB_AUTH_ROLE t
    where ID = #{id,jdbcType=DECIMAL}
  </select>
  
  <select id="getRoleListByUser" resultMap="BaseResultMap" parameterType="com.spring.scenic.system.domain.AuthUser">
	select 
	<include refid="Base_Column_List" />
	from tb_auth_role t where id in (
		select ur.role_id from tb_auth_userrole ur where ur.user_id= #{id} 
	)
  </select>
  	
  <select id="queryRoleList" resultMap="BaseResultMapUserInfo">
		select
		  <include refid="Base_Column_List" />
		  ,<include refid="BaseColumnListUserInfo" /> 
	  from tb_auth_role t
	  left join tb_auth_user au on au.id = t.update_user
	  left join tb_auth_user au1 on au1.id = t.create_user
	  where 1=1
	  	<if test="roleName !=null  and roleName !='' ">
			and t.role_name like '%' ||TRIM(#{roleName})|| '%'
		</if>
		<if test="roleCode !=null  and roleCode !='' ">
			and t.role_code like '%' ||TRIM(#{roleCode})|| '%'
		</if>
		order by t.create_time desc
	</select>
  
  <insert id="insert" parameterType="com.spring.scenic.system.domain.AuthRole" >
    insert into TB_AUTH_ROLE (ID, ROLE_NAME, VALID, 
      REMARKS, GUID, 
      ROLE_CODE, CREATE_TIME, CREATE_USER, 
      UPDATE_TIME, UPDATE_USER)
    values (#{id,jdbcType=DECIMAL}, #{roleName,jdbcType=VARCHAR}, #{valid,jdbcType=DECIMAL}, 
      #{remarks,jdbcType=VARCHAR},  #{guid,jdbcType=VARCHAR}, 
      #{roleCode,jdbcType=VARCHAR}, #{createTime,jdbcType=TIMESTAMP}, #{createUser,jdbcType=DECIMAL}, 
      #{updateTime,jdbcType=TIMESTAMP}, #{updateUser,jdbcType=DECIMAL})
  </insert>
  
  <insert id="insertRole" parameterType="com.spring.scenic.system.domain.AuthRole" >
  	<selectKey keyProperty="id" order="BEFORE" resultType="java.lang.Integer">
		select seq_tb_auth_role.nextval from dual
	</selectKey>
    insert into TB_AUTH_ROLE
    <trim prefix="(" suffix=")" suffixOverrides="," >
      <if test="id != null" >
        ID,
      </if>
      <if test="roleName != null" >
        ROLE_NAME,
      </if>
      <if test="valid != null" >
        VALID,
      </if>
      <if test="remarks != null" >
        REMARKS,
      </if>
      <if test="guid != null" >
        GUID,
      </if>
      <if test="roleCode != null" >
        ROLE_CODE,
      </if>
      <if test="createTime != null" >
        CREATE_TIME,
      </if>
      <if test="createUser != null" >
        CREATE_USER,
      </if>
      <if test="updateTime != null" >
        UPDATE_TIME,
      </if>
      <if test="updateUser != null" >
        UPDATE_USER,
      </if>
    </trim>
    <trim prefix="values (" suffix=")" suffixOverrides="," >
      <if test="id != null" >
        #{id,jdbcType=DECIMAL},
      </if>
      <if test="roleName != null" >
        #{roleName,jdbcType=VARCHAR},
      </if>
      <if test="valid != null" >
        #{valid,jdbcType=DECIMAL},
      </if>
      <if test="remarks != null" >
        #{remarks,jdbcType=VARCHAR},
      </if>
      <if test="departmentId != null" >
        #{departmentId,jdbcType=DECIMAL},
      </if>
      <if test="guid != null" >
        #{guid,jdbcType=VARCHAR},
      </if>
      <if test="roleCode != null" >
        #{roleCode,jdbcType=VARCHAR},
      </if>
      <if test="createTime != null" >
        #{createTime,jdbcType=TIMESTAMP},
      </if>
      <if test="createUser != null" >
        #{createUser,jdbcType=DECIMAL},
      </if>
      <if test="updateTime != null" >
        #{updateTime,jdbcType=TIMESTAMP},
      </if>
      <if test="updateUser != null" >
        #{updateUser,jdbcType=DECIMAL},
      </if>
    </trim>
  </insert>
  
  <update id="updateByPrimaryKey" parameterType="com.spring.scenic.system.domain.AuthRole" >
    update TB_AUTH_ROLE
    	set
        ROLE_NAME = #{roleName,jdbcType=VARCHAR},
        VALID = #{valid,jdbcType=DECIMAL},
        REMARKS = #{remarks,jdbcType=VARCHAR},
        GUID = #{guid,jdbcType=VARCHAR},
        ROLE_CODE = #{roleCode,jdbcType=VARCHAR},
        CREATE_TIME = #{createTime,jdbcType=TIMESTAMP},
        CREATE_USER = #{createUser,jdbcType=DECIMAL},
        UPDATE_TIME = #{updateTime,jdbcType=TIMESTAMP},
        UPDATE_USER = #{updateUser,jdbcType=DECIMAL}
    where ID = #{id,jdbcType=DECIMAL}
  </update>
  
  <update id="updateForbiddenOrUseData">
	update TB_AUTH_ROLE 
	  <set>
		  <if test="valid != null" >
		 	 valid = #{valid,jdbcType=DECIMAL},
		  </if>
		  <if test="updateTime != null" >
		  	 update_time = #{updateTime,jdbcType=TIMESTAMP},
		  </if>
		  <if test="updateUser != null" >
		  	 update_user = #{updateUser,jdbcType=DECIMAL}
		  </if>
	  </set> 
	  where id = #{id,jdbcType=DECIMAL}
  </update>
	
	<update id="updateRole">
		update  tb_auth_role set
			<if test="roleName != null" >
		      ROLE_NAME = #{roleName,jdbcType=VARCHAR},
		    </if>
		    <if test="valid != null" >
		      VALID = #{valid,jdbcType=DECIMAL},
		    </if>
		    <if test="remarks != null" >
		      REMARKS = #{remarks,jdbcType=VARCHAR},
		    </if>
		    <if test="guid != null" >
		      GUID = #{guid,jdbcType=VARCHAR},
		    </if>
		    <if test="roleCode != null" >
		      ROLE_CODE = #{roleCode,jdbcType=VARCHAR},
		    </if>
		    <if test="createTime != null" >
		      CREATE_TIME = #{createTime,jdbcType=TIMESTAMP},
		    </if>
		    <if test="createUser != null" >
		      CREATE_USER = #{createUser,jdbcType=DECIMAL},
		    </if>
		    <if test="updateTime != null" >
		      UPDATE_TIME = #{updateTime,jdbcType=TIMESTAMP},
		    </if>
		    <if test="updateUser != null" >
		      UPDATE_USER = #{updateUser,jdbcType=DECIMAL}
		    </if>
		    where ID = #{id,jdbcType=DECIMAL}
	</update>
	
	<select id="setlectRoleByUserId" resultMap="BaseResultMap">
	    select 
	    <include refid="Base_Column_List" />
	    from TB_AUTH_ROLE t
	    where t.id in
       (select a.role_id from tb_auth_userrole a where a.user_id = #{id})
   </select>
	
	
</mapper>