<?xml version="1.0" encoding="UTF-8" ?>
<!DOCTYPE mapper PUBLIC "-//mybatis.org//DTD Mapper 3.0//EN" "http://mybatis.org/dtd/mybatis-3-mapper.dtd" >
<mapper namespace="com.spring.scenic.system.infrastructure.AuthUserMapper" >
  
  <!-- 用户信息 -->
  <resultMap id="BaseResultMapAuthUser" type="com.spring.scenic.system.domain.AuthUser" >
    <id column="ID" property="id" jdbcType="DECIMAL" />
    <result column="USERNAME" property="username" jdbcType="VARCHAR" />
    <result column="PASSWORD" property="password" jdbcType="VARCHAR" />
    <result column="TRUENAME" property="truename" jdbcType="VARCHAR" />
    <result column="TEL" property="tel" jdbcType="VARCHAR" />
    <result column="PHONE" property="phone" jdbcType="DECIMAL" />
    <result column="EMAIL" property="email" jdbcType="VARCHAR" />
    <result column="FAX" property="fax" jdbcType="VARCHAR" />
    <result column="VALID" property="valid" jdbcType="DECIMAL" />
    <result column="SEX" property="sex" jdbcType="DECIMAL" />
    <result column="LOGIN_IP" property="loginIp" jdbcType="VARCHAR" />
    <result column="LOGIN_DATE" property="loginDate" jdbcType="TIMESTAMP" />
    <result column="REMARKS" property="remarks" jdbcType="VARCHAR" />
    <result column="GUID" property="guid" jdbcType="VARCHAR" />
    <result column="QQ" property="qq" jdbcType="DECIMAL" />
    <result column="WEIXIN" property="weixin" jdbcType="VARCHAR" />
    <result column="TYPE" property="type" jdbcType="DECIMAL" />
    <result column="CREATE_USER" property="createUser" jdbcType="DECIMAL" />
    <result column="CREATE_TIME" property="createTime" jdbcType="TIMESTAMP" />
    <result column="MODIFY_USER" property="modifyUser" jdbcType="DECIMAL" />
    <result column="MODIFY_TIME" property="modifyTime" jdbcType="TIMESTAMP" />
    <result column="DEPARTMENT_ID" property="departmentId" jdbcType="DECIMAL" />
  </resultMap>
  
  <resultMap id="BaseResultMapAuthUserNameInfo" type="com.spring.scenic.system.domain.AuthUser" extends="BaseResultMapAuthUser">
  	  <result column="departmanetName" property="departmanetName" jdbcType="VARCHAR" />
	  <result column="createUserName" property="createUserName" jdbcType="VARCHAR" />
	  <result column="updateUserName" property="updateUserName" jdbcType="VARCHAR" />
  </resultMap>
  
  <sql id="BaseColumnListAuthUser" >
    t.ID, t.USERNAME, t.PASSWORD, t.TRUENAME, t.TEL, t.PHONE, t.EMAIL, t.FAX, t.VALID, t.SEX, t.LOGIN_IP, t.LOGIN_DATE, 
    t.REMARKS, t.GUID, t.QQ, t.WEIXIN, t.TYPE, t.CREATE_USER, t.CREATE_TIME, t.MODIFY_USER, t.MODIFY_TIME, 
    t.DEPARTMENT_ID
  </sql>
  
  <sql id="BaseColumnListAuthUserNameInfo" >
    au1.truename createUserName,au.truename updateUserName,det.name departmanetName
  </sql>
  
  
  <!-- 角色信息 -->
  <resultMap id="BaseResultMapAuthRole" type="com.spring.scenic.system.domain.AuthRole" >
    <id column="ID" property="id" jdbcType="DECIMAL" />
    <result column="ROLE_NAME" property="roleName" jdbcType="VARCHAR" />
    <result column="VALID" property="valid" jdbcType="DECIMAL" />
    <result column="REMARKS" property="remarks" jdbcType="VARCHAR" />
    <result column="GUID" property="guid" jdbcType="VARCHAR" />
    <result column="ROLE_CODE" property="roleCode" jdbcType="VARCHAR" />
    <result column="CREATE_TIME" property="createTime" jdbcType="TIMESTAMP" />
    <result column="CREATE_USER" property="createUser" jdbcType="DECIMAL" />
    <result column="UPDATE_TIME" property="updateTime" jdbcType="TIMESTAMP" />
    <result column="UPDATE_USER" property="updateUser" jdbcType="DECIMAL" />
  </resultMap>
  
  <sql id="BaseColumnListAuthRole" >
    ID, ROLE_NAME, VALID, REMARKS, GUID, ROLE_CODE, CREATE_TIME, CREATE_USER, 
    UPDATE_TIME, UPDATE_USER
  </sql>

  <!-- 资源信息 -->
  <resultMap id="BaseResultMapAuthResource" type="com.spring.scenic.system.domain.AuthResource" >
    <id column="ID" property="id" jdbcType="DECIMAL" />
    <result column="NAME" property="name" jdbcType="VARCHAR" />
    <result column="URL" property="url" jdbcType="VARCHAR" />
    <result column="PARENT_ID" property="parentId" jdbcType="DECIMAL" />
    <result column="SORT" property="sort" jdbcType="DECIMAL" />
    <result column="VALID" property="valid" jdbcType="DECIMAL" />
    <result column="TYPE" property="type" jdbcType="DECIMAL" />
    <result column="SYSTEMID" property="systemid" jdbcType="DECIMAL" />
    <result column="GUID" property="guid" jdbcType="VARCHAR" />
    <result column="REMARKS" property="remarks" jdbcType="VARCHAR" />
    <result column="CREATE_TIME" property="createTime" jdbcType="TIMESTAMP" />
    <result column="CREATE_USER" property="createUser" jdbcType="DECIMAL" />
    <result column="UPDATE_TIME" property="updateTime" jdbcType="TIMESTAMP" />
    <result column="UPDATE_USER" property="updateUser" jdbcType="DECIMAL" />
  </resultMap>
  
  <sql id="BaseColumnListAuthResource" >
    ID, NAME, URL, PARENT_ID, SORT, VALID, TYPE, SYSTEMID, GUID, REMARKS, CREATE_TIME, 
    CREATE_USER, UPDATE_TIME, UPDATE_USER
  </sql>

  
  <!-- 根据用户账号查询用户信息 -->
  <select id="getUserByAccount" resultMap="BaseResultMapAuthUser" parameterType="java.lang.String" >
    select 
    <include refid="BaseColumnListAuthUser" />
    from TB_AUTH_USER t
    where  t.VALID = 1 and t.USERNAME = #{username}
  </select>
  
  <!-- 根据用户获取用户角色列表 -->
  <select id="getUserAuthRoleList" resultMap="BaseResultMapAuthRole" parameterType="com.spring.scenic.system.domain.AuthUser" >
    select 
    <include refid="BaseColumnListAuthRole" />
    from TB_AUTH_ROLE r where r.valid=1 and r.id in(
           select ROLE_ID from TB_AUTH_USERROLE ru where ru.USER_ID = #{id}
    )
  </select>
  
  <!-- 根据用户获取用户角色下的资源列表 -->
  <select id="getUserAuthResourceList" resultMap="BaseResultMapAuthResource" parameterType="com.spring.scenic.system.domain.AuthUser">
	select 
	  <include refid="BaseColumnListAuthResource" />
	  from TB_AUTH_RESOURCE r
	 where r.VALID = 1 and r.id in(
	        select p.resource_id from TB_AUTH_PERMISSION p where p.role_id in(
	        	select id from tb_auth_role where id in(
					select ur.role_id from tb_auth_userrole ur where ur.user_id = #{id}
				) and valid = 1
	        )
	 )
  </select>
  
    
  <select id="queryUserList" resultMap="BaseResultMapAuthUserNameInfo">
	select 
	   <include refid="BaseColumnListAuthUser" />
	   ,<include refid="BaseColumnListAuthUserNameInfo" />
	  from TB_AUTH_USER t
	  left join tb_auth_department det
	    on det.id = DEPARTMENT_ID
	  left join tb_auth_user au
	    on au.id = t.modify_user
	  left join tb_auth_user au1
	    on au1.id = t.CREATE_USER
	    where  1=1 
	    <if test="username !=null  and username !='' ">
			and t.username like '%' ||TRIM(#{username})|| '%'
		</if>
		<if test="truename !=null  and truename !='' ">
			and t.truename like '%' ||TRIM(#{truename})|| '%'
		</if>
		<if test="departmanetName !=null  and departmanetName !='' ">
			and det.name like '%' ||TRIM(#{departmanetName})|| '%'
		</if>
		<if test="valid !=null">
			and t.valid = #{valid}
		</if>
		order by t.create_time desc
  </select>
  
  <insert id="insert" parameterType="com.spring.scenic.system.domain.AuthUser" >
    <!--
      WARNING - @mbggenerated
      This element is automatically generated by MyBatis Generator, do not modify.
      This element was generated on Tue Dec 20 22:11:23 CST 2016.
    -->
    insert into TB_AUTH_USER (ID, USERNAME, PASSWORD, 
      TRUENAME, TEL, PHONE, 
      EMAIL, FAX, VALID, 
      SEX, LOGIN_IP, LOGIN_DATE, 
      REMARKS, GUID, QQ, 
      WEIXIN, TYPE, CREATE_USER, 
      CREATE_TIME, MODIFY_USER, MODIFY_TIME, 
      DEPARTMENT_ID)
    values (#{id,jdbcType=DECIMAL}, #{username,jdbcType=VARCHAR}, #{password,jdbcType=VARCHAR}, 
      #{truename,jdbcType=VARCHAR}, #{tel,jdbcType=VARCHAR}, #{phone,jdbcType=DECIMAL}, 
      #{email,jdbcType=VARCHAR}, #{fax,jdbcType=VARCHAR}, #{valid,jdbcType=DECIMAL}, 
      #{sex,jdbcType=DECIMAL}, #{loginIp,jdbcType=VARCHAR}, #{loginDate,jdbcType=TIMESTAMP}, 
      #{remarks,jdbcType=VARCHAR}, #{guid,jdbcType=VARCHAR}, #{qq,jdbcType=DECIMAL}, 
      #{weixin,jdbcType=VARCHAR}, #{type,jdbcType=DECIMAL}, #{createUser,jdbcType=DECIMAL}, 
      #{createTime,jdbcType=TIMESTAMP}, #{modifyUser,jdbcType=DECIMAL}, #{modifyTime,jdbcType=TIMESTAMP}, 
      #{departmentId,jdbcType=DECIMAL})
  </insert>
  
  <insert id="addUser" parameterType="com.spring.scenic.system.domain.AuthUser" >
 	<selectKey keyProperty="id" order="BEFORE" resultType="java.lang.Integer">
		select seq_tb_auth_user.nextval from dual
	</selectKey>
    insert into TB_AUTH_USER
    <trim prefix="(" suffix=")" suffixOverrides="," >
      <if test="id != null" >
        ID,
      </if>
      <if test="username != null" >
        USERNAME,
      </if>
      <if test="password != null" >
        PASSWORD,
      </if>
      <if test="truename != null" >
        TRUENAME,
      </if>
      <if test="tel != null" >
        TEL,
      </if>
      <if test="phone != null" >
        PHONE,
      </if>
      <if test="email != null" >
        EMAIL,
      </if>
      <if test="fax != null" >
        FAX,
      </if>
      <if test="valid != null" >
        VALID,
      </if>
      <if test="sex != null" >
        SEX,
      </if>
      <if test="loginIp != null" >
        LOGIN_IP,
      </if>
      <if test="loginDate != null" >
        LOGIN_DATE,
      </if>
      <if test="remarks != null" >
        REMARKS,
      </if>
      <if test="guid != null" >
        GUID,
      </if>
      <if test="qq != null" >
        QQ,
      </if>
      <if test="weixin != null" >
        WEIXIN,
      </if>
      <if test="type != null" >
        TYPE,
      </if>
      <if test="createUser != null" >
        CREATE_USER,
      </if>
      <if test="createTime != null" >
        CREATE_TIME,
      </if>
      <if test="modifyUser != null" >
        MODIFY_USER,
      </if>
      <if test="modifyTime != null" >
        MODIFY_TIME,
      </if>
      <if test="departmentId != null" >
        DEPARTMENT_ID,
      </if>
    </trim>
    <trim prefix="values (" suffix=")" suffixOverrides="," >
      <if test="id != null" >
        #{id,jdbcType=DECIMAL},
      </if>
      <if test="username != null" >
        #{username,jdbcType=VARCHAR},
      </if>
      <if test="password != null" >
        #{password,jdbcType=VARCHAR},
      </if>
      <if test="truename != null" >
        #{truename,jdbcType=VARCHAR},
      </if>
      <if test="tel != null" >
        #{tel,jdbcType=VARCHAR},
      </if>
      <if test="phone != null" >
        #{phone,jdbcType=DECIMAL},
      </if>
      <if test="email != null" >
        #{email,jdbcType=VARCHAR},
      </if>
      <if test="fax != null" >
        #{fax,jdbcType=VARCHAR},
      </if>
      <if test="valid != null" >
        #{valid,jdbcType=DECIMAL},
      </if>
      <if test="sex != null" >
        #{sex,jdbcType=DECIMAL},
      </if>
      <if test="loginIp != null" >
        #{loginIp,jdbcType=VARCHAR},
      </if>
      <if test="loginDate != null" >
        #{loginDate,jdbcType=TIMESTAMP},
      </if>
      <if test="remarks != null" >
        #{remarks,jdbcType=VARCHAR},
      </if>
      <if test="guid != null" >
        #{guid,jdbcType=VARCHAR},
      </if>
      <if test="qq != null" >
        #{qq,jdbcType=DECIMAL},
      </if>
      <if test="weixin != null" >
        #{weixin,jdbcType=VARCHAR},
      </if>
      <if test="type != null" >
        #{type,jdbcType=DECIMAL},
      </if>
      <if test="createUser != null" >
        #{createUser,jdbcType=DECIMAL},
      </if>
      <if test="createTime != null" >
        #{createTime,jdbcType=TIMESTAMP},
      </if>
      <if test="modifyUser != null" >
        #{modifyUser,jdbcType=DECIMAL},
      </if>
      <if test="modifyTime != null" >
        #{modifyTime,jdbcType=TIMESTAMP},
      </if>
      <if test="departmentId != null" >
        #{departmentId,jdbcType=DECIMAL},
      </if>
    </trim>
  </insert>
  <update id="updateByPrimaryKeySelective" parameterType="com.spring.scenic.system.domain.AuthUser" >
    update TB_AUTH_USER
    <set >
      <if test="username != null" >
        USERNAME = #{username,jdbcType=VARCHAR},
      </if>
      <if test="password != null" >
        PASSWORD = #{password,jdbcType=VARCHAR},
      </if>
      <if test="truename != null" >
        TRUENAME = #{truename,jdbcType=VARCHAR},
      </if>
      <if test="tel != null" >
        TEL = #{tel,jdbcType=VARCHAR},
      </if>
      <if test="phone != null" >
        PHONE = #{phone,jdbcType=DECIMAL},
      </if>
      <if test="email != null" >
        EMAIL = #{email,jdbcType=VARCHAR},
      </if>
      <if test="fax != null" >
        FAX = #{fax,jdbcType=VARCHAR},
      </if>
      <if test="valid != null" >
        VALID = #{valid,jdbcType=DECIMAL},
      </if>
      <if test="sex != null" >
        SEX = #{sex,jdbcType=DECIMAL},
      </if>
      <if test="loginIp != null" >
        LOGIN_IP = #{loginIp,jdbcType=VARCHAR},
      </if>
      <if test="loginDate != null" >
        LOGIN_DATE = #{loginDate,jdbcType=TIMESTAMP},
      </if>
      <if test="remarks != null" >
        REMARKS = #{remarks,jdbcType=VARCHAR},
      </if>
      <if test="guid != null" >
        GUID = #{guid,jdbcType=VARCHAR},
      </if>
      <if test="qq != null" >
        QQ = #{qq,jdbcType=DECIMAL},
      </if>
      <if test="weixin != null" >
        WEIXIN = #{weixin,jdbcType=VARCHAR},
      </if>
      <if test="type != null" >
        TYPE = #{type,jdbcType=DECIMAL},
      </if>
      <if test="createUser != null" >
        CREATE_USER = #{createUser,jdbcType=DECIMAL},
      </if>
      <if test="createTime != null" >
        CREATE_TIME = #{createTime,jdbcType=TIMESTAMP},
      </if>
      <if test="modifyUser != null" >
        MODIFY_USER = #{modifyUser,jdbcType=DECIMAL},
      </if>
      <if test="modifyTime != null" >
        MODIFY_TIME = #{modifyTime,jdbcType=TIMESTAMP},
      </if>
      <if test="departmentId != null" >
        DEPARTMENT_ID = #{departmentId,jdbcType=DECIMAL},
      </if>
    </set>
    where ID = #{id,jdbcType=DECIMAL}
  </update>
  <update id="updateByPrimaryKey" parameterType="com.spring.scenic.system.domain.AuthUser" >
    <!--
      WARNING - @mbggenerated
      This element is automatically generated by MyBatis Generator, do not modify.
      This element was generated on Tue Dec 20 22:11:23 CST 2016.
    -->
    update TB_AUTH_USER
    set USERNAME = #{username,jdbcType=VARCHAR},
      PASSWORD = #{password,jdbcType=VARCHAR},
      TRUENAME = #{truename,jdbcType=VARCHAR},
      TEL = #{tel,jdbcType=VARCHAR},
      PHONE = #{phone,jdbcType=DECIMAL},
      EMAIL = #{email,jdbcType=VARCHAR},
      FAX = #{fax,jdbcType=VARCHAR},
      VALID = #{valid,jdbcType=DECIMAL},
      SEX = #{sex,jdbcType=DECIMAL},
      LOGIN_IP = #{loginIp,jdbcType=VARCHAR},
      LOGIN_DATE = #{loginDate,jdbcType=TIMESTAMP},
      REMARKS = #{remarks,jdbcType=VARCHAR},
      GUID = #{guid,jdbcType=VARCHAR},
      QQ = #{qq,jdbcType=DECIMAL},
      WEIXIN = #{weixin,jdbcType=VARCHAR},
      TYPE = #{type,jdbcType=DECIMAL},
      CREATE_USER = #{createUser,jdbcType=DECIMAL},
      CREATE_TIME = #{createTime,jdbcType=TIMESTAMP},
      MODIFY_USER = #{modifyUser,jdbcType=DECIMAL},
      MODIFY_TIME = #{modifyTime,jdbcType=TIMESTAMP},
      DEPARTMENT_ID = #{departmentId,jdbcType=DECIMAL}
    where ID = #{id,jdbcType=DECIMAL}
  </update>
  
  <update id="updateUserById">
  update TB_AUTH_USER
    <set>
	    <if test="username != null" >
	      USERNAME = #{username,jdbcType=VARCHAR},
	    </if>
	    <if test="truename != null" >
	      TRUENAME = #{truename,jdbcType=VARCHAR},
	    </if>
	    <if test="valid != null" >
	      VALID = #{valid,jdbcType=DECIMAL},
	    </if>
	    <if test="type != null" >
	      TYPE = #{type,jdbcType=DECIMAL},
	    </if>
	    QQ = #{qq,jdbcType=DECIMAL},
	    
        WEIXIN = #{weixin,jdbcType=VARCHAR},
      
        FAX = #{fax,jdbcType=VARCHAR},
    
        EMAIL = #{email,jdbcType=VARCHAR},
      
        PHONE = #{phone,jdbcType=DECIMAL},
      
        TEL = #{tel,jdbcType=VARCHAR},
        
	    <if test="createUser != null" >
	      CREATE_USER = #{createUser,jdbcType=DECIMAL},
	    </if>
	    <if test="createTime != null" >
	      CREATE_TIME = #{createTime,jdbcType=TIMESTAMP},
	    </if>
	    <if test="modifyUser != null" >
	      MODIFY_USER = #{modifyUser,jdbcType=DECIMAL},
	    </if>
	    <if test="modifyTime != null" >
	      MODIFY_TIME = #{modifyTime,jdbcType=TIMESTAMP},
	    </if>
	    <if test="departmentId != null" >
	      DEPARTMENT_ID = #{departmentId,jdbcType=DECIMAL}
	    </if>
    </set> 
    where ID = #{id,jdbcType=DECIMAL}
  </update>
  
   <update id="updateForbiddenOrUseData">
		update TB_AUTH_USER 
		  <set>
			  <if test="valid != null" >
			  	valid = #{valid,jdbcType=DECIMAL},
			  </if>
			  <if test="modifyTime != null" >
			  	MODIFY_TIME = #{modifyTime,jdbcType=TIMESTAMP},
			  </if>
			  <if test="modifyUser != null" >
			  	MODIFY_USER = #{modifyUser,jdbcType=DECIMAL}
			  </if>
		  </set> 
		  where id = #{id,jdbcType=DECIMAL}
	</update>
	<select id="initDeptOptions" resultType="com.spring.scenic.system.domain.Department">
		select t.id, t.name from tb_auth_department t where t.valid = 1
	</select>
	
	<select id="queryUserByUserName" resultType="java.lang.Integer">
		select count(1) from TB_AUTH_USER
		where username = #{username}
	</select>
	
	<select id="selectUserByPrimaryKey" resultMap="BaseResultMapAuthUserNameInfo">
	select 
    <include refid="BaseColumnListAuthUser" />
    ,<include refid="BaseColumnListAuthUserNameInfo" />
    from TB_AUTH_USER t
    left join tb_auth_department det
	    on det.id = DEPARTMENT_ID
	  left join tb_auth_user au
	    on au.id = t.modify_user
	  left join tb_auth_user au1
	    on au1.id = t.CREATE_USER
    where t.id = #{id}
	</select>
  	
  	<update id="updateUserPassword">
  		update TB_AUTH_USER 
		  set 
		  PASSWORD = #{password,jdbcType=VARCHAR},
		  MODIFY_TIME = #{modifyTime,jdbcType=TIMESTAMP},
		  MODIFY_USER = #{modifyUser,jdbcType=DECIMAL}
		  where id = #{id,jdbcType=DECIMAL}
  	</update>
  	
  	<!-- 查询当前登录用户的信息 by ranmaoping -->
	<select id="queryUserInfoById" resultMap="BaseResultMapAuthUser">
	select 
    <include refid="BaseColumnListAuthUser" />
    from TB_AUTH_USER t
    where t.id = #{id}
    and t.valid = 1
	</select>
	<!-- 更新密码 by ranmaoping -->
	<update id="updatePassword" parameterType="com.spring.scenic.system.domain.dto.PasswordVo">
		UPDATE TB_AUTH_USER
		SET PASSWORD=#{newPassword}
		WHERE id=#{userId}
	</update>
	<!-- 更新联系方式  by ranmaoping-->
	<update id="updateContactInfo" parameterType="com.spring.scenic.system.domain.AuthUser">
	update TB_AUTH_USER 
		  set 
		  TEL = #{tel,jdbcType=VARCHAR},
	      PHONE = #{phone,jdbcType=DECIMAL},
	      EMAIL = #{email,jdbcType=VARCHAR},
	      QQ = #{qq,jdbcType=DECIMAL},
	      WEIXIN = #{weixin,jdbcType=VARCHAR},
		  MODIFY_TIME = #{modifyTime,jdbcType=TIMESTAMP},
		  MODIFY_USER = #{modifyUser,jdbcType=DECIMAL}
		  where id = #{id,jdbcType=DECIMAL}
	</update>
	
	<!-- 校验username 是否重复 ，如果重复，提示 -->
	<select id="selectCountByParam" parameterType="com.spring.scenic.system.domain.AuthUser" resultType="java.lang.Integer" >
		select count(1) from TB_AUTH_USER A
    	where A.USERNAME = #{username,jdbcType=VARCHAR}
     	<if test="id != null" >
			  	and id != #{id,jdbcType=DECIMAL}
	    </if>
	</select>
  		
</mapper>