<?xml version="1.0" encoding="UTF-8" ?>
<!DOCTYPE mapper PUBLIC "-//mybatis.org//DTD Mapper 3.0//EN" "http://mybatis.org/dtd/mybatis-3-mapper.dtd" >
<mapper namespace="com.spring.scenic.system.infrastructure.AuthUserLogMapper" >
  
  <!-- 用户日志信息 -->
  <resultMap id="BaseResultMap" type="com.spring.scenic.system.domain.dto.UserLogVo" >
    <id column="ID" property="id" jdbcType="DECIMAL" />
    <result column="OPT_TYPE" property="optType" jdbcType="VARCHAR" />
    <result column="OPT_TIME" property="optTime" jdbcType="TIMESTAMP" />
    <result column="OPT_BY" property="optBy" jdbcType="DECIMAL" />
  </resultMap>
  
  <resultMap id="BaseResultMapName" type="com.spring.scenic.system.domain.dto.UserLogVo" extends="BaseResultMap">
  	<result column="optByName" property="optByName" jdbcType="VARCHAR" />
  </resultMap>
  
  <sql id="BaseColumnList" >
    t.ID, t.OPT_TYPE, t.OPT_TIME, t.OPT_BY
  </sql>
  
  <sql id="BaseColumnListName" >
    au.truename optByName
  </sql>
    
  <select id="queryUserLogList" resultMap="BaseResultMapName">
	  select 
	   <include refid="BaseColumnList" />
	   ,<include refid="BaseColumnListName" />
	  from tb_user_log t
	  left join tb_auth_user au on au.id = t.opt_by
	  	where 1=2
	  	<if test="id !=null  and id !='' ">
			or t.OPT_BY = #{id}
		</if>
		order by t.OPT_TIME desc
  </select>
  
  <insert id="addUserLog" >
 	<selectKey keyProperty="id" order="BEFORE" resultType="java.lang.Integer">
		select seq_tb_user_log.nextval from dual
	</selectKey>
    insert into TB_USER_LOG
    <trim prefix="(" suffix=")" suffixOverrides="," >
      <if test="id != null" >
        ID,
      </if>
      <if test="optType != null" >
        OPT_TYPE,
      </if>
      <if test="optTime != null" >
        OPT_TIME,
      </if>
      <if test="optBy != null" >
        OPT_BY,
      </if>
    </trim>
    <trim prefix="values (" suffix=")" suffixOverrides="," >
      <if test="id != null" >
        #{id,jdbcType=DECIMAL},
      </if>
      <if test="optType != null" >
        #{optType,jdbcType=VARCHAR},
      </if>
      <if test="optTime != null" >
        #{optTime,jdbcType=TIMESTAMP},
      </if>
      <if test="optBy != null" >
        #{optBy,jdbcType=DECIMAL},
      </if>
    </trim>
  </insert>
  
  
</mapper>