<?xml version="1.0" encoding="UTF-8"?>
<!DOCTYPE mapper PUBLIC "-//mybatis.org//DTD Mapper 3.0//EN" "http://mybatis.org/dtd/mybatis-3-mapper.dtd">
<mapper namespace="com.spring.scenic.system.infrastructure.DepartmentMapper">


	<resultMap id="BaseResultMapAuthDepartment" type="com.spring.scenic.system.domain.AuthDepartment" >
	  <result column="ID" property="id" jdbcType="DECIMAL" />
	  <result column="NAME" property="name" jdbcType="VARCHAR" />
	  <result column="PARENT_ID" property="parentId" jdbcType="DECIMAL" />
	  <result column="REMARKS" property="remarks" jdbcType="VARCHAR" />
	  <result column="TYPE" property="type" jdbcType="DECIMAL" />
	  <result column="VALID" property="valid" jdbcType="VARCHAR" />
	  <result column="CREATE_TIME" property="createTime" jdbcType="TIMESTAMP" />
	  <result column="UPDATE_TIME" property="updateTime" jdbcType="TIMESTAMP" />
	  <result column="GUID" property="guid" jdbcType="VARCHAR" />
	</resultMap>
	
	<resultMap id="BaseResultMapDepartment" type="com.spring.scenic.system.domain.Department" >
	  <result column="ID" property="id" jdbcType="DECIMAL" />
	  <result column="NAME" property="name" jdbcType="VARCHAR" />
	  <result column="PARENT_ID" property="parentId" jdbcType="DECIMAL" />
	  <result column="REMARKS" property="remarks" jdbcType="VARCHAR" />
	  <result column="TYPE" property="type" jdbcType="DECIMAL" />
	  <result column="VALID" property="valid" jdbcType="VARCHAR" />
	  <result column="CREATE_TIME" property="createTime" jdbcType="TIMESTAMP" />
	  <result column="UPDATE_TIME" property="updateTime" jdbcType="TIMESTAMP" />
	  <result column="GUID" property="guid" jdbcType="VARCHAR" />
	</resultMap>
	
	<resultMap id="BaseResultMapDepartmentUserInfo" type="com.spring.scenic.system.domain.Department" extends="BaseResultMapDepartment">
	  <result column="createUserName" property="createUserName" jdbcType="VARCHAR" />
	  <result column="updateUserName" property="updateUserName" jdbcType="VARCHAR" />
	  <result column="parentName" property="parentName" jdbcType="VARCHAR" />
	  <result column="createUserId" property="createUserId" jdbcType="DECIMAL" />
	  <result column="updateUserId" property="updateUserId" jdbcType="DECIMAL" />
	  <result column="times" property="times" jdbcType="TIMESTAMP" />
	</resultMap>

	<sql id="BaseColumnListDepartment" >
	  t.ID, t.NAME, t.PARENT_ID,t.REMARKS, t.TYPE, t.VALID,t.CREATE_USER, t.CREATE_TIME, t.UPDATE_USER,t.UPDATE_TIME, t.GUID
	</sql>
	<sql id="BaseColumnListDepartmentUserInfo" >
      au1.truename createUserName,au.truename updateUserName,t1.name parentName,t.CREATE_USER createUserId,t.UPDATE_USER updateUserId
  	</sql>

 	<!-- 查询所有部门 -->
	<select id="getDepartmentList" resultMap="BaseResultMapAuthDepartment" parameterType="com.spring.scenic.system.domain.AuthDepartment">
		select 
		<include refid="BaseColumnListDepartment" />
		from TB_AUTH_DEPARTMENT t
	</select>
	
	<!-- 根据ID查询单个部门 -->
	<select id="getDepartmentById" resultMap="BaseResultMapAuthDepartment" parameterType="java.lang.Integer">
		select 
		<include refid="BaseColumnListDepartment" />
		from TB_AUTH_DEPARTMENT t
		where ID = #{id}
	</select>

	<select id="selectDepartmentForManager" resultMap="BaseResultMapDepartmentUserInfo">
		select * from (select
		 <include refid="BaseColumnListDepartment" />
		,<include refid="BaseColumnListDepartmentUserInfo" />
		,nvl(t.update_time,t.CREATE_TIME) times
	  from tb_auth_department t
	  left join tb_auth_department t1 on t.parent_id = t1.id
	  left join tb_auth_user au on au.id = t.update_user
	  left join tb_auth_user au1 on au1.id = t.create_user
	    	where 1=1
		<if test="name !=null  and name !='' ">
			and t.name like '%' ||TRIM(#{name})|| '%'
		</if>
		<if test="valid !=null">
			and t.valid = #{valid}
		</if>
		) order by times desc
	</select>
	
	<select id="selectDepartmentForManagerNew" resultMap="BaseResultMapDepartmentUserInfo">
		select aa.* from  (select
		 <include refid="BaseColumnListDepartment" />
		,<include refid="BaseColumnListDepartmentUserInfo" />
	  from tb_auth_department t
	  left join tb_auth_department t1 on t.parent_id = t1.id
	  left join tb_auth_user au on au.id = t.update_user
	  left join tb_auth_user au1 on au1.id = t.create_user
	   START WITH 1=1
		CONNECT BY PRIOR t.ID = t.PARENT_ID  ) aa
		where 1=1
		<if test="name !=null  and name !='' ">
			and aa.name like '%' ||TRIM(#{name})|| '%'
		</if>
		<if test="valid !=null">
			and aa.valid = #{valid}
		</if>
	  union
		
	 select
		 <include refid="BaseColumnListDepartment" />
		,<include refid="BaseColumnListDepartmentUserInfo" />
	  from tb_auth_department t
	  left join tb_auth_department t1 on t.parent_id = t1.id
	  left join tb_auth_user au on au.id = t.update_user
	  left join tb_auth_user au1 on au1.id = t.create_user
	   START WITH 1=1
	   <if test="name !=null  and name !='' ">
			and t.name like '%' ||TRIM(#{name})|| '%'
		</if>
		<if test="valid !=null">
			and t.valid = #{valid}
		</if>
		CONNECT BY PRIOR  t.PARENT_ID = t.ID 
	</select>
	
	<select id="selectDepartmentItemForManager" resultMap="BaseResultMapDepartmentUserInfo">
		select * from (select
		 <include refid="BaseColumnListDepartment" />
		,<include refid="BaseColumnListDepartmentUserInfo" />
		,nvl(t.update_time,t.CREATE_TIME) times
	  from tb_auth_department t
	  left join tb_auth_department t1 on t.parent_id = t1.id
	  left join tb_auth_user au on au.id = t.update_user
	  left join tb_auth_user au1 on au1.id = t.create_user
	    	where 1=1
		<if test="name !=null  and name !='' ">
			and t.name like '%' ||TRIM(#{name})|| '%'
		</if>
		<if test="valid !=null">
			and t.valid = #{valid}
		</if>
		) order by times desc
	</select>

	<select id="initParentDeptOptions" resultType="com.spring.scenic.system.domain.Department">
		<![CDATA[
		select t.id, t.name,t.parent_id parentId,t.valid
       		from tb_auth_department t
      		where id not in
            (select id from tb_auth_department
              	where name = (select name from tb_auth_department where id = #{id,jdbcType=DECIMAL}))
              	and t.parent_id is null
		 ]]>

	</select>
	<select id="initItemDeptOptions" resultType="com.spring.scenic.system.domain.Department">
		<![CDATA[
		select t.id, t.name,t.parent_id parentId
       		from tb_auth_department t
      		where id not in
            (select id from tb_auth_department
              	where name = (select name from tb_auth_department where id = #{id,jdbcType=DECIMAL}))
		 ]]>

	</select>

	<select id="selectDeptByPrimaryKey" resultMap="BaseResultMapDepartmentUserInfo">
		select
		<include refid="BaseColumnListDepartment" />
		,<include refid="BaseColumnListDepartmentUserInfo" />
	  from tb_auth_department t
	  left join tb_auth_department t1 on t.parent_id = t1.id
	  left join tb_auth_user au on au.id = t.update_user
	  left join tb_auth_user au1 on au1.id = t.create_user
		  where t.id = #{id,jdbcType=DECIMAL}
	</select>

	<select id="selectByPrimaryIdList" resultMap="BaseResultMapDepartmentUserInfo">
		select
		<include refid="BaseColumnListDepartment" />
		,<include refid="BaseColumnListDepartmentUserInfo" />
	  from tb_auth_department t
	  left join tb_auth_department t1 on t.parent_id = t1.id
	  left join tb_auth_user au on au.id = t.update_user
	  left join tb_auth_user au1 on au1.id = t.create_user
		  where t.id in
	  <foreach collection="list" index="index" item="item" open="(" separator="," close=")">
        	#{item}
    	</foreach>
    	and t.parent_id is null
	</select>

	 <insert id="insertDepartment">
 		<selectKey keyProperty="id" order="BEFORE" resultType="java.lang.Integer">
			select seq_tb_auth_department.nextval from dual
		</selectKey>
	    insert into tb_auth_department
	    <trim prefix="(" suffix=")" suffixOverrides="," >
	      <if test="id != null" >
	        ID,
	      </if>
	      <if test="name != null" >
	        NAME,
	      </if>
	      <if test="parentId != null" >
	        PARENT_ID,
	      </if>
	      <if test="remarks != null" >
	        REMARKS,
	      </if>
	      <if test="type != null" >
	        TYPE,
	      </if>
	      <if test="valid != null" >
	        VALID,
	      </if>
	      <if test="createTime != null" >
	        CREATE_TIME,
	      </if>
	      <if test="createUserId != null" >
	        CREATE_USER,
	      </if>
	      <if test="updateTime != null" >
	        UPDATE_TIME,
	      </if>
	      <if test="updateUserId != null" >
	        UPDATE_USER
	      </if>
	      <if test="guid != null" >
	        GUID
	      </if>
	    </trim>
	    <trim prefix="values (" suffix=")" suffixOverrides="," >
	      <if test="id != null" >
	        #{id,jdbcType=DECIMAL},
	      </if>
	      <if test="name != null" >
	        #{name,jdbcType=VARCHAR},
	      </if>
	      <if test="parentId != null" >
	        #{parentId,jdbcType=DECIMAL},
	      </if>
	      <if test="remarks != null" >
	        #{remarks,jdbcType=VARCHAR},
	      </if>
	      <if test="type != null" >
	        #{type,jdbcType=DECIMAL},
	      </if>
	      <if test="valid != null" >
	        #{valid,jdbcType=DECIMAL},
	      </if>
	      <if test="createTime != null" >
	        #{createTime,jdbcType=TIMESTAMP},
	      </if>
	      <if test="createUserId != null" >
	        #{createUserId,jdbcType=DECIMAL},
	      </if>
	      <if test="updateTime != null" >
	        #{updateTime,jdbcType=TIMESTAMP},
	      </if>
	      <if test="updateUserId != null" >
	        #{updateUserId,jdbcType=DECIMAL}
	      </if>
	      <if test="guid != null" >
	        #{guid,jdbcType=DECIMAL}
	      </if>
	    </trim>
  </insert>
	
	<update id="updateDepartment">
		update tb_auth_department
		 	set
			  	NAME = #{name,jdbcType=VARCHAR},
			 	PARENT_ID = #{parentId,jdbcType=DECIMAL},
			  	REMARKS = #{remarks,jdbcType=VARCHAR},
			  	valid = #{valid,jdbcType=DECIMAL},
			 	UPDATE_USER = #{updateUserId,jdbcType=DECIMAL},
			    UPDATE_TIME = sysdate
		where ID = #{id,jdbcType=DECIMAL}
	</update>


	<update id="updateForbiddenOrUseData">
		update tb_auth_department 
		  <set>
			  <if test="valid != null" >
			 	 valid = #{valid,jdbcType=DECIMAL},
			  </if>
			  	 update_time = sysdate,
			  <if test="updateUserId != null" >
			  	 update_user = #{updateUserId,jdbcType=DECIMAL}
			  </if>
		  </set>
		  where id = #{id,jdbcType=DECIMAL}
	</update>
	
	<update id="updateForbiddenItemDept">
		update tb_auth_department 
		  <set>
			  <if test="valid != null" >
			  	valid = #{valid,jdbcType=DECIMAL},
			  </if>
			  update_time = sysdate,
			  <if test="updateUserId != null" >
			  	update_user = #{updateUserId,jdbcType=DECIMAL}
			  </if>
		  </set>
		  where parent_id = #{id,jdbcType=DECIMAL}
	</update>

    <select id="initParentDeptOptionsNew" resultType="com.spring.scenic.system.domain.ZtreeDept">
        
		select t.id id,
				NVL(t.parent_id,0) pId,
				t.name name,
				DECODE(t.valid,'0','true','1','false') chkDisabled
       		from tb_auth_department t
			where t.id not in (
	           select t.id from tb_auth_department t
	           start with 1=2 
	            <if test="id != null and id !=''"  >
			  		or	t.id = #{id,jdbcType=DECIMAL}
			  	</if>
	           connect by prior t.id = t.parent_id
	           )
		 
    </select>

</mapper>