<?xml version="1.0" encoding="UTF-8"?>
<!DOCTYPE mapper PUBLIC "-//mybatis.org//DTD Mapper 3.0//EN" "http://mybatis.org/dtd/mybatis-3-mapper.dtd">
<mapper namespace="com.spring.scenic.system.infrastructure.ScenicDepartmentMapper">
	
	<select id="selectScenicDepartmentForManager" 
		resultType="com.spring.scenic.system.domain.ScenicDepartment">
			  select t.id,
	           t.name name,
	           t.parent_id parentId,
	           t.remarks remarks,
	           t.type type,
	           t.valid,
	           t.create_user createUser,
	           au.truename createUserName,
	           t.create_time createTime,
	           t.update_user updateUser,
	           t.update_time updateTime,
	           t.guid
	      from TB_AUTH_DEPARTMENT t
	      left join tb_auth_user au on au.id = t.create_user
			where 1=1
			<if test="name !=null  and name !='' ">
				and t.name like '%' ||TRIM(#{name})|| '%'
			</if>
			<if test="valid !=null  and valid !='' ">
				and t.valid = #{valid}
			</if>
	</select>

	<select id="selectScenicDepartmentByCriteria"
		resultType="com.spring.scenic.system.domain.ScenicDepartment">
		select t.id,
		       t.name name,
		       t.parent_id parentId,
		       t.remarks remarks,
		       t.type type,
		       t.valid,
		       t.create_user createUser,
		       t.create_time createTime,
		       t.update_user updateUser,
		       t.update_time updateTime,
		       t.guid
		  from TB_AUTH_DEPARTMENT t
		where 1=1
		<if test="name !=null  and name !='' ">
			and t.name like '%' ||TRIM(#{name})|| '%'
		</if>
		<if test="type !=null  and type !='' ">
			and t.type =#type#
		</if>
		<if test="valid !=null">
			and t.valid = #{valid}
		</if>

	</select>

	<select id="selectByPrimaryKey" parameterType="java.lang.Integer"
		resultType="com.spring.scenic.system.domain.ScenicDepartment">
		select t.id,
		       t.name name,
		       t.parent_id parentId,
		       t.remarks remarks,
		       t.type type,
		       t.valid,
		       t.create_user createUser,
		       t.create_time createTime,
		       t.update_user updateUser,
		       t.update_time updateTime,
		       t.guid
		  from TB_AUTH_DEPARTMENT t
		where ID = #{id,jdbcType=DECIMAL}
	</select>
	
	<delete id="deleteByPrimaryKey" parameterType="java.lang.Integer">
		delete from
		TB_AUTH_DEPARTMENT
		where ID = #{id,jdbcType=DECIMAL}
	</delete>
	
	<insert id="insert">
		<selectKey keyProperty="id" order="BEFORE" resultType="java.lang.Integer">
			select seq_tb_auth_department.nextval from dual
		</selectKey>
		insert into TB_AUTH_DEPARTMENT
	        (ID,
	         NAME,
	         PARENT_ID,
	         REMARKS,
	         TYPE,
	         valid,
	         CREATE_TIME,
	         CREATE_USER,
	         UPDATE_USER,
	         UPDATE_TIME,
	         GUID)
	      values ( #{id,jdbcType=DECIMAL},
	        #{name,jdbcType=VARCHAR},
	        #{parentId,jdbcType=DECIMAL},
	        #{remarks,jdbcType=VARCHAR},
	        #{type,jdbcType=DECIMAL},
	        #{valid,jdbcType=DECIMAL},
	        sysdate,
	      	#{createUser,jdbcType=DECIMAL},
	      	#{updateUser,jdbcType=DECIMAL},
	      	#{updateTime,jdbcType=DATE},
	      	#{guid,jdbcType=VARCHAR}
	      )
	</insert>
	
	<update id="updateByPrimaryKey">
        update TB_AUTH_DEPARTMENT
         set 
             NAME = #{name,jdbcType=VARCHAR},
             PARENT_ID = #{parentId,jdbcType=DECIMAL},
             REMARKS = #{remarks,jdbcType=VARCHAR},
             TYPE = #{type,jdbcType=DECIMAL},
             valid = #{valid,jdbcType=DECIMAL},
             UPDATE_USER = #{updateUser,jdbcType=DECIMAL},
             UPDATE_TIME = sysdate,
             GUID = #{guid,jdbcType=VARCHAR}
		where ID = #{id,jdbcType=DECIMAL}
	</update>
	
	<update id="forbiddenOrUseData">
		 update TB_AUTH_DEPARTMENT
         	set 
             valid = #{valid,jdbcType=DECIMAL},
             UPDATE_USER = #{updateUser,jdbcType=DECIMAL},
             UPDATE_TIME = sysdate
		where ID = #{id,jdbcType=DECIMAL}
	</update>
	
</mapper>