<?xml version="1.0" encoding="UTF-8" ?>
<!DOCTYPE mapper PUBLIC "-//mybatis.org//DTD Mapper 3.0//EN" "http://mybatis.org/dtd/mybatis-3-mapper.dtd" >
<mapper namespace="com.spring.scenic.order.infrastructure.OrderInvoiceMapper">

	<resultMap id="BaseResultMap" type="com.spring.scenic.order.domain.OrderInvoice">
		<id column="ID" property="id" jdbcType="DECIMAL" />
		<result column="TYPE" property="type" jdbcType="DECIMAL" />
		<result column="ORDER_NO" property="orderNo" jdbcType="VARCHAR" />
		<result column="PHONE" property="phone" jdbcType="VARCHAR" />
		<result column="TITLE" property="title" jdbcType="VARCHAR" />
		<result column="EMAIL" property="email" jdbcType="VARCHAR" />
		<result column="TAKE_ADDRESS" property="takeAddress" jdbcType="VARCHAR" />
		<result column="GAIN_TYPE" property="gainType" jdbcType="DECIMAL" />
		<result column="CREATE_USER" property="createUser" jdbcType="DECIMAL" />
		<result column="CREATE_TIME" property="createTime" jdbcType="TIMESTAMP" />
		<result column="UPDATE_USER" property="updateUser" jdbcType="DECIMAL" />
		<result column="UPDATE_TIME" property="updateTime" jdbcType="TIMESTAMP" />
	</resultMap>

	<sql id="Base_Column_List">
		toi.ID, toi.TYPE, toi.ORDER_NO, toi.PHONE, toi.TITLE, toi.EMAIL, toi.CREATE_USER,
		toi.CREATE_TIME,
		toi.UPDATE_USER, toi.UPDATE_TIME,toi.TAKE_ADDRESS,toi.GAIN_TYPE
	</sql>

	<select id="selectByOrderNo" resultMap="BaseResultMap"
		parameterType="java.lang.String">
		select
		<include refid="Base_Column_List" />
		from TB_ORDER_INVOICE toi
		where 1=1 AND toi.ORDER_NO = #{orderNo,jdbcType=VARCHAR} 
	</select>
	
	<select id="selectOrderInvoice" resultMap="BaseResultMap"
		parameterType="java.lang.Integer">
		select
		<include refid="Base_Column_List" />
		from TB_ORDER t LEFT JOIN TB_ORDER_INVOICE toi on t.ORDER_NO = toi.ORDER_NO
		where 1=1 AND t.ID = #{orderId,jdbcType=DECIMAL} 
	</select>

	<delete id="deleteByPrimaryKey" parameterType="java.lang.Integer">
		delete from
		TB_ORDER_INVOICE
		where ID = #{id,jdbcType=DECIMAL}
	</delete>

	<update id="updateByPrimaryKeySelective" parameterType="com.spring.scenic.order.domain.OrderInvoice">
		update TB_ORDER_INVOICE
		<set>
			<if test="type != null">
				TYPE = #{type,jdbcType=DECIMAL},
			</if>
			<if test="orderNo != null">
				ORDER_NO = #{orderNo,jdbcType=VARCHAR},
			</if>
			<if test="phone != null">
				PHONE = #{phone,jdbcType=VARCHAR},
			</if>
			<if test="title != null">
				TITLE = #{title,jdbcType=VARCHAR},
			</if>
			<if test="email != null">
				EMAIL = #{email,jdbcType=VARCHAR},
			</if>
			<if test="createUser != null">
				CREATE_USER = #{createUser,jdbcType=DECIMAL},
			</if>
			<if test="createTime != null">
				CREATE_TIME = #{createTime,jdbcType=TIMESTAMP},
			</if>
			<if test="updateUser != null">
				UPDATE_USER = #{updateUser,jdbcType=DECIMAL},
			</if>
			<if test="updateTime != null">
				UPDATE_TIME = #{updateTime,jdbcType=TIMESTAMP},
			</if>
			<if test="gainType != null">
				GAIN_TYPE = #{gainType,jdbcType=DECIMAL},
			</if>
			<if test="takeAddress != null">
				TAKE_ADDRESS = #{takeAddress,jdbcType=VARCHAR},
			</if>
		</set>
		where ID = #{id,jdbcType=DECIMAL}
	</update>

	<update id="updateByPrimaryKey" parameterType="com.spring.scenic.order.domain.OrderInvoice">
		update
		TB_ORDER_INVOICE
		set TYPE = #{type,jdbcType=DECIMAL},
		ORDER_NO =
		#{orderNo,jdbcType=VARCHAR},
		PHONE = #{phone,jdbcType=VARCHAR},
		TITLE =
		#{title,jdbcType=VARCHAR},
		EMAIL = #{email,jdbcType=VARCHAR},
		CREATE_USER = #{createUser,jdbcType=DECIMAL},
		CREATE_TIME =
		#{createTime,jdbcType=TIMESTAMP},
		UPDATE_USER =
		#{updateUser,jdbcType=DECIMAL},	
		TAKE_ADDRESS = #{takeAddress,jdbcType=VARCHAR},
		GAIN_TYPE = #{gainType,jdbcType=DECIMAL},
		UPDATE_TIME =
		#{updateTime,jdbcType=TIMESTAMP}
		where ID = #{id,jdbcType=DECIMAL}
	</update>
	<insert id="insert" parameterType="com.spring.scenic.order.domain.OrderInvoice">
		insert into tb_order_invoice
		(id, type, order_no, phone, title, email, create_user, create_time,
		update_user, update_time,GAIN_TYPE,TAKE_ADDRESS)
		values
		(seq_tb_order_invoice.nextval,
		#{type,jdbcType=DECIMAL},#{orderNo,jdbcType=VARCHAR},#{phone,jdbcType=VARCHAR},#{title,jdbcType=VARCHAR},#{email,jdbcType=VARCHAR}
		,#{createUser,jdbcType=DECIMAL}
		,#{createTime,jdbcType=TIMESTAMP}
		,#{updateUser,jdbcType=DECIMAL}
		,#{updateTime,jdbcType=TIMESTAMP},#{gainType,jdbcType=DECIMAL},#{takeAddress,jdbcType=VARCHAR})
	</insert>
</mapper>