<?xml version="1.0" encoding="UTF-8"?>
<!DOCTYPE mapper PUBLIC "-//mybatis.org//DTD Mapper 3.0//EN" "http://mybatis.org/dtd/mybatis-3-mapper.dtd">
<mapper namespace="com.spring.scenic.order.infrastructure.OrderLinkmanDocMapper">
  <resultMap id="BaseResultMap" type="com.spring.scenic.order.domain.OrderLinkmanDoc">
    <id column="ID" jdbcType="DECIMAL" property="id" />
    <result column="REF_ID" jdbcType="DECIMAL" property="refId" />
    <result column="DOCUMENT_ID" jdbcType="DECIMAL" property="documentId" />
    <result column="DOCUMENT_NAME" jdbcType="VARCHAR" property="documentName" />
    <result column="DOCUMENT_NO" jdbcType="VARCHAR" property="documentNo" />
    <result column="IS_DEFAULT" jdbcType="DECIMAL" property="isDefault" />
  </resultMap>
  <sql id="Base_Column_List">
    ID, REF_ID, DOCUMENT_ID, DOCUMENT_NAME, DOCUMENT_NO, IS_DEFAULT
  </sql>
  <select id="selectByPrimaryKey" parameterType="java.lang.Integer" resultMap="BaseResultMap">
    select 
    <include refid="Base_Column_List" />
    from TB_ORDER_LINKMAN_DOC
    where ID = #{id,jdbcType=DECIMAL}
  </select>
  <delete id="deleteByPrimaryKey" parameterType="java.lang.Integer">
    delete from TB_ORDER_LINKMAN_DOC
    where ID = #{id,jdbcType=DECIMAL}
  </delete>
  <insert id="insert" parameterType="com.spring.scenic.order.domain.OrderLinkmanDoc">
    insert into TB_ORDER_LINKMAN_DOC (ID, REF_ID, DOCUMENT_ID, 
      DOCUMENT_NAME, DOCUMENT_NO, IS_DEFAULT
      )
    values (#{id,jdbcType=DECIMAL}, #{refId,jdbcType=DECIMAL}, #{documentId,jdbcType=DECIMAL}, 
      #{documentName,jdbcType=VARCHAR}, #{documentNo,jdbcType=VARCHAR}, #{isDefault,jdbcType=DECIMAL}
      )
  </insert>
  <insert id="insertSelective" parameterType="com.spring.scenic.order.domain.OrderLinkmanDoc">
  <selectKey  keyProperty="id" order="BEFORE" resultType="java.lang.Integer" >
		      	SELECT SEQ_TB_ORDER_LINKMAN_DOC.nextval FROM dual
		       </selectKey>
    insert into TB_ORDER_LINKMAN_DOC
    <trim prefix="(" suffix=")" suffixOverrides=",">
      <if test="id != null">
        ID,
      </if>
      <if test="refId != null">
        REF_ID,
      </if>
      <if test="documentId != null">
        DOCUMENT_ID,
      </if>
      <if test="documentName != null">
        DOCUMENT_NAME,
      </if>
      <if test="documentNo != null">
        DOCUMENT_NO,
      </if>
      <if test="isDefault != null">
        IS_DEFAULT,
      </if>
    </trim>
    <trim prefix="values (" suffix=")" suffixOverrides=",">
      <if test="id != null">
        #{id,jdbcType=DECIMAL},
      </if>
      <if test="refId != null">
        #{refId,jdbcType=DECIMAL},
      </if>
      <if test="documentId != null">
        #{documentId,jdbcType=DECIMAL},
      </if>
      <if test="documentName != null">
        #{documentName,jdbcType=VARCHAR},
      </if>
      <if test="documentNo != null">
        #{documentNo,jdbcType=VARCHAR},
      </if>
      <if test="isDefault != null">
        #{isDefault,jdbcType=DECIMAL},
      </if>
    </trim>
  </insert>
  <insert id="batchInsert" parameterType="java.util.List">
		  		<selectKey  keyProperty="id" order="BEFORE" resultType="java.lang.Integer" >
		      	SELECT seq_tb_product.nextval FROM dual
		       </selectKey>
				insert into tb_order_linkman_doc
				  (id, ref_id, document_id, document_name, document_no, is_default)
				values
				  (#{id,jdbcType=DECIMAL},#{refId}, #{documentId},#{documentName}, #{documentNo},#{isDefault})
  </insert>
  <select id="selectByOrderId" parameterType = "java.lang.Integer" resultMap="BaseResultMap">
  select 
    ID, REF_ID, DOCUMENT_ID, DOCUMENT_NAME, DOCUMENT_NO, IS_DEFAULT
    from TB_ORDER_LINKMAN_DOC
    where REF_ID = #{orderId,jdbcType = DECIMAL} and is_default = 1
  </select>
  <update id="updateByPrimaryKeySelective" parameterType="com.spring.scenic.order.domain.OrderLinkmanDoc">
    update TB_ORDER_LINKMAN_DOC
    <set>
      <if test="refId != null">
        REF_ID = #{refId,jdbcType=DECIMAL},
      </if>
      <if test="documentId != null">
        DOCUMENT_ID = #{documentId,jdbcType=DECIMAL},
      </if>
      <if test="documentName != null">
        DOCUMENT_NAME = #{documentName,jdbcType=VARCHAR},
      </if>
      <if test="documentNo != null">
        DOCUMENT_NO = #{documentNo,jdbcType=VARCHAR},
      </if>
      <if test="isDefault != null">
        IS_DEFAULT = #{isDefault,jdbcType=DECIMAL},
      </if>
    </set>
    where ID = #{id,jdbcType=DECIMAL}
  </update>
  <update id="updateByPrimaryKey" parameterType="com.spring.scenic.order.domain.OrderLinkmanDoc">
    update TB_ORDER_LINKMAN_DOC
    set REF_ID = #{refId,jdbcType=DECIMAL},
      DOCUMENT_ID = #{documentId,jdbcType=DECIMAL},
      DOCUMENT_NAME = #{documentName,jdbcType=VARCHAR},
      DOCUMENT_NO = #{documentNo,jdbcType=VARCHAR},
      IS_DEFAULT = #{isDefault,jdbcType=DECIMAL}
    where ID = #{id,jdbcType=DECIMAL}
  </update>
</mapper>